schema_version,requested_action,catalog_key,sense_key,record_revision,catalog_status,term,lemma,part_of_speech,level,category,definition_zh,accepted_answers_zh,prompt_en,prompt_zh,phonetic_ipa,example_en,example_zh,accepted_forms_en,synonyms_en,antonyms_en,enable_en_to_zh,distractor_zh_1,distractor_zh_2,distractor_zh_3,distractor_zh_4,distractor_zh_5,distractor_zh_6,enable_zh_to_en,distractor_en_1,distractor_en_2,distractor_en_3,distractor_en_4,distractor_en_5,distractor_en_6,source_reference,contributor_ref,change_note,retirement_reason
word-catalog-v1,CREATE_DRAFT,,,,,alarm clock,alarm clock,noun,A2,home-household,鬧鐘,,,,,,,,,,TRUE,浴缸,開關,柵欄,相機,系統,烤箱,TRUE,loudspeaker,coffee maker,flashlight,electricity,toaster oven,dishwasher,,,,
word-catalog-v1,CREATE_DRAFT,,,,,equipment,equipment,noun,A2,home-household,設備,,,,,,,,,,TRUE,窗簾,燈光,毛巾,入口,烤箱,柵欄,TRUE,telephone,toothpaste,bookshelf,flashlight,scissors,furniture,,,,
word-catalog-v1,CREATE_DRAFT,,,,,device,device,noun,A2,home-household,裝置,,,,,,,,appliance,,TRUE,坐廁,風筒,牙膏,設備,紙巾,走廊,TRUE,socket,switch,system,toilet,mailbox,bathtub,,,,
word-catalog-v1,CREATE_DRAFT,,,,,loudspeaker,loudspeaker,noun,A2,home-household,揚聲器,,,,,,,,,,TRUE,洗手盆,吸塵器,遙控器,冷氣機,洗碗機,暖爐,TRUE,light bulb,dishwasher,electricity,coffee maker,toothpaste,hair dryer,,,,
word-catalog-v1,CREATE_DRAFT,,,,,camera,camera,noun,A2,home-household,相機,,,,,,,,,,TRUE,走廊,鄰里,熨斗,浴缸,鑰匙,書架,TRUE,toilet,device,switch,mirror,socket,tissue,,,,
word-catalog-v1,CREATE_DRAFT,,,,,dishwasher,dishwasher,noun,A2,home-household,洗碗機,,,,,,,,,,TRUE,冷氣機,吸塵器,遙控器,咖啡機,揚聲器,線路,TRUE,flashlight,light bulb,toothpaste,hair dryer,alarm clock,bookshelf,,,,
word-catalog-v1,CREATE_DRAFT,,,,,washing machine,washing machine,noun,A2,home-household,洗衣機,,,,,,,,,,TRUE,遙控器,冷氣機,吸塵器,咖啡機,樓梯,紙巾,TRUE,air conditioner,emergency exit,remote control,smoke detector,vacuum cleaner,alarm clock,,,,
word-catalog-v1,CREATE_DRAFT,,,,,oven,oven,noun,A2,home-household,烤箱,,,,,,,,,,TRUE,熨斗,電纜,坐廁,電筒,設備,系統,TRUE,gate,hall,lock,line,sink,work,,,,
word-catalog-v1,CREATE_DRAFT,,,,,coffee maker,coffee maker,noun,A2,home-household,咖啡機,,,,,,,,,,TRUE,冷氣機,收音機,洗衣機,洗手盆,吸塵器,遙控器,TRUE,toaster oven,alarm clock,neighborhood,electricity,hair dryer,light bulb,,,,
word-catalog-v1,CREATE_DRAFT,,,,,toaster oven,toaster oven,noun,A2,home-household,小型焗爐,,,,,,,,,,TRUE,緊急出口,電源插座,冷氣機,遙控器,吸塵器,揚聲器,TRUE,neighborhood,coffee maker,alarm clock,electricity,loudspeaker,hair dryer,,,,
word-catalog-v1,CREATE_DRAFT,,,,,air conditioner,air conditioner,noun,A2,home-household,冷氣機,,,,,,,,,,TRUE,吸塵器,洗碗機,洗衣機,揚聲器,煤氣,柵欄,TRUE,washing machine,emergency exit,remote control,vacuum cleaner,smoke detector,alarm clock,,,,
word-catalog-v1,CREATE_DRAFT,,,,,heater,heater,noun,A2,home-household,暖爐,,,,,,,,,,TRUE,設備,鏡子,窗簾,牙膏,傢俱,樓梯,TRUE,device,tissue,toilet,system,switch,curtain,,,,
word-catalog-v1,CREATE_DRAFT,,,,,radio,radio,noun,A2,home-household,收音機,,,,,,,,,,TRUE,咖啡機,揚聲器,吸塵器,洗手盆,遙控器,冷氣機,TRUE,razor,level,fence,switch,towel,stair,,,,
word-catalog-v1,CREATE_DRAFT,,,,,telephone,telephone,noun,A2,home-household,電話,,,,,,,,,,TRUE,線路,鬧鐘,地毯,書架,柵欄,鄰里,TRUE,furniture,equipment,bookshelf,hair dryer,entrance,scissors,,,,
word-catalog-v1,CREATE_DRAFT,,,,,line,line,noun,A2,home-household,線路,,,,,The phone line is not working.,電話線路壞了。,,,,TRUE,毛巾,餐巾,柵欄,鏡子,燈泡,風筒,TRUE,iron,gate,lock,sink,hall,cable,,,,
word-catalog-v1,CREATE_DRAFT,,,,,hair dryer,hair dryer,noun,A2,home-household,風筒,,,,,,,,,,TRUE,毛巾,信箱,電話,窗簾,烤箱,電纜,TRUE,toothpaste,flashlight,alarm clock,dishwasher,electricity,equipment,,,,
word-catalog-v1,CREATE_DRAFT,,,,,fan,fan,noun,A2,home-household,風扇,,,,,Please turn on the fan.,請開風扇。,,,,TRUE,紙巾,設備,熨斗,牙膏,鄰里,樓梯,TRUE,key,gas,oven,iron,line,lock,,,,
word-catalog-v1,CREATE_DRAFT,,,,,vacuum cleaner,vacuum cleaner,noun,A2,home-household,吸塵器,,,,,,,,,,TRUE,洗衣機,咖啡機,洗碗機,洗手盆,冷氣機,遙控器,TRUE,smoke detector,emergency exit,remote control,air conditioner,washing machine,neighborhood,,,,
word-catalog-v1,CREATE_DRAFT,,,,,iron,iron,noun,A2,home-household,熨斗,,,,,The iron is still hot.,熨斗仍然很熱。,,,,TRUE,系統,浴缸,開關,窗簾,鑰匙,電話,TRUE,hall,work,oven,heat,line,fence,,,,
word-catalog-v1,CREATE_DRAFT,,,,,remote control,remote control,noun,A2,home-household,遙控器,,,,,,,,,,TRUE,洗碗機,冷氣機,洗衣機,洗手盆,柵欄,揚聲器,TRUE,vacuum cleaner,air conditioner,emergency exit,smoke detector,washing machine,coffee maker,,,,
word-catalog-v1,CREATE_DRAFT,,,,,smoke detector,smoke detector,noun,A2,home-household,煙霧探測器,,,,,,,,,,TRUE,小型焗爐,電源插座,緊急出口,洗手盆,咖啡機,洗碗機,TRUE,remote control,emergency exit,vacuum cleaner,washing machine,air conditioner,loudspeaker,,,,
word-catalog-v1,CREATE_DRAFT,,,,,turn on,turn on,phrasal_verb,A2,home-household,打開,,,,,Please turn on the light.,請開燈。,,,,TRUE,關閉,搬入,搬出,運作,居住,使用,TRUE,move in,move out,turn off,light,repair,live,,,,
word-catalog-v1,CREATE_DRAFT,,,,,turn off,turn off,phrasal_verb,A2,home-household,關閉,,,,,Turn off the computer before you leave.,離開前請關掉電腦。,,,,TRUE,搬出,搬入,打開,修理,居住,運作,TRUE,move out,turn on,move in,repair,live,light,,,,
word-catalog-v1,CREATE_DRAFT,,,,,work,work,verb,A2,home-household,運作,,,,,The machine does not work properly.,這部機器運作不正常。,,,,TRUE,居住,關閉,使用,修理,租,搬入,TRUE,live,lock,use,rent,light,repair,,,,
word-catalog-v1,CREATE_DRAFT,,,,,broken,broken,adjective,A2,home-household,壞的,,,,,,,,,,TRUE,舒適的,晴朗,更好,免費,負的,遠的,TRUE,light,cozy,absent,golden,social,active,,,,
word-catalog-v1,CREATE_DRAFT,,,,,use,use,verb,A2,home-household,使用,,,,,,,,,,TRUE,關閉,運作,修理,租,居住,搬出,TRUE,lock,rent,live,work,light,repair,,,,
word-catalog-v1,CREATE_DRAFT,,,,,system,system,noun,A2,home-household,系統,,,,,,,,,,TRUE,地毯,樓梯,電話,墊子,窗簾,走廊,TRUE,camera,heater,socket,device,carpet,mailbox,,,,
word-catalog-v1,CREATE_DRAFT,,,,,repair,repair,verb,A2,home-household,修理,,,,,,,,,,TRUE,使用,居住,關閉,運作,租,打開,TRUE,light,work,live,lock,rent,use,,,,
word-catalog-v1,CREATE_DRAFT,,,,,flashlight,flashlight,noun,A2,home-household,電筒,,,,,,,,,,TRUE,燈光,系統,暖氣,牙膏,煤氣,電話,TRUE,dishwasher,light bulb,hair dryer,toothpaste,bookshelf,equipment,,,,
word-catalog-v1,CREATE_DRAFT,,,,,carpet,carpet,noun,A2,home-household,地毯,,,,,,,,,,TRUE,煤氣,坐廁,餐巾,電話,紙巾,風扇,TRUE,mirror,socket,switch,heater,tissue,device,,,,
word-catalog-v1,CREATE_DRAFT,,,,,furniture,furniture,noun,A2,home-household,傢俱,,,,,,,,,,TRUE,暖氣,開關,系統,柵欄,電話,入口,TRUE,equipment,telephone,bookshelf,toothpaste,hair dryer,flashlight,,,,
word-catalog-v1,CREATE_DRAFT,,,,,fashion,fashion,noun,A2,clothing-appearance,時尚,,,,,,,,,,TRUE,腰帶,眼鏡,鏈子,服裝,笑容,雨傘,TRUE,glasses,uniform,earring,perfume,wallet,shorts,,,,
word-catalog-v1,CREATE_DRAFT,,,,,clothing,clothing,noun,A2,clothing-appearance,服裝,,,,,,,,,,TRUE,時尚,腰帶,耳環,口袋,短褲,紐扣,TRUE,umbrella,accessory,necklace,jewellery,fashion,briefcase,,,,
word-catalog-v1,CREATE_DRAFT,,,,,blouse,blouse,noun,A2,clothing-appearance,女裝恤衫,,,,,,,,,,TRUE,太陽眼鏡,外貌,手鐲,錢包,鏈子,帽子,TRUE,pocket,wallet,button,watch,uniform,shorts,,,,
word-catalog-v1,CREATE_DRAFT,,,,,shorts,shorts,noun,A2,clothing-appearance,短褲,,,,,,,,,,TRUE,帽子,外貌,鏈子,鬍鬚,配件,腰帶,TRUE,glasses,blouse,button,earring,beard,smile,,,,
word-catalog-v1,CREATE_DRAFT,,,,,pocket,pocket,noun,A2,clothing-appearance,口袋,,,,,,,,,,TRUE,短褲,香水,外貌,鬍鬚,眼鏡,腰帶,TRUE,button,blouse,wallet,perfume,smile,beard,,,,
word-catalog-v1,CREATE_DRAFT,,,,,button,button,noun,A2,clothing-appearance,紐扣,,,,,,,,,,TRUE,服裝,鏈子,健康,口袋,帽子,腰帶,TRUE,pocket,wallet,shorts,uniform,smile,watch,,,,
word-catalog-v1,CREATE_DRAFT,,,,,uniform,uniform,noun,A2,clothing-appearance,制服,,,,,,,,,,TRUE,珠寶,耳環,服裝,手鐲,眼鏡,時尚,TRUE,glasses,fashion,pocket,necklace,perfume,earring,,,,
word-catalog-v1,CREATE_DRAFT,,,,,umbrella,umbrella,noun,A2,clothing-appearance,雨傘,,,,,,,,,,TRUE,腰帶,鏈子,紐扣,耳環,制服,服裝,TRUE,bracelet,clothing,uniform,glasses,fashion,necklace,,,,
word-catalog-v1,CREATE_DRAFT,,,,,accessory,accessory,noun,A2,clothing-appearance,配件,,,,,,,,,,TRUE,鏈子,眼鏡,珠寶,時尚,戒指,項鍊,TRUE,briefcase,moustache,jewellery,appearance,sunglasses,clothing,,,,
word-catalog-v1,CREATE_DRAFT,,,,,watch,watch,noun,A2,clothing-appearance,手錶,,,,,,,,,,TRUE,項鍊,口袋,雨傘,眼鏡,香水,鬍子,TRUE,beard,chain,button,smile,wallet,shorts,,,,
word-catalog-v1,CREATE_DRAFT,,,,,glasses,glasses,noun,A2,clothing-appearance,眼鏡,,,,,,,,,,TRUE,鬍鬚,鬍子,腰帶,手鐲,時尚,耳環,TRUE,earring,fashion,wallet,perfume,shorts,button,,,,
word-catalog-v1,CREATE_DRAFT,,,,,sunglasses,sunglasses,noun,A2,clothing-appearance,太陽眼鏡,,,,,,,,,,TRUE,女裝恤衫,笑容,帽子,公文包,錢包,耳環,TRUE,appearance,jewellery,briefcase,bracelet,moustache,accessory,,,,
word-catalog-v1,CREATE_DRAFT,,,,,briefcase,briefcase,noun,A2,clothing-appearance,公文包,,,,,,,,,,TRUE,時尚,配件,外貌,手錶,制服,眼鏡,TRUE,moustache,accessory,sunglasses,clothing,jewellery,perfume,,,,
word-catalog-v1,CREATE_DRAFT,,,,,cap,cap,noun,A2,clothing-appearance,帽子,,,,,,,,,,TRUE,外貌,眼鏡,鏈子,項鍊,戒指,雨傘,TRUE,ring,beard,belt,smile,pocket,watch,,,,
word-catalog-v1,CREATE_DRAFT,,,,,bracelet,bracelet,noun,A2,clothing-appearance,手鐲,,,,,,,,,,TRUE,戒指,配件,時尚,帽子,鏈子,香水,TRUE,clothing,necklace,moustache,glasses,umbrella,briefcase,,,,
word-catalog-v1,CREATE_DRAFT,,,,,wallet,wallet,noun,A2,clothing-appearance,錢包,,,,,,,,,,TRUE,鏈子,配件,眼鏡,口袋,健康,手鐲,TRUE,blouse,smile,button,perfume,pocket,glasses,,,,
word-catalog-v1,CREATE_DRAFT,,,,,chain,chain,noun,A2,clothing-appearance,鏈子,,,,,,,,,,TRUE,短褲,戒指,耳環,手鐲,口袋,配件,TRUE,pocket,wallet,shorts,watch,beard,button,,,,
word-catalog-v1,CREATE_DRAFT,,,,,earring,earring,noun,A2,clothing-appearance,耳環,,,,,,,,,,TRUE,眼鏡,雨傘,手鐲,短褲,紐扣,錢包,TRUE,glasses,uniform,necklace,perfume,wallet,fashion,,,,
word-catalog-v1,CREATE_DRAFT,,,,,ring,ring,noun,A2,clothing-appearance,戒指,,,,,,,,,,TRUE,外貌,耳環,手錶,鬍鬚,健康,珠寶,TRUE,belt,beard,chain,button,wallet,smile,,,,
word-catalog-v1,CREATE_DRAFT,,,,,necklace,necklace,noun,A2,clothing-appearance,項鍊,,,,,,,,,,TRUE,時尚,雨傘,腰帶,珠寶,紐扣,錢包,TRUE,umbrella,bracelet,earring,perfume,moustache,clothing,,,,
word-catalog-v1,CREATE_DRAFT,,,,,jewellery,jewellery,noun,A2,clothing-appearance,珠寶,,,,,,,jewelry,,,TRUE,香水,配件,鬍鬚,鬍子,眼鏡,口袋,TRUE,appearance,accessory,necklace,moustache,bracelet,briefcase,,,,
word-catalog-v1,CREATE_DRAFT,,,,,perfume,perfume,noun,A2,clothing-appearance,香水,,,,,,,,,,TRUE,短褲,口袋,眼鏡,健康,紐扣,服裝,TRUE,fashion,uniform,earring,blouse,pocket,shorts,,,,
word-catalog-v1,CREATE_DRAFT,,,,,loose,loose,adjective,A2,clothing-appearance,寬鬆的,,,,,,,,,tight,TRUE,微小的,男性的,女性的,相似的,禿頭的,英俊,TRUE,tight,curly,blond,slim,similar,male,,,,
word-catalog-v1,CREATE_DRAFT,,,,,tight,tight,adjective,A2,clothing-appearance,緊的,,,,,,,,,loose,TRUE,漂亮,苗條,女性的,瘦的,可愛的,相似的,TRUE,loose,blond,curly,skinny,wavy,tiny,,,,
word-catalog-v1,CREATE_DRAFT,,,,,fit,fit,verb,A2,clothing-appearance,適合,,,,,These shoes fit me well.,這雙鞋很適合我。,,,,TRUE,描述,隱藏,換,展示,刷,顯得,TRUE,hide,show,smile,look,brush,appear,,,,
word-catalog-v1,CREATE_DRAFT,,,,,try on,try on,phrasal_verb,A2,clothing-appearance,試穿,,,,,May I try on this jacket?,我可以試穿這件外套嗎？,,,,TRUE,脫下,穿上,展示,隱藏,適合,描述,TRUE,put on,take off,change,appear,smile,brush,,,,
word-catalog-v1,CREATE_DRAFT,,,,,put on,put on,phrasal_verb,A2,clothing-appearance,穿上,,,,,Put on your coat before going outside.,外出前穿上外套。,,,,TRUE,試穿,脫下,隱藏,展示,適合,描述,TRUE,try on,take off,appear,change,brush,describe,,,,
word-catalog-v1,CREATE_DRAFT,,,,,take off,take off,phrasal_verb,A2,clothing-appearance,脫下,,,,,Please take off your wet coat.,請脫下濕外套。,,,,TRUE,試穿,穿上,適合,展示,描述,隱藏,TRUE,try on,put on,describe,appear,smile,change,,,,
word-catalog-v1,CREATE_DRAFT,,,,,change,change,verb,A2,clothing-appearance,換,,,,,,,,,,TRUE,刷,顯得,隱藏,適合,看起來,展示,TRUE,appear,look,brush,show,smile,fit,,,,
word-catalog-v1,CREATE_DRAFT,,,,,worn-out,worn-out,adjective,A2,clothing-appearance,破舊的,,,,,,,,,,TRUE,女性的,男性的,微小的,波浪的,瘦的,金髮的,TRUE,handsome,skinny,similar,female,pretty,attractive,,,,
word-catalog-v1,CREATE_DRAFT,,,,,belt,belt,noun,A2,clothing-appearance,腰帶,,,,,,,,,,TRUE,外貌,項鍊,雨傘,帽子,短褲,紐扣,TRUE,cap,ring,beard,chain,pocket,watch,,,,
word-catalog-v1,CREATE_DRAFT,,,,,darkness,darkness,noun,A2,descriptions-qualities,黑暗,,,,,,,,,,TRUE,亮度,形狀,中心,星星,輕盈,表面,TRUE,diamond,surface,lightness,square,brightness,shape,,,,
word-catalog-v1,CREATE_DRAFT,,,,,brightness,brightness,noun,A2,descriptions-qualities,亮度,,,,,,,,,,TRUE,菱形,十字,油漆,黑暗,輕盈,忌廉色,TRUE,lightness,darkness,surface,diamond,centre,square,,,,
word-catalog-v1,CREATE_DRAFT,,,,,lightness,lightness,noun,A2,descriptions-qualities,輕盈,,,,,,,,,,TRUE,菱形,黑暗,亮度,形狀,十字,健康,TRUE,diamond,brightness,darkness,surface,silver,centre,,,,
word-catalog-v1,CREATE_DRAFT,,,,,golden,golden,adjective,A2,descriptions-qualities,金色的,,,,,,,,,,TRUE,著名的,最大的,粗心的,通常的,舒適的,彩色的,TRUE,famous,bright,formal,direct,unknown,empty,,,,
word-catalog-v1,CREATE_DRAFT,,,,,gold,gold,adjective,A2,descriptions-qualities,金色的,,,,,,,,,,TRUE,多彩的,勤奮的,間接的,安全的,放鬆的,普通的,TRUE,hard,free,full,near,lazy,flat,,,,
word-catalog-v1,CREATE_DRAFT,,,,,silver,silver,adjective,A2,descriptions-qualities,銀色的,,,,,,,,,,TRUE,通常的,放鬆的,聰明的,彩色的,小心的,舒適的,TRUE,formal,unsafe,direct,common,unwell,polite,,,,
word-catalog-v1,CREATE_DRAFT,,,,,pale,pale,adjective,A2,descriptions-qualities,淡,,,,,,,,,,TRUE,滿的,死的,遠的,健康,淺的,鮮豔的,TRUE,full,hard,gold,whole,lazy,flat,,,,
word-catalog-v1,CREATE_DRAFT,,,,,bright,bright,adjective,A2,descriptions-qualities,鮮豔的,,,,,,,,,dark,TRUE,空閒的,健康的,放鬆的,懶惰的,重要的,金色的,TRUE,direct,golden,unwell,common,unlucky,silver,,,,
word-catalog-v1,CREATE_DRAFT,,,,,colourful,colourful,adjective,A2,descriptions-qualities,多彩的,,,,,,,colorful,,,TRUE,可能的,最小的,鮮豔的,空閒的,最大的,未知的,TRUE,necessary,unpopular,important,impossible,stressful,uncommon,,,,
word-catalog-v1,CREATE_DRAFT,,,,,coloured,coloured,adjective,A2,descriptions-qualities,彩色的,,,,,,,colored,,,TRUE,未知的,健康的,必要的,舒適的,通常的,完整的,TRUE,informal,impolite,pleasant,uncommon,ordinary,friendly,,,,
word-catalog-v1,CREATE_DRAFT,,,,,cream,cream,noun,A2,descriptions-qualities,忌廉色,,,,,,,,,,TRUE,正方形,表面,黑暗,十字,健康,形狀,TRUE,paint,shape,square,circle,cross,dot,,,,
word-catalog-v1,CREATE_DRAFT,,,,,shape,shape,noun,A2,descriptions-qualities,形狀,,,,,,,,,,TRUE,亮度,星星,菱形,中心,健康,黑暗,TRUE,cream,cross,centre,paint,star,circle,,,,
word-catalog-v1,CREATE_DRAFT,,,,,centre,centre,noun,A2,descriptions-qualities,中心,,,,,,,center,,,TRUE,黑暗,形狀,亮度,點,忌廉色,油漆,TRUE,circle,square,cross,paint,silver,shape,,,,
word-catalog-v1,CREATE_DRAFT,,,,,circle,circle,noun,A2,descriptions-qualities,圓,,,,,,,,,,TRUE,側,點,線,十字,中心,表面,TRUE,centre,square,cream,paint,shape,diamond,,,,
word-catalog-v1,CREATE_DRAFT,,,,,cross,cross,noun,A2,descriptions-qualities,十字,,,,,Draw a cross beside the correct answer.,在正確答案旁畫一個十字。,,,,TRUE,表面,中心,亮度,星星,形狀,油漆,TRUE,shape,cream,line,star,circle,paint,,,,
word-catalog-v1,CREATE_DRAFT,,,,,square,square,noun,A2,descriptions-qualities,正方形,,,,,,,,,,TRUE,忌廉色,輕盈,星星,亮度,健康,中心,TRUE,circle,centre,silver,cross,cream,surface,,,,
word-catalog-v1,CREATE_DRAFT,,,,,diamond,diamond,noun,A2,descriptions-qualities,菱形,,,,,,,,,,TRUE,形狀,亮度,星星,表面,油漆,健康,TRUE,surface,centre,circle,square,lightness,darkness,,,,
word-catalog-v1,CREATE_DRAFT,,,,,star,star,noun,A2,descriptions-qualities,星星,,,,,We saw a bright star in the sky.,我們在天空看見一顆明亮的星星。,,,,TRUE,健康,十字,輕盈,亮度,形狀,中心,TRUE,side,line,gold,paint,cream,dot,,,,
word-catalog-v1,CREATE_DRAFT,,,,,line,line,noun,A2,descriptions-qualities,線,,,,,,,,,,TRUE,圓,十字,黑暗,中心,星星,健康,TRUE,gold,paint,cream,side,dot,star,,,,
word-catalog-v1,CREATE_DRAFT,,,,,dot,dot,noun,A2,descriptions-qualities,點,,,,,,,,,,TRUE,線,圓,形狀,星星,側,黑暗,TRUE,side,line,star,cross,gold,shape,,,,
word-catalog-v1,CREATE_DRAFT,,,,,side,side,noun,A2,descriptions-qualities,側,,,,,,,,,,TRUE,點,圓,菱形,中心,線,油漆,TRUE,star,paint,dot,line,gold,square,,,,
word-catalog-v1,CREATE_DRAFT,,,,,surface,surface,noun,A2,descriptions-qualities,表面,,,,,,,,,,TRUE,十字,健康,中心,亮度,黑暗,星星,TRUE,diamond,centre,circle,darkness,silver,square,,,,
word-catalog-v1,CREATE_DRAFT,,,,,straight,straight,adjective,A2,descriptions-qualities,直的,,,,,,,,,,TRUE,滿的,健康,簡單,近的,整個,死的,TRUE,friendly,uncommon,indirect,relaxing,pleasant,minimum,,,,
word-catalog-v1,CREATE_DRAFT,,,,,flat,flat,adjective,A2,descriptions-qualities,平的,,,,,,,,,,TRUE,特別,直的,空的,簡單,深的,整個,TRUE,pale,near,hard,free,whole,alive,,,,
word-catalog-v1,CREATE_DRAFT,,,,,round,round,adjective,A2,descriptions-qualities,圓的,,,,,,,,,,TRUE,近的,健康,簡單,淺的,深的,特別,TRUE,usual,lucky,whole,empty,well,pale,,,,
word-catalog-v1,CREATE_DRAFT,,,,,draw,draw,verb,A2,descriptions-qualities,畫,,,,,,,,,,TRUE,上色,借,撞,刷,炸,綁,TRUE,cross,star,colour,complete,tell,park,,,,
word-catalog-v1,CREATE_DRAFT,,,,,colour,colour,verb,A2,descriptions-qualities,上色,,,,,,,color,,,TRUE,畫,識別,約會,點擊,取消,攜帶,TRUE,cross,complete,star,draw,arrive,cancel,,,,
word-catalog-v1,CREATE_DRAFT,,,,,whole,whole,adjective,A2,descriptions-qualities,整個,,,,,,,,,,TRUE,健康,圓的,淺的,平的,深的,滿的,TRUE,usual,lucky,dead,formal,famous,free,,,,
word-catalog-v1,CREATE_DRAFT,,,,,paint,paint,noun,A2,descriptions-qualities,油漆,,,,,,,,,,TRUE,健康,中心,表面,形狀,亮度,輕盈,TRUE,shape,centre,cross,cream,star,line,,,,
word-catalog-v1,CREATE_DRAFT,,,,,computer,computer,noun,A2,technology,電腦,,,,,,,,,,TRUE,網頁,電郵,文件,圖像,鍵盤,影片,TRUE,keyboard,web page,document,comment,message,Internet,,,,
word-catalog-v1,CREATE_DRAFT,,,,,information,information,noun,A2,technology,資訊,,,,,,,,,,TRUE,圖像,新聞,網站,網頁,帖文,螢幕,TRUE,calculator,password,computer,Internet,web page,message,,,,
word-catalog-v1,CREATE_DRAFT,,,,,chat,chat,noun,A2,technology,聊天,,,,,,,,,,TRUE,消息,網頁,電腦,電郵,資訊,影片,TRUE,file,post,email,video,DVD,news,,,,
word-catalog-v1,CREATE_DRAFT,,,,,laptop,laptop,noun,A2,technology,手提電腦,,,,,,,,,,TRUE,用戶名稱,DVD,打印機,電腦顯示器,消息,新聞,TRUE,screen,printer,image,email,mouse,document,,,,
word-catalog-v1,CREATE_DRAFT,,,,,monitor,monitor,noun,A2,technology,電腦顯示器,顯示器,,,,The computer monitor is on the desk.,電腦顯示器放在書桌上。,,,,TRUE,用戶名稱,手提電腦,互聯網,計算器,DVD,影片,TRUE,website,computer,username,message,comment,password,,,,
word-catalog-v1,CREATE_DRAFT,,,,,screen,screen,noun,A2,technology,螢幕,,,,,The message appeared on the phone screen.,訊息顯示在手機螢幕上。,,,,TRUE,圖像,資訊,鍵盤,滑鼠,電腦,網頁,TRUE,laptop,printer,mouse,computer,comment,file,,,,
word-catalog-v1,CREATE_DRAFT,,,,,keyboard,keyboard,noun,A2,technology,鍵盤,,,,,,,,,,TRUE,電腦,網站,滑鼠,帖文,圖像,新聞,TRUE,web page,computer,username,password,monitor,website,,,,
word-catalog-v1,CREATE_DRAFT,,,,,mouse,mouse,noun,A2,technology,滑鼠,,,,,,,,,,TRUE,螢幕,電郵,資訊,評論,帖文,圖像,TRUE,email,laptop,file,video,image,screen,,,,
word-catalog-v1,CREATE_DRAFT,,,,,printer,printer,noun,A2,technology,打印機,,,,,,,,,,TRUE,互聯網,DVD,消息,鍵盤,密碼,聊天,TRUE,message,comment,website,computer,password,monitor,,,,
word-catalog-v1,CREATE_DRAFT,,,,,DVD,DVD,noun,A2,technology,DVD,,,,,,,,,,TRUE,打印機,計算器,滑鼠,互聯網,文件,聊天,TRUE,chat,file,news,post,email,mouse,,,,
word-catalog-v1,CREATE_DRAFT,,,,,calculator,calculator,noun,A2,technology,計算器,,,,,,,,,,TRUE,DVD,互聯網,打印機,資訊,文件,圖像,TRUE,information,web page,username,password,document,website,,,,
word-catalog-v1,CREATE_DRAFT,,,,,username,username,noun,A2,technology,用戶名稱,,,,,,,,,,TRUE,手提電腦,打印機,電腦顯示器,網頁,文件,互聯網,TRUE,computer,web page,document,comment,message,Internet,,,,
word-catalog-v1,CREATE_DRAFT,,,,,password,password,noun,A2,technology,密碼,,,,,,,,,,TRUE,鍵盤,網站,新聞,滑鼠,帖文,螢幕,TRUE,keyboard,web page,computer,username,document,Internet,,,,
word-catalog-v1,CREATE_DRAFT,,,,,Internet,Internet,noun,A2,technology,互聯網,,,,,,,,,,TRUE,DVD,計算器,打印機,影片,螢幕,網站,TRUE,password,web page,keyboard,computer,printer,username,,,,
word-catalog-v1,CREATE_DRAFT,,,,,website,website,noun,A2,technology,網站,,,,,,,,,,TRUE,資訊,圖像,聊天,鍵盤,帖文,密碼,TRUE,message,monitor,printer,Internet,laptop,password,,,,
word-catalog-v1,CREATE_DRAFT,,,,,web page,web page,noun,A2,technology,網頁,,,,,,,,,,TRUE,滑鼠,網站,消息,影片,螢幕,評論,TRUE,computer,document,comment,keyboard,username,password,,,,
word-catalog-v1,CREATE_DRAFT,,,,,online,online,adjective,A2,technology,網上的,,,,,,,,,,TRUE,數碼的,優秀的,無聊的,當地的,舒適的,危險的,TRUE,digital,silver,skinny,direct,narrow,scared,,,,
word-catalog-v1,CREATE_DRAFT,,,,,email,email,noun,A2,technology,電郵,,,,,I received an email from my teacher.,我收到老師的電郵。,,,,TRUE,滑鼠,螢幕,圖像,評論,影片,帖文,TRUE,mouse,video,image,file,screen,printer,,,,
word-catalog-v1,CREATE_DRAFT,,,,,message,message,noun,A2,technology,消息,,,,,,,,,,TRUE,滑鼠,螢幕,資訊,聊天,影片,密碼,TRUE,website,monitor,laptop,password,printer,document,,,,
word-catalog-v1,CREATE_DRAFT,,,,,video,video,noun,A2,technology,影片,,,,,,,,,,TRUE,電腦,網站,鍵盤,文件,新聞,螢幕,TRUE,mouse,post,image,email,file,chat,,,,
word-catalog-v1,CREATE_DRAFT,,,,,post,post,noun,A2,technology,帖文,,,,,,,,,,TRUE,密碼,電郵,螢幕,聊天,新聞,網頁,TRUE,file,chat,news,image,DVD,mouse,,,,
word-catalog-v1,CREATE_DRAFT,,,,,comment,comment,noun,A2,technology,評論,,,,,,,,,,TRUE,帖文,消息,資訊,圖像,電腦,文件,TRUE,printer,monitor,laptop,website,Internet,document,,,,
word-catalog-v1,CREATE_DRAFT,,,,,file,file,noun,A2,technology,文件,,,,,,,,,,TRUE,帖文,網站,滑鼠,圖像,網頁,新聞,TRUE,post,chat,news,video,image,email,,,,
word-catalog-v1,CREATE_DRAFT,,,,,document,document,noun,A2,technology,文件,,,,,,,,,,TRUE,螢幕,圖像,密碼,新聞,電腦,網頁,TRUE,Internet,password,website,keyboard,message,computer,,,,
word-catalog-v1,CREATE_DRAFT,,,,,download,download,verb,A2,technology,下載,,,,,,,,,,TRUE,上傳,點擊,複製,發送電郵,登出,登入,TRUE,upload,email,click,copy,sign out,sign in,,,,
word-catalog-v1,CREATE_DRAFT,,,,,upload,upload,verb,A2,technology,上傳,,,,,,,,,,TRUE,複製,點擊,下載,發送電郵,登入,登出,TRUE,email,click,download,copy,sign in,sign out,,,,
word-catalog-v1,CREATE_DRAFT,,,,,click,click,verb,A2,technology,點擊,,,,,,,,,,TRUE,下載,複製,上傳,發送電郵,登入,登出,TRUE,email,upload,copy,download,sign out,sign in,,,,
word-catalog-v1,CREATE_DRAFT,,,,,email,email,verb,A2,technology,發送電郵,,,,,,,,,,TRUE,下載,點擊,複製,上傳,登入,登出,TRUE,click,upload,copy,download,sign in,sign out,,,,
word-catalog-v1,CREATE_DRAFT,,,,,sign in,sign in,phrasal_verb,A2,technology,登入,,,,,Students sign in with their school accounts.,學生使用學校帳戶登入。,,,,TRUE,登出,下載,複製,上傳,點擊,發送電郵,TRUE,sign out,upload,download,click,email,copy,,,,
word-catalog-v1,CREATE_DRAFT,,,,,sign out,sign out,phrasal_verb,A2,technology,登出,,,,,Remember to sign out after using the computer.,使用電腦後記得登出。,,,,TRUE,登入,上傳,下載,複製,點擊,發送電郵,TRUE,sign in,download,upload,email,copy,click,,,,
word-catalog-v1,CREATE_DRAFT,,,,,digital,digital,adjective,A2,technology,數碼的,,,,,,,,,,TRUE,網上的,金色的,未知的,現代的,古典的,嚴肅的,TRUE,online,retired,Israeli,average,musical,foreign,,,,
word-catalog-v1,CREATE_DRAFT,,,,,news,news,noun,A2,technology,新聞,,,,,,,,,,TRUE,消息,螢幕,文件,資訊,電郵,帖文,TRUE,chat,post,file,mouse,video,email,,,,
word-catalog-v1,CREATE_DRAFT,,,,,image,image,noun,A2,technology,圖像,,,,,,,,,,TRUE,電腦,文件,新聞,消息,帖文,電郵,TRUE,video,email,laptop,mouse,post,file,,,,
word-catalog-v1,CREATE_DRAFT,,,,,copy,copy,verb,A2,technology,複製,,,,,,,,,,TRUE,點擊,下載,上傳,發送電郵,登入,登出,TRUE,email,click,upload,download,sign in,sign out,,,,
word-catalog-v1,CREATE_DRAFT,,,,,course,course,noun,A2,school-education,課程,,,,,,,,,,TRUE,文章,圖畫,水平,科目,筆記,列表,TRUE,lesson,focus,summary,board,partner,article,,,,
word-catalog-v1,CREATE_DRAFT,,,,,lesson,lesson,noun,A2,school-education,課,,,,,,,,,,TRUE,板,頁,同學,列表,白板,科目,TRUE,course,article,subject,problem,summary,project,,,,
word-catalog-v1,CREATE_DRAFT,,,,,subject,subject,noun,A2,school-education,科目,,,,,,,,,,TRUE,同學,問題,夥伴,活動,成績,筆記,TRUE,canteen,partner,problem,summary,course,article,,,,
word-catalog-v1,CREATE_DRAFT,,,,,level,level,noun,A2,school-education,水平,,,,,,,,,,TRUE,問題,學期,摘要,圖畫,課程,同學,TRUE,focus,grade,board,page,test,lesson,,,,
word-catalog-v1,CREATE_DRAFT,,,,,term,term,noun,A2,school-education,學期,,,,,,,semester,,,TRUE,列表,文章,問題,摘要,同學,活動,TRUE,page,list,test,level,note,exam,,,,
word-catalog-v1,CREATE_DRAFT,,,,,classmate,classmate,noun,A2,school-education,同學,,,,,,,,,,TRUE,摘要,活動,考試,課程,列表,成績,TRUE,research,activity,dictionary,partner,whiteboard,drawing,,,,
word-catalog-v1,CREATE_DRAFT,,,,,partner,partner,noun,A2,school-education,夥伴,,,,,,,,,,TRUE,科目,課程,字典,學期,筆記,圖畫,TRUE,subject,summary,canteen,project,drawing,article,,,,
word-catalog-v1,CREATE_DRAFT,,,,,dictionary,dictionary,noun,A2,school-education,字典,,,,,,,,,,TRUE,列表,同學,夥伴,圖畫,文章,成績,TRUE,whiteboard,classmate,practice,subject,research,summary,,,,
word-catalog-v1,CREATE_DRAFT,,,,,exam,exam,noun,A2,school-education,考試,,,,,,,,,,TRUE,課程,摘要,學期,列表,白板,同學,TRUE,term,note,list,page,grade,focus,,,,
word-catalog-v1,CREATE_DRAFT,,,,,test,test,noun,A2,school-education,考試,,,,,,,,,,TRUE,筆記,活動,摘要,圖畫,白板,科目,TRUE,note,list,term,grade,focus,page,,,,
word-catalog-v1,CREATE_DRAFT,,,,,practice,practice,noun,A2,school-education,練習活動,練習,,,,Regular practice improves your spelling.,恆常的練習活動有助改善串字。,,,,TRUE,專題項目,研究工作,學校飯堂,學期,水平,摘要,TRUE,activity,drawing,research,article,summary,partner,,,,
word-catalog-v1,CREATE_DRAFT,,,,,activity,activity,noun,A2,school-education,活動,,,,,,,,,,TRUE,同學,圖畫,字典,成績,白板,摘要,TRUE,canteen,partner,project,research,practice,article,,,,
word-catalog-v1,CREATE_DRAFT,,,,,problem,problem,noun,A2,school-education,問題,,,,,,,,,,TRUE,學期,夥伴,白板,圖畫,科目,同學,TRUE,summary,canteen,partner,drawing,article,subject,,,,
word-catalog-v1,CREATE_DRAFT,,,,,solve,solve,verb,A2,school-education,解決,,,,,,,,,,TRUE,集中,失敗,通過,問候,趕快,似乎,TRUE,focus,fail,pass,test,present,research,,,,
word-catalog-v1,CREATE_DRAFT,,,,,grade,grade,noun,A2,school-education,成績,,,,,,,,,,TRUE,筆記,考試,字典,問題,同學,學期,TRUE,board,level,focus,page,note,term,,,,
word-catalog-v1,CREATE_DRAFT,,,,,project,project,noun,A2,school-education,專題項目,,,,,,,,,,TRUE,學校飯堂,練習活動,研究工作,文章,圖畫,筆記,TRUE,article,summary,canteen,subject,drawing,lesson,,,,
word-catalog-v1,CREATE_DRAFT,,,,,research,research,noun,A2,school-education,研究工作,研究,,,,Her research focuses on healthy eating.,她的研究工作集中於健康飲食。,,,,TRUE,學校飯堂,練習活動,專題項目,字典,水平,列表,TRUE,activity,classmate,drawing,practice,problem,lesson,,,,
word-catalog-v1,CREATE_DRAFT,,,,,summary,summary,noun,A2,school-education,摘要,,,,,,,,,,TRUE,同學,圖畫,筆記,夥伴,成績,課程,TRUE,article,drawing,project,problem,lesson,canteen,,,,
word-catalog-v1,CREATE_DRAFT,,,,,article,article,noun,A2,school-education,文章,,,,,,,,,,TRUE,考試,字典,科目,活動,筆記,學期,TRUE,partner,project,subject,summary,activity,lesson,,,,
word-catalog-v1,CREATE_DRAFT,,,,,page,page,noun,A2,school-education,頁,,,,,,,,,,TRUE,板,課,字典,圖畫,文章,問題,TRUE,note,board,list,test,term,exam,,,,
word-catalog-v1,CREATE_DRAFT,,,,,whiteboard,whiteboard,noun,A2,school-education,白板,,,,,,,,,,TRUE,問題,字典,圖畫,筆記,摘要,成績,TRUE,dictionary,classmate,activity,practice,research,problem,,,,
word-catalog-v1,CREATE_DRAFT,,,,,canteen,canteen,noun,A2,school-education,學校飯堂,,,,,,,cafeteria,,,TRUE,專題項目,練習活動,研究工作,文章,摘要,圖畫,TRUE,drawing,problem,project,summary,partner,course,,,,
word-catalog-v1,CREATE_DRAFT,,,,,list,list,noun,A2,school-education,列表,,,,,,,,,,TRUE,問題,字典,白板,夥伴,筆記,水平,TRUE,page,note,exam,term,grade,test,,,,
word-catalog-v1,CREATE_DRAFT,,,,,note,note,noun,A2,school-education,筆記,,,,,I wrote a note in my notebook.,我在筆記簿寫了一則筆記。,,,,TRUE,同學,字典,圖畫,白板,課程,考試,TRUE,page,exam,test,term,board,focus,,,,
word-catalog-v1,CREATE_DRAFT,,,,,pass,pass,verb,A2,school-education,通過,,,,,,,,,,TRUE,解決,集中,失敗,加入,煮沸,觀光,TRUE,test,solve,fail,focus,research,present,,,,
word-catalog-v1,CREATE_DRAFT,,,,,fail,fail,verb,A2,school-education,失敗,,,,,,,,,,TRUE,解決,通過,集中,記錄,航行,增加,TRUE,pass,test,focus,solve,present,research,,,,
word-catalog-v1,CREATE_DRAFT,,,,,present,present,adjective,A2,school-education,出席的,,,,,All students were present today.,今天所有學生都有出席。,,,,TRUE,缺席的,社交的,獨特的,古典的,偉大的,真實的,TRUE,absent,special,maximum,foreign,digital,minimum,,,,
word-catalog-v1,CREATE_DRAFT,,,,,absent,absent,adjective,A2,school-education,缺席的,,,,,,,,,,TRUE,出席的,緊張的,最小的,完美的,嚴重的,破舊的,TRUE,present,severe,bright,Afghan,strong,bitter,,,,
word-catalog-v1,CREATE_DRAFT,,,,,focus,focus,verb,A2,school-education,集中,,,,,,,,,,TRUE,解決,通過,失敗,加入,發明,花費,TRUE,solve,fail,present,pass,test,research,,,,
word-catalog-v1,CREATE_DRAFT,,,,,board,board,noun,A2,school-education,板,,,,,,,,,,TRUE,課,頁,課程,文章,列表,同學,TRUE,level,grade,focus,note,term,problem,,,,
word-catalog-v1,CREATE_DRAFT,,,,,drawing,drawing,noun,A2,school-education,圖畫,,,,,,,,,,TRUE,問題,筆記,摘要,白板,活動,列表,TRUE,subject,summary,partner,problem,canteen,article,,,,
word-catalog-v1,CREATE_DRAFT,,,,,pet,pet,noun,A2,animals-plants,寵物,,,,,,,,,,TRUE,企鵝,甲蟲,鱷魚,榛子,鯨魚,蝴蝶,TRUE,nut,fox,web,zoo,egg,pear,,,,
word-catalog-v1,CREATE_DRAFT,,,,,lamb,lamb,noun,A2,animals-plants,羔羊,,,,,,,,,,TRUE,蜘蛛,玫瑰,鯊魚,花生,杏仁,昆蟲,TRUE,bear,kiwi,deer,wool,kind,tail,,,,
word-catalog-v1,CREATE_DRAFT,,,,,camel,camel,noun,A2,animals-plants,駱駝,,,,,,,,,,TRUE,花生,類型,蒼蠅,瓢蟲,種類,玫瑰,TRUE,eagle,tiger,plant,mango,whale,monkey,,,,
word-catalog-v1,CREATE_DRAFT,,,,,tiger,tiger,noun,A2,animals-plants,老虎,,,,,,,,,,TRUE,草莓,農業,寵物,蟑螂,蜘蛛,種類,TRUE,eagle,camel,deer,bear,plant,beetle,,,,
word-catalog-v1,CREATE_DRAFT,,,,,whale,whale,noun,A2,animals-plants,鯨魚,,,,,,,,,,TRUE,尾巴,芒果,蒼蠅,菠蘿,瓢蟲,西柚,TRUE,mango,eagle,shark,cactus,walnut,lamb,,,,
word-catalog-v1,CREATE_DRAFT,,,,,penguin,penguin,noun,A2,animals-plants,企鵝,,,,,,,,,,TRUE,類型,鯊魚,藍莓,老虎,狐狸,玫瑰,TRUE,farming,firefly,dolphin,monkey,peanut,avocado,,,,
word-catalog-v1,CREATE_DRAFT,,,,,shark,shark,noun,A2,animals-plants,鯊魚,,,,,,,,,,TRUE,類型,蜘蛛,猴子,堅果,蘭花,蟑螂,TRUE,whale,almond,farm,tiger,ride,monkey,,,,
word-catalog-v1,CREATE_DRAFT,,,,,insect,insect,noun,A2,animals-plants,昆蟲,,,,,,,,,,TRUE,農場,瓢蟲,蘭花,西瓜,種類,百合,TRUE,monkey,beetle,cactus,orchid,peanut,walnut,,,,
word-catalog-v1,CREATE_DRAFT,,,,,fly,fly,noun,A2,animals-plants,蒼蠅,,,,,,,,,,TRUE,菠蘿,羔羊,蜘蛛,海豚,駱駝,類型,TRUE,nut,egg,bee,web,fox,deer,,,,
word-catalog-v1,CREATE_DRAFT,,,,,spider,spider,noun,A2,animals-plants,蜘蛛,,,,,,,,,,TRUE,菠蘿,瓢蟲,杏仁,駱駝,蘭花,蟑螂,TRUE,walnut,beetle,peanut,orchid,insect,tiger,,,,
word-catalog-v1,CREATE_DRAFT,,,,,crocodile,crocodile,noun,A2,animals-plants,鱷魚,,,,,,,,,,TRUE,羊毛,西瓜,西柚,倉鼠,企鵝,蚊子,TRUE,cockroach,blueberry,hazelnut,pineapple,butterfly,sunflower,,,,
word-catalog-v1,CREATE_DRAFT,,,,,dolphin,dolphin,noun,A2,animals-plants,海豚,,,,,,,,,,TRUE,花生,駱駝,昆蟲,瓢蟲,尾巴,蚊子,TRUE,hamster,firefly,penguin,farming,mosquito,avocado,,,,
word-catalog-v1,CREATE_DRAFT,,,,,fox,fox,noun,A2,animals-plants,狐狸,,,,,,,,,,TRUE,杏仁,芒果,農業,堅果,藍莓,類型,TRUE,egg,zoo,web,nut,fly,lamb,,,,
word-catalog-v1,CREATE_DRAFT,,,,,hamster,hamster,noun,A2,animals-plants,倉鼠,,,,,,,,,,TRUE,花生,蚊子,蒼蠅,海豚,企鵝,狐狸,TRUE,penguin,firefly,ladybug,avocado,farming,monkey,,,,
word-catalog-v1,CREATE_DRAFT,,,,,tail,tail,noun,A2,animals-plants,尾巴,,,,,,,,,,TRUE,蘭花,昆蟲,老虎,企鵝,甲蟲,芒果,TRUE,type,bear,ride,rose,wool,lamb,,,,
word-catalog-v1,CREATE_DRAFT,,,,,wool,wool,noun,A2,animals-plants,羊毛,,,,,,,,,,TRUE,蜘蛛,農業,核桃,花生,鯊魚,農場,TRUE,rose,type,lamb,kiwi,kind,zoo,,,,
word-catalog-v1,CREATE_DRAFT,,,,,egg,egg,noun,A2,animals-plants,蛋,,,,,,,,,,TRUE,梨,鷹,熊,蜜蜂,蜘蛛,堅果,TRUE,bee,zoo,fly,fox,pet,bear,,,,
word-catalog-v1,CREATE_DRAFT,,,,,web,web,noun,A2,animals-plants,蜘蛛網,,,,,,,,,,TRUE,奇異果,螢火蟲,動物園,向日葵,老虎,倉鼠,TRUE,egg,pet,bee,zoo,fly,lamb,,,,
word-catalog-v1,CREATE_DRAFT,,,,,zoo,zoo,noun,A2,animals-plants,動物園,,,,,,,,,,TRUE,仙人掌,向日葵,牛油果,螢火蟲,蝴蝶,海豚,TRUE,fox,bee,fly,web,nut,kiwi,,,,
word-catalog-v1,CREATE_DRAFT,,,,,deer,deer,noun,A2,animals-plants,鹿,,,,,,,,,,TRUE,熊,鷹,梨,蛋,類型,駱駝,TRUE,pear,bear,kind,farm,lily,type,,,,
word-catalog-v1,CREATE_DRAFT,,,,,eagle,eagle,noun,A2,animals-plants,鷹,,,,,,,,,,TRUE,蛋,鹿,熊,鯨魚,蘭花,鱷魚,TRUE,plant,whale,tiger,shark,mango,farm,,,,
word-catalog-v1,CREATE_DRAFT,,,,,beetle,beetle,noun,A2,animals-plants,甲蟲,,,,,,,,,,TRUE,蜜蜂,藍莓,倉鼠,蘭花,寵物,猴子,TRUE,orchid,peanut,insect,plant,firefly,eagle,,,,
word-catalog-v1,CREATE_DRAFT,,,,,bee,bee,noun,A2,animals-plants,蜜蜂,,,,,,,,,,TRUE,蚊子,芒果,百合,羊毛,狐狸,玫瑰,TRUE,zoo,nut,pet,web,kiwi,fly,,,,
word-catalog-v1,CREATE_DRAFT,,,,,bear,bear,noun,A2,animals-plants,熊,,,,,,,,,,TRUE,蛋,鷹,鹿,玫瑰,杏仁,海豚,TRUE,ride,tail,type,deer,kiwi,wool,,,,
word-catalog-v1,CREATE_DRAFT,,,,,monkey,monkey,noun,A2,animals-plants,猴子,,,,,,,,,,TRUE,鯊魚,甲蟲,蘭花,狐狸,羊毛,昆蟲,TRUE,spider,almond,walnut,ladybug,penguin,cactus,,,,
word-catalog-v1,CREATE_DRAFT,,,,,butterfly,butterfly,noun,A2,animals-plants,蝴蝶,,,,,,,,,,TRUE,種類,菠蘿,農業,鱷魚,花生,駱駝,TRUE,blueberry,pineapple,sunflower,crocodile,cockroach,grapefruit,,,,
word-catalog-v1,CREATE_DRAFT,,,,,mosquito,mosquito,noun,A2,animals-plants,蚊子,,,,,,,,,,TRUE,種類,花生,鯨魚,農業,海豚,鱷魚,TRUE,pineapple,butterfly,crocodile,farming,hazelnut,hamster,,,,
word-catalog-v1,CREATE_DRAFT,,,,,ladybug,ladybug,noun,A2,animals-plants,瓢蟲,,,,,,,,,,TRUE,蜜蜂,蚊子,芒果,羊毛,農場,蟑螂,TRUE,avocado,dolphin,penguin,insect,farming,peanut,,,,
word-catalog-v1,CREATE_DRAFT,,,,,cockroach,cockroach,noun,A2,animals-plants,蟑螂,,,,,,,,,,TRUE,蝴蝶,杏仁,堅果,羊毛,鱷魚,鯊魚,TRUE,butterfly,pineapple,sunflower,grapefruit,strawberry,mosquito,,,,
word-catalog-v1,CREATE_DRAFT,,,,,firefly,firefly,noun,A2,animals-plants,螢火蟲,,,,,,,,,,TRUE,蜘蛛網,動物園,奇異果,牛油果,駱駝,蚊子,TRUE,penguin,farming,hamster,avocado,walnut,hazelnut,,,,
word-catalog-v1,CREATE_DRAFT,,,,,type,type,noun,A2,animals-plants,類型,,,,,What type of music do you like?,你喜歡哪一類型的音樂？,,kind,,TRUE,蝴蝶,尾巴,蜜蜂,榛子,西柚,菠蘿,TRUE,tail,wool,deer,bear,pear,pet,,,,
word-catalog-v1,CREATE_DRAFT,,,,,wild,wild,adjective,A2,animals-plants,野生的,,,,,,,,,,TRUE,柔軟的,硬,化學的,驚訝的,城市的,嚴重的,TRUE,hard,kind,soft,cozy,cool,mild,,,,
word-catalog-v1,CREATE_DRAFT,,,,,hunt,hunt,verb,A2,animals-plants,打獵,,,,,,,,,,TRUE,生產,種植,騎,澆水,摘,餵食,TRUE,pick,feed,grow,water,ride,smell,,,,
word-catalog-v1,CREATE_DRAFT,,,,,ride,ride,verb,A2,animals-plants,騎,,,,,,,,,,TRUE,澆水,餵食,摘,生產,聞,種植,TRUE,feed,hunt,grow,smell,water,pick,,,,
word-catalog-v1,CREATE_DRAFT,,,,,kind,kind,noun,A2,animals-plants,種類,,,,,,,,,,TRUE,蚊子,瓢蟲,鯨魚,西柚,寵物,杏仁,TRUE,kiwi,rose,tail,wool,bear,deer,,,,
word-catalog-v1,CREATE_DRAFT,,,,,appearance,appearance,noun,A2,clothing-appearance,外貌,,,,,,,,,,TRUE,雨傘,口袋,手錶,配件,時尚,腰帶,TRUE,sunglasses,briefcase,jewellery,necklace,umbrella,moustache,,,,
word-catalog-v1,CREATE_DRAFT,,,,,attractive,attractive,adjective,A2,clothing-appearance,有吸引力的,,,,,The park is attractive to visitors.,這個公園對遊客很有吸引力。,,,,TRUE,外貌好看的,禿頭的,男性的,金髮的,相似的,波浪的,TRUE,similar,worn-out,handsome,skinny,pretty,female,,,,
word-catalog-v1,CREATE_DRAFT,,,,,good-looking,good-looking,adjective,A2,clothing-appearance,外貌好看的,,,,,The actor is tall and good-looking.,那位演員身材高大，外貌好看。,,,,TRUE,有吸引力的,破舊的,女性的,可愛的,禿頭的,波浪的,TRUE,worn-out,handsome,pretty,similar,female,skinny,,,,
word-catalog-v1,CREATE_DRAFT,,,,,handsome,handsome,adjective,A2,clothing-appearance,英俊,,,,,,,,,,TRUE,瘦的,禿頭的,可愛的,漂亮,微小的,苗條,TRUE,worn-out,similar,pretty,skinny,attractive,female,,,,
word-catalog-v1,CREATE_DRAFT,,,,,pretty,pretty,adjective,A2,clothing-appearance,漂亮,,,,,,,,,,TRUE,瘦的,緊的,苗條,金髮的,健康,微小的,TRUE,female,tight,blond,skinny,loose,curly,,,,
word-catalog-v1,CREATE_DRAFT,,,,,cute,cute,adjective,A2,clothing-appearance,可愛的,,,,,,,,,,TRUE,寬鬆的,禿頭的,相似的,健康,男性的,金髮的,TRUE,bald,tiny,wavy,slim,male,blond,,,,
word-catalog-v1,CREATE_DRAFT,,,,,curly,curly,adjective,A2,clothing-appearance,捲曲的,,,,,,,,,,TRUE,可愛的,禿頭的,金髮的,寬鬆的,相似的,波浪的,TRUE,tight,loose,slim,female,tiny,bald,,,,
word-catalog-v1,CREATE_DRAFT,,,,,wavy,wavy,adjective,A2,clothing-appearance,波浪的,,,,,,,,,,TRUE,男性的,女性的,禿頭的,金髮的,相似的,破舊的,TRUE,cute,bald,slim,male,tiny,tight,,,,
word-catalog-v1,CREATE_DRAFT,,,,,male,male,adjective,A2,clothing-appearance,男性的,,,,,,,,,female,TRUE,女性的,微小的,禿頭的,相似的,捲曲的,金髮的,TRUE,tiny,bald,cute,loose,wavy,slim,,,,
word-catalog-v1,CREATE_DRAFT,,,,,female,female,adjective,A2,clothing-appearance,女性的,,,,,,,,,male,TRUE,破舊的,可愛的,微小的,金髮的,瘦的,健康,TRUE,loose,pretty,skinny,handsome,bald,tight,,,,
word-catalog-v1,CREATE_DRAFT,,,,,blond,blond,adjective,A2,clothing-appearance,金髮的,,,,,,,,,,TRUE,男性的,相似的,捲曲的,禿頭的,寬鬆的,女性的,TRUE,tight,male,skinny,loose,curly,wavy,,,,
word-catalog-v1,CREATE_DRAFT,,,,,bald,bald,adjective,A2,clothing-appearance,禿頭的,,,,,,,,,,TRUE,捲曲的,破舊的,男性的,女性的,寬鬆的,金髮的,TRUE,slim,cute,tiny,tight,wavy,loose,,,,
word-catalog-v1,CREATE_DRAFT,,,,,slim,slim,adjective,A2,clothing-appearance,苗條,,,,,,,,,,TRUE,健康,英俊,瘦的,緊的,捲曲的,波浪的,TRUE,cute,curly,bald,loose,fit,wavy,,,,
word-catalog-v1,CREATE_DRAFT,,,,,skinny,skinny,adjective,A2,clothing-appearance,瘦的,,,,,,,,,,TRUE,苗條,健康,英俊,男性的,金髮的,寬鬆的,TRUE,female,similar,tight,blond,pretty,tiny,,,,
word-catalog-v1,CREATE_DRAFT,,,,,fit,fit,adjective,A2,clothing-appearance,健康,,,,,Regular exercise helps you stay fit.,恆常運動有助保持健康。,,,,TRUE,苗條,緊的,相似的,破舊的,捲曲的,可愛的,TRUE,male,slim,tiny,cute,bald,loose,,,,
word-catalog-v1,CREATE_DRAFT,,,,,tiny,tiny,adjective,A2,clothing-appearance,微小的,,,,,,,,,,TRUE,可愛的,捲曲的,禿頭的,女性的,相似的,金髮的,TRUE,bald,male,slim,cute,blond,wavy,,,,
word-catalog-v1,CREATE_DRAFT,,,,,beard,beard,noun,A2,clothing-appearance,鬍鬚,,,,,,,,,,TRUE,外貌,紐扣,香水,珠寶,短褲,笑容,TRUE,smile,pocket,belt,blouse,watch,chain,,,,
word-catalog-v1,CREATE_DRAFT,,,,,moustache,moustache,noun,A2,clothing-appearance,鬍子,,,,,,,mustache,,,TRUE,服裝,錢包,帽子,口袋,戒指,制服,TRUE,jewellery,accessory,appearance,necklace,briefcase,bracelet,,,,
word-catalog-v1,CREATE_DRAFT,,,,,brush,brush,verb,A2,clothing-appearance,刷,,,,,,,,,,TRUE,換,隱藏,描述,展示,顯得,適合,TRUE,smile,change,appear,look,show,hide,,,,
word-catalog-v1,CREATE_DRAFT,,,,,smile,smile,noun,A2,clothing-appearance,笑容,微笑,,,,Her smile made everyone feel welcome.,她的笑容令大家感到親切。,,,,TRUE,鬍鬚,帽子,錢包,鬍子,配件,鏈子,TRUE,chain,wallet,shorts,beard,belt,watch,,,,
word-catalog-v1,CREATE_DRAFT,,,,,look,look,verb,A2,clothing-appearance,看起來,,,,,You look tired today.,你今天看起來很疲倦。,,,,TRUE,適合,隱藏,展示,描述,換,刷,TRUE,show,fit,smile,hide,brush,change,,,,
word-catalog-v1,CREATE_DRAFT,,,,,describe,describe,verb,A2,clothing-appearance,描述,,,,,,,,,,TRUE,隱藏,展示,顯得,適合,換,看起來,TRUE,smile,change,appear,look,brush,show,,,,
word-catalog-v1,CREATE_DRAFT,,,,,appear,appear,verb,A2,clothing-appearance,顯得,,,,,She appeared calm during the interview.,她面試時顯得很冷靜。,,,,TRUE,描述,適合,刷,隱藏,展示,換,TRUE,change,smile,show,brush,describe,hide,,,,
word-catalog-v1,CREATE_DRAFT,,,,,show,show,verb,A2,clothing-appearance,展示,,,,,,,,,,TRUE,顯得,適合,隱藏,換,描述,看起來,TRUE,look,smile,brush,hide,fit,appear,,,,
word-catalog-v1,CREATE_DRAFT,,,,,hide,hide,verb,A2,clothing-appearance,隱藏,,,,,,,,,,TRUE,描述,展示,看起來,顯得,換,刷,TRUE,look,smile,show,brush,fit,change,,,,
word-catalog-v1,CREATE_DRAFT,,,,,similar,similar,adjective,A2,clothing-appearance,相似的,,,,,,,,,,TRUE,禿頭的,捲曲的,寬鬆的,男性的,可愛的,波浪的,TRUE,worn-out,skinny,handsome,female,pretty,tight,,,,
word-catalog-v1,CREATE_DRAFT,,,,,skin,skin,noun,A2,body-health,皮膚,,,,,,,,,,TRUE,疾病,影響,藥物,習慣,胃痛,事故,TRUE,diet,ache,heel,test,cure,cold,,,,
word-catalog-v1,CREATE_DRAFT,,,,,blood,blood,noun,A2,body-health,血液,,,,,,,,,,TRUE,能量,皮膚,肩膀,牙齦,脂肪,心臟,TRUE,wrist,heart,chest,death,habit,human,,,,
word-catalog-v1,CREATE_DRAFT,,,,,bone,bone,noun,A2,body-health,骨頭,,,,,,,,,,TRUE,心臟,頭痛,飲食,手掌,脊椎,疼痛,TRUE,pill,palm,cure,heel,cold,pain,,,,
word-catalog-v1,CREATE_DRAFT,,,,,muscle,muscle,noun,A2,body-health,肌肉,,,,,,,,,,TRUE,感冒,死亡,疾病,噴嚏,背痛,手指,TRUE,throat,health,sneeze,blood,wrist,virus,,,,
word-catalog-v1,CREATE_DRAFT,,,,,chest,chest,noun,A2,body-health,胸部,,,,,,,,,,TRUE,肩膀,病人,感冒,疾病,手指,事故,TRUE,wrist,blood,heart,elbow,brain,break,,,,
word-catalog-v1,CREATE_DRAFT,,,,,backbone,backbone,noun,A2,body-health,脊椎,,,,,,,,,,TRUE,流感,大腿,傷害,骨頭,頭骨,頭痛,TRUE,sickness,shoulder,accident,breathing,illness,headache,,,,
word-catalog-v1,CREATE_DRAFT,,,,,breath,breath,noun,A2,body-health,呼吸,,,,,,,,,,TRUE,感冒,耳痛,傷害,胸部,病毒,習慣,TRUE,injury,throat,energy,effect,human,finger,,,,
word-catalog-v1,CREATE_DRAFT,,,,,breathing,breathing,noun,A2,body-health,呼吸,,,,,,,,,,TRUE,脂肪,大腿,心臟,噴嚏,骨頭,胃痛,TRUE,toothache,backache,shoulder,medication,headache,backbone,,,,
word-catalog-v1,CREATE_DRAFT,,,,,fat,fat,noun,A2,body-health,脂肪,,,,,,,,,,TRUE,發燒,疼痛,呼吸,牙痛,預約,腳跟,TRUE,flu,life,pain,gum,skin,palm,,,,
word-catalog-v1,CREATE_DRAFT,,,,,skull,skull,noun,A2,body-health,頭骨,,,,,,,,,,TRUE,流感,生活,頭痛,藥物,預約,胸部,TRUE,death,thigh,blood,break,cough,wrist,,,,
word-catalog-v1,CREATE_DRAFT,,,,,gum,gum,noun,A2,body-health,牙齦,,,,,,,,,,TRUE,病毒,頭骨,傷害,發燒,手指,皮膚,TRUE,flu,hit,cure,palm,fat,bone,,,,
word-catalog-v1,CREATE_DRAFT,,,,,eyelash,eyelash,noun,A2,body-health,睫毛,,,,,,,,,,TRUE,手掌,發燒,健康,喉嚨,感冒,事故,TRUE,effect,shoulder,sneeze,sickness,finger,energy,,,,
word-catalog-v1,CREATE_DRAFT,,,,,palm,palm,noun,A2,body-health,手掌,,,,,,,,,,TRUE,大腿,牙痛,牙齦,腳跟,手指,病毒,TRUE,cold,cure,bone,heel,life,skin,,,,
word-catalog-v1,CREATE_DRAFT,,,,,thigh,thigh,noun,A2,body-health,大腿,,,,,,,,,,TRUE,睫毛,腳跟,疾病,手指,流感,頭痛,TRUE,skull,fever,cough,wrist,break,human,,,,
word-catalog-v1,CREATE_DRAFT,,,,,heel,heel,noun,A2,body-health,腳跟,,,,,,,,,,TRUE,心臟,手指,感冒,胸部,頭痛,疼痛,TRUE,pain,test,cure,diet,cold,wrist,,,,
word-catalog-v1,CREATE_DRAFT,,,,,throat,throat,noun,A2,body-health,喉嚨,,,,,,,,,,TRUE,脊椎,皮膚,習慣,疾病,睫毛,心臟,TRUE,effect,sneeze,illness,finger,muscle,virus,,,,
word-catalog-v1,CREATE_DRAFT,,,,,physical,physical,adjective,A2,body-health,身體的,,,,,,,,,,TRUE,危險的,嚴重的,生病的,脆弱的,更好,強壯的,TRUE,serious,better,dangerous,strong,broken,cold,,,,
word-catalog-v1,CREATE_DRAFT,,,,,strong,strong,adjective,A2,body-health,強壯的,,,,,,,,,weak,TRUE,脆弱的,身體的,危險的,破碎的,嚴重的,生病的,TRUE,better,broken,weak,serious,physical,sick,,,,
word-catalog-v1,CREATE_DRAFT,,,,,weak,weak,adjective,A2,body-health,脆弱的,,,,,,,,,strong,TRUE,強壯的,身體的,生病的,嚴重的,危險的,健康,TRUE,sick,cold,strong,better,broken,serious,,,,
word-catalog-v1,CREATE_DRAFT,,,,,wrist,wrist,noun,A2,body-health,手腕,,,,,,,,,,TRUE,流感,血液,心臟,死亡,耳痛,牙齦,TRUE,fever,thigh,break,elbow,habit,skull,,,,
word-catalog-v1,CREATE_DRAFT,,,,,brain,brain,noun,A2,body-health,腦,,,,,,,,,,TRUE,人,脂肪,頭骨,流感,感冒,病人,TRUE,blood,thigh,virus,death,skull,break,,,,
word-catalog-v1,CREATE_DRAFT,,,,,elbow,elbow,noun,A2,body-health,肘,,,,,,,,,,TRUE,人,皮膚,脊椎,骨頭,大腿,飲食,TRUE,virus,skull,habit,heel,fever,heart,,,,
word-catalog-v1,CREATE_DRAFT,,,,,finger,finger,noun,A2,body-health,手指,,,,,,,,,,TRUE,胃痛,牙齦,頭痛,能量,骨頭,死亡,TRUE,injury,throat,effect,muscle,sneeze,cough,,,,
word-catalog-v1,CREATE_DRAFT,,,,,heart,heart,noun,A2,body-health,心臟,,,,,,,,,,TRUE,事故,飲食,生活,流感,大腿,病毒,TRUE,fever,wrist,blood,thigh,skull,cough,,,,
word-catalog-v1,CREATE_DRAFT,,,,,human,human,noun,A2,body-health,人,,,,,,,,,,TRUE,肘,大腿,死亡,能量,肌肉,噴嚏,TRUE,habit,elbow,wrist,blood,break,death,,,,
word-catalog-v1,CREATE_DRAFT,,,,,shoulder,shoulder,noun,A2,body-health,肩膀,,,,,,,,,,TRUE,骨頭,脊椎,疾病,睫毛,健康,手掌,TRUE,backache,sickness,accident,patient,toothache,headache,,,,
word-catalog-v1,CREATE_DRAFT,,,,,and,and,conjunction,A2,function-words,和,,,,,,,,,,TRUE,比,而,一旦,當,或,那,TRUE,nor,if,or,that,but,when,,,,
word-catalog-v1,CREATE_DRAFT,,,,,or,or,conjunction,A2,function-words,或,,,,,,,,,,TRUE,那,當,但是,和,比,也不,TRUE,if,so,as,and,yet,that,,,,
word-catalog-v1,CREATE_DRAFT,,,,,but,but,conjunction,A2,function-words,但是,,,,,,,,,,TRUE,自從,一旦,是否,既然,所以,雖然,TRUE,and,nor,as,yet,or,if,,,,
word-catalog-v1,CREATE_DRAFT,,,,,if,if,conjunction,A2,function-words,如果,,,,,,,,,,TRUE,自從,但是,既然,也不,所以,一旦,TRUE,as,or,nor,so,and,than,,,,
word-catalog-v1,CREATE_DRAFT,,,,,as,as,conjunction,A2,function-words,當,,,,,,,,,,TRUE,或,比,和,那,是否,而,TRUE,so,but,yet,or,if,than,,,,
word-catalog-v1,CREATE_DRAFT,,,,,because,because,conjunction,A2,function-words,因為,,,,,,,,,,TRUE,也不,是否,然而,但是,所以,哪裡,TRUE,whereas,whether,although,whenever,since,now that,,,,
word-catalog-v1,CREATE_DRAFT,,,,,so,so,conjunction,A2,function-words,所以,,,,,,,,,,TRUE,每當,因為,然而,也不,哪裡,但是,TRUE,but,or,if,as,yet,and,,,,
word-catalog-v1,CREATE_DRAFT,,,,,since,since,conjunction,A2,function-words,自從,,,,,,,,,,TRUE,也不,是否,如果,每當,既然,哪裡,TRUE,where,when,once,though,that,than,,,,
word-catalog-v1,CREATE_DRAFT,,,,,now that,now that,conjunction,A2,function-words,既然,,,,,"Now that the rain has stopped, we can leave.",既然雨已經停了，我們可以出發。,,,,TRUE,雖然,每當,如果,是否,也不,而,TRUE,although,whenever,whether,whereas,because,since,,,,
word-catalog-v1,CREATE_DRAFT,,,,,once,once,conjunction,A2,function-words,一旦,,,,,,,,,,TRUE,雖然,也不,自從,但是,所以,既然,TRUE,that,nor,when,than,and,where,,,,
word-catalog-v1,CREATE_DRAFT,,,,,although,although,conjunction,A2,function-words,雖然,,,,,,,,,,TRUE,哪裡,但是,所以,每當,如果,是否,TRUE,whenever,whereas,whether,now that,because,since,,,,
word-catalog-v1,CREATE_DRAFT,,,,,though,though,conjunction,A2,function-words,雖然,,,,,,,,,,TRUE,然而,因為,既然,如果,或,比,TRUE,whereas,where,whenever,because,whether,when,,,,
word-catalog-v1,CREATE_DRAFT,,,,,that,that,conjunction,A2,function-words,那,,,,,,,,,,TRUE,當,和,既然,也不,如果,或,TRUE,once,nor,than,when,yet,where,,,,
word-catalog-v1,CREATE_DRAFT,,,,,yet,yet,conjunction,A2,function-words,然而,可是,,,,,,,,,TRUE,是否,但是,因為,所以,雖然,如果,TRUE,and,nor,or,but,so,once,,,,
word-catalog-v1,CREATE_DRAFT,,,,,when,when,conjunction,A2,function-words,當,,,,,,,,,,TRUE,或,那,而,但是,比,既然,TRUE,than,yet,nor,once,but,that,,,,
word-catalog-v1,CREATE_DRAFT,,,,,whenever,whenever,conjunction,A2,function-words,每當,,,,,,,,,,TRUE,哪裡,是否,自從,所以,如果,然而,TRUE,although,because,now that,whether,whereas,though,,,,
word-catalog-v1,CREATE_DRAFT,,,,,where,where,conjunction,A2,function-words,哪裡,,,,,,,,,,TRUE,但是,然而,雖然,因為,每當,是否,TRUE,since,than,when,that,once,though,,,,
word-catalog-v1,CREATE_DRAFT,,,,,whereas,whereas,conjunction,A2,function-words,而,,,,,,,,,,TRUE,和,或,雖然,也不,因為,是否,TRUE,whether,because,although,since,where,now that,,,,
word-catalog-v1,CREATE_DRAFT,,,,,whether,whether,conjunction,A2,function-words,是否,,,,,,,,,,TRUE,既然,如果,每當,哪裡,所以,雖然,TRUE,whereas,because,though,although,now that,whenever,,,,
word-catalog-v1,CREATE_DRAFT,,,,,during,during,preposition,A2,function-words,在……期間,,,,,,,,,,TRUE,在……外面,反對,除了,通過,直到,裡面,TRUE,inside,through,outside,except,against,around,,,,
word-catalog-v1,CREATE_DRAFT,,,,,until,until,preposition,A2,function-words,直到,,,,,,,,,,TRUE,通過,裡面,反對,關於,從,周圍,TRUE,except,inside,like,about,around,during,,,,
word-catalog-v1,CREATE_DRAFT,,,,,from,from,preposition,A2,function-words,從,,,,,,,,,,TRUE,像,通過,的,直到,為,裡面,TRUE,for,like,about,until,except,by,,,,
word-catalog-v1,CREATE_DRAFT,,,,,of,of,preposition,A2,function-words,的,,,,,,,,,,TRUE,從,像,為,反對,直到,周圍,TRUE,by,for,from,like,about,until,,,,
word-catalog-v1,CREATE_DRAFT,,,,,through,through,preposition,A2,function-words,通過,,,,,,,,,,TRUE,裡面,關於,周圍,除了,為,直到,TRUE,against,during,except,outside,around,inside,,,,
word-catalog-v1,CREATE_DRAFT,,,,,except,except,preposition,A2,function-words,除了,,,,,,,,,,TRUE,通過,周圍,關於,裡面,為,直到,TRUE,around,about,inside,during,outside,against,,,,
word-catalog-v1,CREATE_DRAFT,,,,,apart from,apart from,preposition,A2,function-words,除了,,,,,,,,,,TRUE,裡面,直到,周圍,關於,反對,的,TRUE,outside,through,against,around,during,until,,,,
word-catalog-v1,CREATE_DRAFT,,,,,around,around,preposition,A2,function-words,周圍,,,,,,,,,,TRUE,通過,除了,裡面,從,反對,直到,TRUE,during,except,inside,about,against,through,,,,
word-catalog-v1,CREATE_DRAFT,,,,,by,by,preposition,A2,function-words,通過,,,,,,,,,,TRUE,直到,裡面,除了,反對,關於,的,TRUE,of,for,from,like,about,inside,,,,
word-catalog-v1,CREATE_DRAFT,,,,,outside,outside,preposition,A2,function-words,在……外面,,,,,,,,,,TRUE,在……期間,周圍,直到,通過,裡面,關於,TRUE,through,against,inside,around,during,except,,,,
word-catalog-v1,CREATE_DRAFT,,,,,inside,inside,preposition,A2,function-words,裡面,,,,,,,,,,TRUE,直到,反對,除了,從,周圍,關於,TRUE,around,except,against,about,through,during,,,,
word-catalog-v1,CREATE_DRAFT,,,,,nor,nor,conjunction,A2,function-words,也不,,,,,,,,,,TRUE,所以,一旦,自從,如果,但是,因為,TRUE,but,and,yet,once,if,than,,,,
word-catalog-v1,CREATE_DRAFT,,,,,for,for,preposition,A2,function-words,為,,,,,,,,,,TRUE,從,的,像,除了,關於,反對,TRUE,from,of,by,until,like,about,,,,
word-catalog-v1,CREATE_DRAFT,,,,,about,about,preposition,A2,function-words,關於,有關,,,,,,,,,TRUE,除了,直到,周圍,裡面,反對,通過,TRUE,inside,except,from,until,like,during,,,,
word-catalog-v1,CREATE_DRAFT,,,,,against,against,preposition,A2,function-words,反對,,,,,,,,,,TRUE,除了,周圍,直到,裡面,從,關於,TRUE,through,around,inside,during,outside,except,,,,
word-catalog-v1,CREATE_DRAFT,,,,,than,than,conjunction,A2,function-words,比,,,,,,,,,,TRUE,或,那,一旦,而,是否,因為,TRUE,that,where,when,since,once,yet,,,,
word-catalog-v1,CREATE_DRAFT,,,,,like,like,preposition,A2,function-words,像,,,,,,,,,,TRUE,從,的,為,通過,反對,裡面,TRUE,from,of,during,by,about,for,,,,
word-catalog-v1,CREATE_DRAFT,,,,,communication,communication,noun,A2,communication-language,溝通,,,,,,,,,,TRUE,副詞,電話,對話,討論,名詞,爭吵,TRUE,conversation,invitation,vocabulary,statement,cell phone,discussion,,,,
word-catalog-v1,CREATE_DRAFT,,,,,conversation,conversation,noun,A2,communication-language,對話,,,,,,,,,,TRUE,郵件,動詞,談話,便條,電話,手機,TRUE,cell phone,invitation,communication,adjective,vocabulary,discussion,,,,
word-catalog-v1,CREATE_DRAFT,,,,,opinion,opinion,noun,A2,communication-language,意見,,,,,,,,,,TRUE,郵件,字母,聲明,短語,爭吵,從句,TRUE,adverb,sentence,letter,phrase,grammar,clause,,,,
word-catalog-v1,CREATE_DRAFT,,,,,talk,talk,noun,A2,communication-language,談話,,,,,,,,,,TRUE,短語,對話,電話,討論,郵件,溝通,TRUE,call,note,fight,noun,mail,verb,,,,
word-catalog-v1,CREATE_DRAFT,,,,,call,call,noun,A2,communication-language,電話,,,,,,,,,,TRUE,便條,詞彙,名詞,語法,討論,動詞,TRUE,talk,note,word,verb,noun,mail,,,,
word-catalog-v1,CREATE_DRAFT,,,,,cell phone,cell phone,noun,A2,communication-language,手機,,,,,,,,,,TRUE,對話,談話,討論,從句,郵件,副詞,TRUE,vocabulary,invitation,discussion,adjective,sentence,argument,,,,
word-catalog-v1,CREATE_DRAFT,,,,,argument,argument,noun,A2,communication-language,論點,,,,,,,,,,TRUE,短語,字母,談話,對話,溝通,郵件,TRUE,envelope,opinion,sentence,statement,cell phone,adverb,,,,
word-catalog-v1,CREATE_DRAFT,,,,,discussion,discussion,noun,A2,communication-language,討論,,,,,,,,,,TRUE,動詞,爭吵,便條,郵件,語法,對話,TRUE,adjective,vocabulary,invitation,cell phone,statement,argument,,,,
word-catalog-v1,CREATE_DRAFT,,,,,fight,fight,noun,A2,communication-language,爭吵,,,,,,,,,,TRUE,討論,字母,詞彙,動詞,意見,談話,TRUE,verb,adverb,word,phrase,noun,note,,,,
word-catalog-v1,CREATE_DRAFT,,,,,letter,letter,noun,A2,communication-language,信,,,,,,,,,,TRUE,討論,對話,溝通,詞,便條,副詞,TRUE,adverb,clause,fight,grammar,phrase,note,,,,
word-catalog-v1,CREATE_DRAFT,,,,,mail,mail,noun,A2,communication-language,郵件,,,,,,,,,,TRUE,字母,聲明,討論,從句,論點,副詞,TRUE,verb,note,noun,talk,call,word,,,,
word-catalog-v1,CREATE_DRAFT,,,,,envelope,envelope,noun,A2,communication-language,信封,,,,,,,,,,TRUE,字母,談話,電話,討論,手機,爭吵,TRUE,argument,statement,adjective,sentence,opinion,grammar,,,,
word-catalog-v1,CREATE_DRAFT,,,,,say,say,verb,A2,communication-language,說,,,,,,,,,,TRUE,寄,邀請,發送,拒絕,爭論,探訪,TRUE,send,mail,fight,tell,argue,agree,,,,
word-catalog-v1,CREATE_DRAFT,,,,,tell,tell,verb,A2,communication-language,告訴,,,,,,,,,,TRUE,同意,發送,邀請,發音,溝通,探訪,TRUE,mail,send,fight,reply,visit,reject,,,,
word-catalog-v1,CREATE_DRAFT,,,,,discuss,discuss,verb,A2,communication-language,討論,,,,,,,,,,TRUE,接受,拒絕,溝通,回覆,探訪,發音,TRUE,receive,invite,accept,reject,argue,disagree,,,,
word-catalog-v1,CREATE_DRAFT,,,,,visit,visit,verb,A2,communication-language,探訪,拜訪|訪問,,,,,,,,,TRUE,溝通,邀請,誤解,接受,同意,發送,TRUE,reply,argue,agree,fight,tell,mail,,,,
word-catalog-v1,CREATE_DRAFT,,,,,reply,reply,verb,A2,communication-language,回覆,,,,,,,,respond,,TRUE,發音,抱怨,告訴,誤解,邀請,探訪,TRUE,argue,visit,accept,invite,fight,reject,,,,
word-catalog-v1,CREATE_DRAFT,,,,,argue,argue,verb,A2,communication-language,爭論,,,,,,,,,,TRUE,邀請,探訪,抱怨,收到,同意,誤解,TRUE,fight,agree,visit,accept,reply,mail,,,,
word-catalog-v1,CREATE_DRAFT,,,,,mail,mail,verb,A2,communication-language,寄,,,,,,,,,,TRUE,探訪,說,接受,告訴,誤解,拒絕,TRUE,send,tell,fight,visit,argue,reply,,,,
word-catalog-v1,CREATE_DRAFT,,,,,together,together,adverb,A2,communication-language,一起,,,,,,,,,,TRUE,獨自,平靜地,最近,也許,幾乎,無處,TRUE,calmly,alone,probably,recently,actually,at least,,,,
word-catalog-v1,CREATE_DRAFT,,,,,calmly,calmly,adverb,A2,communication-language,平靜地,,,,,,,,,,TRUE,一起,獨自,快速地,實際上,確切地,大大地,TRUE,alone,together,almost,loudly,weekly,slowly,,,,
word-catalog-v1,CREATE_DRAFT,,,,,alone,alone,adverb,A2,communication-language,獨自,,,,,,,,,,TRUE,一起,平靜地,稍後,兩次,越過,極其,TRUE,calmly,together,early,later,slowly,before,,,,
word-catalog-v1,CREATE_DRAFT,,,,,social,social,adjective,A2,communication-language,社交的,好交際的,,,,,,,,,TRUE,鮮豔的,相似的,禿頭的,真實的,危險的,美味的,TRUE,Greek,Dutch,Turkish,Vietnamese,formal,modern,,,,
word-catalog-v1,CREATE_DRAFT,,,,,send,send,verb,A2,communication-language,發送,,,,,,,,,,TRUE,拒絕,溝通,回覆,告訴,接受,誤解,TRUE,say,tell,mail,accept,argue,reply,,,,
word-catalog-v1,CREATE_DRAFT,,,,,receive,receive,verb,A2,communication-language,收到,,,,,,,,,,TRUE,探訪,邀請,拒絕,討論,同意,告訴,TRUE,discuss,accept,complain,visit,agree,reject,,,,
word-catalog-v1,CREATE_DRAFT,,,,,understand,understand,verb,A2,communication-language,理解,,,,,,,,,,TRUE,發音,發送,爭論,討論,誤解,溝通,TRUE,communicate,disagree,pronounce,complain,discuss,receive,,,,
word-catalog-v1,CREATE_DRAFT,,,,,misunderstand,misunderstand,verb,A2,communication-language,誤解,,,,,,,,,,TRUE,理解,抱怨,發音,同意,收到,討論,TRUE,communicate,understand,disagree,pronounce,complain,receive,,,,
word-catalog-v1,CREATE_DRAFT,,,,,agree,agree,verb,A2,communication-language,同意,,,,,,,,,disagree,TRUE,邀請,接受,發送,探訪,理解,收到,TRUE,reply,fight,visit,mail,argue,send,,,,
word-catalog-v1,CREATE_DRAFT,,,,,disagree,disagree,verb,A2,communication-language,不同意,,,,,,,,,,TRUE,邀請,探訪,討論,爭論,溝通,接受,TRUE,receive,complain,discuss,invite,pronounce,reject,,,,
word-catalog-v1,CREATE_DRAFT,,,,,accept,accept,verb,A2,communication-language,接受,,,,,,,,,reject,TRUE,發送,回覆,邀請,同意,誤解,探訪,TRUE,invite,reject,argue,reply,receive,discuss,,,,
word-catalog-v1,CREATE_DRAFT,,,,,reject,reject,verb,A2,communication-language,拒絕,,,,,,,,,,TRUE,接受,發送,討論,探訪,邀請,同意,TRUE,accept,invite,reply,discuss,visit,receive,,,,
word-catalog-v1,CREATE_DRAFT,,,,,statement,statement,noun,A2,communication-language,聲明,,,,,,,,,,TRUE,名詞,便條,副詞,爭吵,從句,手機,TRUE,adjective,argument,sentence,discussion,cell phone,vocabulary,,,,
word-catalog-v1,CREATE_DRAFT,,,,,note,note,noun,A2,communication-language,便條,,,,,She left a note on the table.,她在桌上留了一張便條。,,,,TRUE,副詞,語法,句子,短語,邀請,論點,TRUE,noun,verb,talk,mail,call,word,,,,
word-catalog-v1,CREATE_DRAFT,,,,,invitation,invitation,noun,A2,communication-language,邀請,,,,,,,,,,TRUE,意見,談話,溝通,信封,短語,句子,TRUE,cell phone,statement,adjective,discussion,vocabulary,sentence,,,,
word-catalog-v1,CREATE_DRAFT,,,,,communicate,communicate,verb,A2,communication-language,溝通,,,,,,,,,,TRUE,發音,拒絕,接受,收到,討論,回覆,TRUE,understand,misunderstand,pronounce,complain,disagree,receive,,,,
word-catalog-v1,CREATE_DRAFT,,,,,complain,complain,verb,A2,communication-language,抱怨,,,,,,,,,,TRUE,回覆,收到,誤解,接受,告訴,探訪,TRUE,disagree,discuss,pronounce,receive,reject,accept,,,,
word-catalog-v1,CREATE_DRAFT,,,,,invite,invite,verb,A2,communication-language,邀請,,,,,,,,,,TRUE,探訪,接受,拒絕,討論,抱怨,爭論,TRUE,reject,accept,receive,agree,discuss,reply,,,,
word-catalog-v1,CREATE_DRAFT,,,,,pronounce,pronounce,verb,A2,communication-language,發音,,,,,,,,,,TRUE,誤解,同意,理解,抱怨,回覆,討論,TRUE,disagree,complain,understand,discuss,receive,communicate,,,,
word-catalog-v1,CREATE_DRAFT,,,,,cinema,cinema,noun,A2,arts-culture-media,電影院,,,,,,,,,,TRUE,爵士樂,音樂會,好萊塢,音樂家,搖滾音樂,評論,TRUE,horror,dancer,artist,review,comedy,drama,,,,
word-catalog-v1,CREATE_DRAFT,,,,,the movies,the movies,noun,A2,arts-culture-media,電影院,,,,,,,,,,TRUE,藝術家,紀錄片,好萊塢,女主角,吉他手,爵士樂,TRUE,instrument,documentary,guitarist,rock music,celebrity,character,,,,
word-catalog-v1,CREATE_DRAFT,,,,,theatre,theatre,noun,A2,arts-culture-media,劇院,,,,,,,theater,,,TRUE,獎項,表演,娛樂,評論,卡通,畫家,TRUE,fantasy,painter,heroine,concert,picture,festival,,,,
word-catalog-v1,CREATE_DRAFT,,,,,artist,artist,noun,A2,arts-culture-media,藝術家,,,,,,,,,,TRUE,音樂家,吉他手,好萊塢,音樂會,故事,紀錄片,TRUE,horror,comedy,dancer,review,screen,theatre,,,,
word-catalog-v1,CREATE_DRAFT,,,,,acting,acting,noun,A2,arts-culture-media,表演,,,,,,,,,,TRUE,恐怖,場景,樂器,歌曲,繪畫,舞者,TRUE,comedy,review,dancer,record,horror,screen,,,,
word-catalog-v1,CREATE_DRAFT,,,,,role,role,noun,A2,arts-culture-media,角色,,,,,,,,,,TRUE,喜劇,戲劇,導演,小說,歌劇,結尾,TRUE,hero,song,novel,drama,scene,poet,,,,
word-catalog-v1,CREATE_DRAFT,,,,,scene,scene,noun,A2,arts-culture-media,場景,,,,,,,,,,TRUE,表演,樂器,戲劇,圖片,評論,劇院,TRUE,story,drama,dance,cinema,screen,award,,,,
word-catalog-v1,CREATE_DRAFT,,,,,screen,screen,noun,A2,arts-culture-media,銀幕,,,,,The film looked amazing on the big screen.,這齣電影在大銀幕上效果很好。,,,,TRUE,畫家,喜劇,戲劇,聲音,劇院,圖片,TRUE,horror,dancer,review,player,cinema,comedy,,,,
word-catalog-v1,CREATE_DRAFT,,,,,character,character,noun,A2,arts-culture-media,角色,,,,,My favorite character is the hero.,我最喜愛的角色是男主角。,,,,TRUE,歌劇,歌曲,恐怖,小說,聲音,名人,TRUE,guitarist,Hollywood,pop music,instrument,director,celebrity,,,,
word-catalog-v1,CREATE_DRAFT,,,,,director,director,noun,A2,arts-culture-media,導演,,,,,,,,,,TRUE,歌劇,小說,作品,銀幕,歌曲,幻想,TRUE,painting,concert,Hollywood,fantasy,musician,theatre,,,,
word-catalog-v1,CREATE_DRAFT,,,,,hero,hero,noun,A2,arts-culture-media,英雄,,,,,,,,,,TRUE,喜劇,歌劇,獎項,結尾,評論,角色,TRUE,role,tour,poet,jazz,song,work,,,,
word-catalog-v1,CREATE_DRAFT,,,,,heroine,heroine,noun,A2,arts-culture-media,女主角,,,,,,,,,,TRUE,爵士樂,藝術家,舞者,導演,獎項,小說,TRUE,fantasy,concert,picture,culture,painter,horror,,,,
word-catalog-v1,CREATE_DRAFT,,,,,cartoon,cartoon,noun,A2,arts-culture-media,卡通,,,,,,,,,,TRUE,英雄,樂手,歌劇,唱片,詩人,表演,TRUE,heroine,picture,concert,comedy,festival,review,,,,
word-catalog-v1,CREATE_DRAFT,,,,,comedy,comedy,noun,A2,arts-culture-media,喜劇,,,,,,,,,,TRUE,唱片,節日,角色,導演,繪畫,文化,TRUE,artist,horror,record,cinema,culture,drama,,,,
word-catalog-v1,CREATE_DRAFT,,,,,detective story,detective story,noun,A2,arts-culture-media,偵探故事,,,,,,,,,,TRUE,冒險故事,流行音樂,熱門作品,藝術家,巡迴演出,搖滾音樂,TRUE,adventure story,science fiction,entertainment,documentary,rock music,performance,,,,
word-catalog-v1,CREATE_DRAFT,,,,,drama,drama,noun,A2,arts-culture-media,戲劇,,,,,,,,,,TRUE,恐怖,幻想,評論,表演,詩人,喜劇,TRUE,novel,award,dance,story,scene,opera,,,,
word-catalog-v1,CREATE_DRAFT,,,,,fantasy,fantasy,noun,A2,arts-culture-media,幻想,,,,,,,,,,TRUE,名人,獎項,表演,角色,戲劇,歌劇,TRUE,theatre,cartoon,painter,screen,picture,musician,,,,
word-catalog-v1,CREATE_DRAFT,,,,,horror,horror,noun,A2,arts-culture-media,恐怖,,,,,,,,,,TRUE,樂手,劇院,畫家,喜劇,場景,獎項,TRUE,comedy,dancer,review,record,acting,heroine,,,,
word-catalog-v1,CREATE_DRAFT,,,,,ending,ending,noun,A2,arts-culture-media,結尾,,,,,,,,,,TRUE,導演,故事,恐怖,卡通,歌劇,名人,TRUE,review,acting,player,dancer,record,comedy,,,,
word-catalog-v1,CREATE_DRAFT,,,,,adventure story,adventure story,noun,A2,arts-culture-media,冒險故事,,,,,,,,,,TRUE,搖滾音樂,巡迴演出,流行音樂,偵探故事,熱門作品,爵士樂,TRUE,science fiction,detective story,entertainment,documentary,performance,pop music,,,,
word-catalog-v1,CREATE_DRAFT,,,,,science fiction,science fiction,noun,A2,arts-culture-media,科幻,,,,,,,,,,TRUE,舞者,表演,唱片,小說,樂器,場景,TRUE,adventure story,detective story,entertainment,documentary,performance,rock music,,,,
word-catalog-v1,CREATE_DRAFT,,,,,documentary,documentary,noun,A2,arts-culture-media,紀錄片,,,,,,,,,,TRUE,女主角,爵士樂,音樂家,藝術家,表演,節日,TRUE,the movies,performance,instrument,rock music,guitarist,entertainment,,,,
word-catalog-v1,CREATE_DRAFT,,,,,Hollywood,Hollywood,noun,A2,arts-culture-media,好萊塢,,,,,,,,,,TRUE,吉他手,藝術家,爵士樂,音樂家,畫家,唱片,TRUE,pop music,celebrity,character,festival,musician,guitarist,,,,
word-catalog-v1,CREATE_DRAFT,,,,,review,review,noun,A2,arts-culture-media,評論,,,,,,,,,,TRUE,歌曲,藝術,名人,導演,獎項,角色,TRUE,ending,comedy,screen,player,horror,artist,,,,
word-catalog-v1,CREATE_DRAFT,,,,,performance,performance,noun,A2,arts-culture-media,表演,,,,,,,,,,TRUE,圖片,戲劇,樂器,卡通,故事,英雄,TRUE,documentary,the movies,rock music,instrument,pop music,character,,,,
word-catalog-v1,CREATE_DRAFT,,,,,festival,festival,noun,A2,arts-culture-media,節日,,,,,,,,,,TRUE,場景,作品,銀幕,卡通,圖片,角色,TRUE,director,painting,picture,cartoon,musician,theatre,,,,
word-catalog-v1,CREATE_DRAFT,,,,,award,award,noun,A2,arts-culture-media,獎項,,,,,,,,,,TRUE,卡通,銀幕,圖片,戲劇,英雄,樂器,TRUE,novel,drama,dance,scene,artist,song,,,,
word-catalog-v1,CREATE_DRAFT,,,,,celebrity,celebrity,noun,A2,arts-culture-media,名人,,,,,,,,,,TRUE,詩人,評論,導演,藝術,樂手,角色,TRUE,pop music,guitarist,character,rock music,director,Hollywood,,,,
word-catalog-v1,CREATE_DRAFT,,,,,entertainment,entertainment,noun,A2,arts-culture-media,娛樂,,,,,,,,,,TRUE,科幻,歌劇,聲音,藝術,樂手,節日,TRUE,documentary,adventure story,performance,instrument,science fiction,detective story,,,,
word-catalog-v1,CREATE_DRAFT,,,,,act,act,verb,A2,arts-culture-media,表演,,,,,,,,,,TRUE,跳舞,唱歌,拍攝,演奏,抱怨,理解,TRUE,hit,sing,film,work,record,dance,,,,
word-catalog-v1,CREATE_DRAFT,,,,,film,film,verb,A2,arts-culture-media,拍攝,,,,,,,,,,TRUE,唱歌,跳舞,演奏,表演,解決,行動,TRUE,work,play,hit,act,sing,dance,,,,
word-catalog-v1,CREATE_DRAFT,,,,,perform,perform,verb,A2,arts-culture-media,表演,,,,,,,,,,TRUE,拍攝,跳舞,演奏,唱歌,傷害,擦乾,TRUE,dance,record,work,film,hit,sing,,,,
word-catalog-v1,CREATE_DRAFT,,,,,culture,culture,noun,A2,arts-culture-media,文化,,,,,,,,,,TRUE,歌曲,喜劇,詩人,卡通,英雄,戲劇,TRUE,fantasy,festival,cartoon,picture,artist,director,,,,
word-catalog-v1,CREATE_DRAFT,,,,,art,art,noun,A2,arts-culture-media,藝術,,,,,,,,,,TRUE,詩人,娛樂,圖片,卡通,英雄,文化,TRUE,hit,hero,drum,jazz,poet,scene,,,,
word-catalog-v1,CREATE_DRAFT,,,,,painting,painting,noun,A2,arts-culture-media,繪畫,,,,,,,,,,TRUE,場景,表演,角色,故事,科幻,劇院,TRUE,director,fantasy,musician,cartoon,character,painter,,,,
word-catalog-v1,CREATE_DRAFT,,,,,picture,picture,noun,A2,arts-culture-media,圖片,,,,,,,,,,TRUE,歌曲,樂手,詩人,表演,角色,聲音,TRUE,painter,concert,theatre,culture,cartoon,festival,,,,
word-catalog-v1,CREATE_DRAFT,,,,,hit,hit,noun,A2,arts-culture-media,熱門作品,,,,,,,,,,TRUE,流行音樂,偵探故事,冒險故事,巡迴演出,爵士樂,搖滾音樂,TRUE,art,song,hero,poet,tour,drum,,,,
word-catalog-v1,CREATE_DRAFT,,,,,instrument,instrument,noun,A2,arts-culture-media,樂器,,,,,,,,,,TRUE,恐怖,英雄,結尾,藝術,角色,獎項,TRUE,the movies,guitarist,Hollywood,rock music,character,documentary,,,,
word-catalog-v1,CREATE_DRAFT,,,,,guitarist,guitarist,noun,A2,arts-culture-media,吉他手,,,,,,,,,,TRUE,音樂家,爵士樂,女主角,電影院,藝術家,音樂會,TRUE,Hollywood,character,pop music,instrument,painting,celebrity,,,,
word-catalog-v1,CREATE_DRAFT,,,,,musician,musician,noun,A2,arts-culture-media,音樂家,,,,,,,,,,TRUE,藝術家,音樂會,女主角,吉他手,爵士樂,戲劇,TRUE,festival,painting,director,character,heroine,Hollywood,,,,
word-catalog-v1,CREATE_DRAFT,,,,,jazz,jazz,noun,A2,arts-culture-media,爵士樂,,,,,,,,,,TRUE,紀錄片,女主角,藝術家,故事,好萊塢,音樂會,TRUE,poet,role,work,story,tour,art,,,,
word-catalog-v1,CREATE_DRAFT,,,,,rock music,rock music,noun,A2,arts-culture-media,搖滾音樂,,,,,,,,,,TRUE,巡迴演出,熱門作品,冒險故事,流行音樂,偵探故事,女主角,TRUE,instrument,character,celebrity,Hollywood,the movies,guitarist,,,,
word-catalog-v1,CREATE_DRAFT,,,,,record,record,noun,A2,arts-culture-media,唱片,,,,,My father bought an old jazz record.,爸爸買了一張舊爵士樂唱片。,,,,TRUE,戲劇,科幻,英雄,劇院,喜劇,恐怖,TRUE,comedy,ending,player,dancer,horror,cinema,,,,
word-catalog-v1,CREATE_DRAFT,,,,,tour,tour,noun,A2,arts-culture-media,巡迴演出,,,,,,,,,,TRUE,流行音樂,偵探故事,搖滾音樂,音樂家,熱門作品,藝術家,TRUE,work,drum,role,hero,song,scene,,,,
word-catalog-v1,CREATE_DRAFT,,,,,voice,voice,noun,A2,arts-culture-media,聲音,,,,,,,,,,TRUE,繪畫,文化,畫家,結尾,銀幕,英雄,TRUE,novel,scene,drama,award,acting,dance,,,,
word-catalog-v1,CREATE_DRAFT,,,,,work,work,noun,A2,arts-culture-media,作品,,,,,This painting is her latest work.,這幅畫是她最新的作品。,,,,TRUE,導演,科幻,詩人,小說,節日,繪畫,TRUE,jazz,role,hero,tour,dance,poet,,,,
word-catalog-v1,CREATE_DRAFT,,,,,concert,concert,noun,A2,arts-culture-media,音樂會,,,,,,,,,,TRUE,藝術家,電影院,女主角,音樂家,吉他手,娛樂,TRUE,painter,culture,fantasy,cartoon,horror,dancer,,,,
word-catalog-v1,CREATE_DRAFT,,,,,dancer,dancer,noun,A2,arts-culture-media,舞者,,,,,,,,,,TRUE,詩人,節日,角色,劇院,樂器,小說,TRUE,artist,player,ending,acting,review,fantasy,,,,
word-catalog-v1,CREATE_DRAFT,,,,,drum,drum,noun,A2,arts-culture-media,鼓,,,,,,,,,,TRUE,歌劇,詩人,作品,文化,娛樂,繪畫,TRUE,hero,role,song,tour,poet,work,,,,
word-catalog-v1,CREATE_DRAFT,,,,,poet,poet,noun,A2,arts-culture-media,詩人,,,,,,,,,,TRUE,聲音,小說,獎項,歌劇,娛樂,節日,TRUE,hero,song,tour,work,scene,opera,,,,
word-catalog-v1,CREATE_DRAFT,,,,,story,story,noun,A2,arts-culture-media,故事,,,,,,,,,,TRUE,樂器,評論,劇院,歌劇,繪畫,卡通,TRUE,scene,award,dance,drama,opera,voice,,,,
word-catalog-v1,CREATE_DRAFT,,,,,novel,novel,noun,A2,arts-culture-media,小說,,,,,,,,,,TRUE,歌劇,歌曲,作品,文化,戲劇,繪畫,TRUE,award,opera,story,voice,comedy,hero,,,,
word-catalog-v1,CREATE_DRAFT,,,,,song,song,noun,A2,arts-culture-media,歌曲,,,,,,,,,,TRUE,名人,表演,樂器,節日,結尾,恐怖,TRUE,work,poet,hero,art,scene,opera,,,,
word-catalog-v1,CREATE_DRAFT,,,,,player,player,noun,A2,arts-culture-media,樂手,,,,,,,,,,TRUE,表演,聲音,舞者,節日,喜劇,小說,TRUE,comedy,dancer,artist,cinema,review,record,,,,
word-catalog-v1,CREATE_DRAFT,,,,,painter,painter,noun,A2,arts-culture-media,畫家,,,,,,,,,,TRUE,詩人,藝術,戲劇,銀幕,結尾,文化,TRUE,cartoon,culture,fantasy,theatre,concert,dancer,,,,
word-catalog-v1,CREATE_DRAFT,,,,,classical,classical,adjective,A2,arts-culture-media,古典的,,,,,,,,,,TRUE,大聲的,音樂的,相似的,全熟的,重要的,可怕的,TRUE,musical,loud,Norwegian,available,full-time,part-time,,,,
word-catalog-v1,CREATE_DRAFT,,,,,musical,musical,adjective,A2,arts-culture-media,音樂的,,,,,,,,,,TRUE,大聲的,古典的,野生的,自信的,瑞士的,偉大的,TRUE,loud,classical,special,unusual,certain,unhappy,,,,
word-catalog-v1,CREATE_DRAFT,,,,,opera,opera,noun,A2,arts-culture-media,歌劇,,,,,,,,,,TRUE,詩人,歌曲,藝術,表演,科幻,英雄,TRUE,novel,screen,horror,player,voice,award,,,,
word-catalog-v1,CREATE_DRAFT,,,,,loud,loud,adjective,A2,arts-culture-media,大聲的,,,,,,,,,,TRUE,音樂的,古典的,聰明的,寬鬆的,空閒的,安靜的,TRUE,musical,classical,bald,pale,hard,cute,,,,
word-catalog-v1,CREATE_DRAFT,,,,,loudly,loudly,adverb,A2,arts-culture-media,大聲地,,,,,,,,,,TRUE,大大地,慢慢地,在國外,確切地,容易地,無處,TRUE,almost,around,abroad,calmly,slowly,yearly,,,,
word-catalog-v1,CREATE_DRAFT,,,,,sing,sing,verb,A2,arts-culture-media,唱歌,,,,,,,,,,TRUE,表演,拍攝,跳舞,演奏,研究,接受,TRUE,work,play,dance,film,act,hit,,,,
word-catalog-v1,CREATE_DRAFT,,,,,play,play,verb,A2,arts-culture-media,演奏,,,,,,,,,,TRUE,拍攝,唱歌,跳舞,承諾,發音,減少,TRUE,sing,work,film,hit,dance,record,,,,
word-catalog-v1,CREATE_DRAFT,,,,,pop music,pop music,noun,A2,arts-culture-media,流行音樂,,,,,,,,,,TRUE,熱門作品,偵探故事,冒險故事,爵士樂,電影院,紀錄片,TRUE,celebrity,director,guitarist,Hollywood,character,painting,,,,
word-catalog-v1,CREATE_DRAFT,,,,,dance,dance,verb,A2,arts-culture-media,跳舞,,,,,,,,,,TRUE,表演,拍攝,唱歌,演奏,關閉,航行,TRUE,sing,film,play,record,work,act,,,,
word-catalog-v1,CREATE_DRAFT,,,,,grandparent,grandparent,noun,A2,people-family,祖父母,,,,,,,,,,TRUE,中間名,成員,奶奶,雙胞胎,婚禮,姓氏,TRUE,family name,middle name,granddaughter,background,neighbor,grandson,,,,
word-catalog-v1,CREATE_DRAFT,,,,,grandpa,grandpa,noun,A2,people-family,爺爺,,,,,,,,,,TRUE,姓氏,群組,奶奶,孩子,雙胞胎,孫女,TRUE,wedding,grandma,surname,neighbor,raise,group,,,,
word-catalog-v1,CREATE_DRAFT,,,,,grandma,grandma,noun,A2,people-family,奶奶,,,,,,,,,,TRUE,姓氏,一對,鄰居,孩子,孫子,爺爺,TRUE,wedding,surname,grandpa,couple,grandson,neighbor,,,,
word-catalog-v1,CREATE_DRAFT,,,,,granddaughter,granddaughter,noun,A2,people-family,孫女,,,,,,,,,,TRUE,奶奶,客人,鄰居,成員,孩子,群組,TRUE,middle name,grandparent,family name,background,grandson,neighbor,,,,
word-catalog-v1,CREATE_DRAFT,,,,,grandson,grandson,noun,A2,people-family,孫子,,,,,,,,,,TRUE,客人,孩子,成員,姓氏,背景,孫女,TRUE,neighbor,grandpa,grandma,couple,background,surname,,,,
word-catalog-v1,CREATE_DRAFT,,,,,group,group,noun,A2,people-family,群組,,,,,,,,,,TRUE,孩子,背景,孫女,姓氏,婚禮,客人,TRUE,couple,twin,guest,raise,member,wedding,,,,
word-catalog-v1,CREATE_DRAFT,,,,,guest,guest,noun,A2,people-family,客人,,,,,,,,,,TRUE,孩子,奶奶,婚禮,孫子,孫女,群組,TRUE,raise,group,couple,twin,kid,member,,,,
word-catalog-v1,CREATE_DRAFT,,,,,neighbor,neighbor,noun,A2,people-family,鄰居,,,,,,,,,,TRUE,姓氏,婚禮,孫子,客人,雙胞胎,爺爺,TRUE,grandma,wedding,grandson,grandpa,member,surname,,,,
word-catalog-v1,CREATE_DRAFT,,,,,surname,surname,noun,A2,people-family,姓氏,,,,,,,,,,TRUE,孫女,奶奶,群組,鄰居,雙胞胎,祖父母,TRUE,wedding,grandma,member,grandpa,grandson,neighbor,,,,
word-catalog-v1,CREATE_DRAFT,,,,,family name,family name,noun,A2,people-family,姓氏,,,,,,,,,,TRUE,群組,鄰居,爺爺,雙胞胎,孩子,成員,TRUE,middle name,background,grandparent,grandson,granddaughter,neighbor,,,,
word-catalog-v1,CREATE_DRAFT,,,,,background,background,noun,A2,people-family,背景,,,,,,,,,,TRUE,成員,孩子,客人,群組,孫子,鄰居,TRUE,middle name,family name,grandson,grandparent,grandma,wedding,,,,
word-catalog-v1,CREATE_DRAFT,,,,,couple,couple,noun,A2,people-family,一對,,,,,,,,,,TRUE,孫子,成員,婚禮,背景,爺爺,奶奶,TRUE,grandpa,group,raise,member,grandma,guest,,,,
word-catalog-v1,CREATE_DRAFT,,,,,twin,twin,noun,A2,people-family,雙胞胎,,,,,,,,,,TRUE,孩子,祖父母,客人,中間名,婚禮,一對,TRUE,group,raise,guest,kid,couple,member,,,,
word-catalog-v1,CREATE_DRAFT,,,,,kid,kid,noun,A2,people-family,孩子,,,,,,,,,,TRUE,客人,姓氏,孫子,群組,成員,孫女,TRUE,twin,guest,group,raise,member,wedding,,,,
word-catalog-v1,CREATE_DRAFT,,,,,member,member,noun,A2,people-family,成員,,,,,,,,,,TRUE,鄰居,群組,爺爺,一對,孫女,姓氏,TRUE,couple,grandpa,guest,group,raise,neighbor,,,,
word-catalog-v1,CREATE_DRAFT,,,,,date,date,verb,A2,people-family,約會,,,,,,,,,,TRUE,成長,關心,撫養,結婚,分手,抓住,TRUE,grow,care,raise,marry,break up,wait,,,,
word-catalog-v1,CREATE_DRAFT,,,,,care,care,verb,A2,people-family,關心,,,,,,,,,,TRUE,撫養,結婚,約會,成長,分手,消失,TRUE,date,marry,grow,raise,break up,lend,,,,
word-catalog-v1,CREATE_DRAFT,,,,,marry,marry,verb,A2,people-family,結婚,,,,,,,,,,TRUE,約會,撫養,成長,關心,分手,相信,TRUE,raise,care,grow,date,break up,hurry,,,,
word-catalog-v1,CREATE_DRAFT,,,,,break up,break up,phrasal_verb,A2,people-family,分手,,,,,They decided to break up last month.,他們上個月決定分手。,,,,TRUE,成長,約會,撫養,結婚,關心,處理,TRUE,grow,marry,raise,date,care,sign out,,,,
word-catalog-v1,CREATE_DRAFT,,,,,grow,grow,verb,A2,people-family,成長,,,,,,,,,,TRUE,結婚,關心,約會,撫養,分手,挑選,TRUE,date,care,marry,raise,break up,boil,,,,
word-catalog-v1,CREATE_DRAFT,,,,,wedding,wedding,noun,A2,people-family,婚禮,,,,,,,,,,TRUE,爺爺,孩子,客人,奶奶,群組,一對,TRUE,grandma,couple,grandpa,surname,grandson,member,,,,
word-catalog-v1,CREATE_DRAFT,,,,,raise,raise,verb,A2,people-family,撫養,,,,,They raised three children.,他們撫養了三名孩子。,,,,TRUE,結婚,約會,關心,成長,分手,增加,TRUE,care,marry,date,grow,break up,knock,,,,
word-catalog-v1,CREATE_DRAFT,,,,,middle name,middle name,noun,A2,people-family,中間名,,,,,,,,,,TRUE,雙胞胎,祖父母,成員,奶奶,婚禮,客人,TRUE,grandparent,family name,granddaughter,background,neighbor,grandson,,,,
word-catalog-v1,CREATE_DRAFT,,,,,menu,menu,noun,A2,food-drink,菜單,,,,,,,,,,TRUE,羊肉,麵條,味道,菠菜,多士,餡餅,TRUE,beef,rest,bean,lamb,pork,pea,,,,
word-catalog-v1,CREATE_DRAFT,,,,,order,order,noun,A2,food-drink,訂單,,,,,Your online order will arrive tomorrow.,你的網上訂單明天送到。,,,,TRUE,甜點,茄子,豌豆,蘑菇,豬肉,餡餅,TRUE,snack,steak,pasta,toast,sauce,vegan,,,,
word-catalog-v1,CREATE_DRAFT,,,,,pasta,pasta,noun,A2,food-drink,意粉,意大利麵,,,,,,,,,TRUE,羊肉,味道,薯片,剩菜,豆類,甜點,TRUE,toast,vegan,taste,order,sauce,bean,,,,
word-catalog-v1,CREATE_DRAFT,,,,,fast food,fast food,noun,A2,food-drink,快餐,,,,,,,,,,TRUE,味道,麵條,漢堡,芹菜,多士,意粉,TRUE,junk food,hamburger,omelette,broccoli,cookbook,vegetarian,,,,
word-catalog-v1,CREATE_DRAFT,,,,,hamburger,hamburger,noun,A2,food-drink,漢堡,,,,,,,,,,TRUE,多士,菜單,芹菜,味道,牛排,豌豆,TRUE,junk food,vegetarian,fast food,omelette,leftovers,hot dog,,,,
word-catalog-v1,CREATE_DRAFT,,,,,hot dog,hot dog,noun,A2,food-drink,熱狗,,,,,,,,,,TRUE,甜點,豌豆,麵條,豆類,薯條,豬肉,TRUE,grocery,cabbage,dessert,cookbook,broccoli,sausage,,,,
word-catalog-v1,CREATE_DRAFT,,,,,sausage,sausage,noun,A2,food-drink,香腸,,,,,,,,,,TRUE,牛排,菠菜,豬肉,茄子,味道,菜單,TRUE,grocery,cabbage,spinach,hot dog,flavour,dessert,,,,
word-catalog-v1,CREATE_DRAFT,,,,,pea,pea,noun,A2,food-drink,豌豆,,,,,,,,,,TRUE,牛排,菜單,快餐,薯片,香腸,豆類,TRUE,tip,pie,bean,pork,tuna,lamb,,,,
word-catalog-v1,CREATE_DRAFT,,,,,bean,bean,noun,A2,food-drink,豆類,豆|豆子,,,,,,,,,TRUE,漢堡,小費,剩菜,小食,香腸,訂單,TRUE,rest,lamb,beef,menu,order,pork,,,,
word-catalog-v1,CREATE_DRAFT,,,,,mushroom,mushroom,noun,A2,food-drink,蘑菇,,,,,,,,,,TRUE,薯片,甜點,菠菜,奄列,多士,芹菜,TRUE,eggplant,cookbook,leftovers,fast food,dessert,hamburger,,,,
word-catalog-v1,CREATE_DRAFT,,,,,noodle,noodle,noun,A2,food-drink,麵條,,,,,,,,,,TRUE,芹菜,牛肉,剩菜,訂單,餡餅,菠菜,TRUE,flavour,snack,steak,celery,toast,dessert,,,,
word-catalog-v1,CREATE_DRAFT,,,,,dessert,dessert,noun,A2,food-drink,甜點,,,,,,,,,,TRUE,牛肉,薯條,漢堡,剩菜,芹菜,小食,TRUE,spinach,sausage,hot dog,cabbage,grocery,celery,,,,
word-catalog-v1,CREATE_DRAFT,,,,,hot chocolate,hot chocolate,noun,A2,food-drink,熱巧克力,,,,,,,,,,TRUE,黑巧克力,素食者,不健康食品,食品雜貨,剩餘部分,吞拿魚,TRUE,dark chocolate,French fries,potato chip,coffee shop,leftovers,vegetarian,,,,
word-catalog-v1,CREATE_DRAFT,,,,,pie,pie,noun,A2,food-drink,餡餅,,,,,,,,,,TRUE,豆類,豬肉,薯條,熱狗,剩菜,芹菜,TRUE,pea,lamb,menu,tip,tuna,bean,,,,
word-catalog-v1,CREATE_DRAFT,,,,,sauce,sauce,noun,A2,food-drink,醬,,,,,,,,,,TRUE,奄列,小食,牛排,薯片,多士,豌豆,TRUE,toast,steak,taste,celery,snack,pasta,,,,
word-catalog-v1,CREATE_DRAFT,,,,,toast,toast,noun,A2,food-drink,多士,,,,,,,,,,TRUE,羊肉,香腸,快餐,芹菜,牛肉,餡餅,TRUE,vegan,sauce,order,beef,snack,steak,,,,
word-catalog-v1,CREATE_DRAFT,,,,,delicious,delicious,adjective,A2,food-drink,美味的,,,,,,,,,,TRUE,新鮮的,五分熟,辣的,甜的,酸的,三分熟,TRUE,well-done,bitter,watery,spicy,sweet,medium,,,,
word-catalog-v1,CREATE_DRAFT,,,,,flavour,flavour,noun,A2,food-drink,味道,,,,,,,flavor,,,TRUE,豆類,快餐,羊肉,小費,牛肉,牛排,TRUE,cabbage,grocery,spinach,hot dog,sausage,cookbook,,,,
word-catalog-v1,CREATE_DRAFT,,,,,fresh,fresh,adjective,A2,food-drink,新鮮的,,,,,,,,,,TRUE,五分熟,三分熟,辣的,美味的,全熟的,苦的,TRUE,sweet,bitter,medium,salty,spicy,sour,,,,
word-catalog-v1,CREATE_DRAFT,,,,,salty,salty,adjective,A2,food-drink,鹹的,,,,,,,,,,TRUE,辣的,新鮮的,酸的,三分熟,苦的,全熟的,TRUE,sweet,spicy,medium,rare,fresh,watery,,,,
word-catalog-v1,CREATE_DRAFT,,,,,sweet,sweet,adjective,A2,food-drink,甜的,,,,,,,,,,TRUE,鹹的,五分熟,苦的,辣的,酸的,全熟的,TRUE,salty,sour,fresh,spicy,watery,rare,,,,
word-catalog-v1,CREATE_DRAFT,,,,,junk food,junk food,noun,A2,food-drink,不健康食品,垃圾食物,,,,,,,,,TRUE,黑巧克力,純素食者,剩餘部分,熱巧克力,咖啡店,食品雜貨,TRUE,hamburger,leftovers,fast food,mushroom,vegetarian,grocery,,,,
word-catalog-v1,CREATE_DRAFT,,,,,potato chip,potato chip,noun,A2,food-drink,薯片,,,,,,,,,,TRUE,牛肉,香腸,蘑菇,快餐,甜點,小費,TRUE,coffee shop,vegetarian,fast food,French fries,hot chocolate,hamburger,,,,
word-catalog-v1,CREATE_DRAFT,,,,,French fries,French fries,noun,A2,food-drink,薯條,,,,,,,,,,TRUE,快餐,漢堡,蘑菇,茄子,豬肉,薯片,TRUE,potato chip,hot chocolate,coffee shop,vegetarian,dark chocolate,junk food,,,,
word-catalog-v1,CREATE_DRAFT,,,,,snack,snack,noun,A2,food-drink,小食,零食,,,,,,,,,TRUE,蘑菇,豌豆,多士,香腸,羊肉,菠菜,TRUE,order,taste,steak,pasta,vegan,rest,,,,
word-catalog-v1,CREATE_DRAFT,,,,,order,order,verb,A2,food-drink,點菜,,,,,We ordered noodles for lunch.,我們午餐點了麵條。,,,,TRUE,給小費,品嚐,供應,炸,收集,複製,TRUE,serve,taste,fry,tip,count,argue,,,,
word-catalog-v1,CREATE_DRAFT,,,,,serve,serve,verb,A2,food-drink,供應,,,,,,,,,,TRUE,點菜,炸,品嚐,給小費,引導,拯救,TRUE,taste,order,fry,tip,begin,focus,,,,
word-catalog-v1,CREATE_DRAFT,,,,,taste,taste,noun,A2,food-drink,味道,,,,,,,,,,TRUE,豆類,羊肉,甜點,菜單,薯片,豌豆,TRUE,order,pasta,noodle,snack,steak,menu,,,,
word-catalog-v1,CREATE_DRAFT,,,,,sour,sour,adjective,A2,food-drink,酸的,,,,,,,,,,TRUE,鹹的,辣的,甜的,美味的,三分熟,全熟的,TRUE,rare,salty,spicy,sweet,fresh,watery,,,,
word-catalog-v1,CREATE_DRAFT,,,,,fry,fry,verb,A2,food-drink,炸,,,,,,,,,,TRUE,品嚐,給小費,供應,點菜,笑,摘,TRUE,tip,serve,order,taste,die,act,,,,
word-catalog-v1,CREATE_DRAFT,,,,,dark chocolate,dark chocolate,noun,A2,food-drink,黑巧克力,,,,,,,,,,TRUE,熱巧克力,食品雜貨,純素食者,剩餘部分,不健康食品,西蘭花,TRUE,hot chocolate,potato chip,coffee shop,French fries,vegetarian,hamburger,,,,
word-catalog-v1,CREATE_DRAFT,,,,,coffee shop,coffee shop,noun,A2,food-drink,咖啡店,,,,,,,,,,TRUE,吞拿魚,西蘭花,烹飪書,薯片,蘑菇,香腸,TRUE,vegetarian,potato chip,junk food,hot chocolate,French fries,hamburger,,,,
word-catalog-v1,CREATE_DRAFT,,,,,health,health,noun,A2,body-health,健康,,,,,,,,,,TRUE,藥物,手腕,疼痛,牙痛,流感,肌肉,TRUE,effect,energy,injury,muscle,throat,virus,,,,
word-catalog-v1,CREATE_DRAFT,,,,,life,life,noun,A2,body-health,生活,,,,,,,,,,TRUE,病毒,睫毛,手掌,藥丸,耳痛,血液,TRUE,bone,cold,pain,test,pill,virus,,,,
word-catalog-v1,CREATE_DRAFT,,,,,death,death,noun,A2,body-health,死亡,,,,,,,,,,TRUE,能量,事故,頭骨,流感,心臟,皮膚,TRUE,skull,heart,brain,virus,fever,thigh,,,,
word-catalog-v1,CREATE_DRAFT,,,,,diet,diet,noun,A2,body-health,飲食,,,,,,,,,,TRUE,皮膚,生活,睫毛,耳痛,事故,藥物,TRUE,palm,ache,cold,test,pain,skin,,,,
word-catalog-v1,CREATE_DRAFT,,,,,energy,energy,noun,A2,body-health,能量,,,,,,,,,,TRUE,傷害,疼痛,血液,感冒,肌肉,頭骨,TRUE,health,throat,muscle,breath,sneeze,eyelash,,,,
word-catalog-v1,CREATE_DRAFT,,,,,habit,habit,noun,A2,body-health,習慣,,,,,,,,,,TRUE,噴嚏,影響,大腿,皮膚,頭骨,背痛,TRUE,cough,fever,virus,blood,pain,human,,,,
word-catalog-v1,CREATE_DRAFT,,,,,illness,illness,noun,A2,body-health,疾病,,,,,,,,sickness|disease,,TRUE,病人,胃痛,感冒,背痛,事故,生活,TRUE,eyelash,patient,headache,sneeze,effect,accident,,,,
word-catalog-v1,CREATE_DRAFT,,,,,disease,disease,noun,A2,body-health,疾病,,,,,,,,,,TRUE,預約,耳痛,死亡,事故,背痛,骨頭,TRUE,patient,eyelash,energy,breath,backbone,health,,,,
word-catalog-v1,CREATE_DRAFT,,,,,ache,ache,noun,A2,body-health,疼痛,,,,,,,,,,TRUE,生活,心臟,牙痛,耳痛,藥物,病人,TRUE,pill,heel,test,cold,life,heart,,,,
word-catalog-v1,CREATE_DRAFT,,,,,earache,earache,noun,A2,body-health,耳痛,,,,,,,,,,TRUE,皮膚,流感,肌肉,生活,睫毛,脊椎,TRUE,throat,energy,disease,shoulder,sneeze,illness,,,,
word-catalog-v1,CREATE_DRAFT,,,,,headache,headache,noun,A2,body-health,頭痛,,,,,,,,,,TRUE,耳痛,肌肉,病人,胸部,噴嚏,牙齦,TRUE,shoulder,backache,breathing,toothache,accident,disease,,,,
word-catalog-v1,CREATE_DRAFT,,,,,backache,backache,noun,A2,body-health,背痛,,,,,,,,,,TRUE,預約,耳痛,肌肉,習慣,健康,飲食,TRUE,headache,sickness,backbone,breathing,disease,shoulder,,,,
word-catalog-v1,CREATE_DRAFT,,,,,toothache,toothache,noun,A2,body-health,牙痛,,,,,,,,,,TRUE,噴嚏,肩膀,胃痛,喉嚨,疾病,呼吸,TRUE,sickness,shoulder,breathing,backache,headache,medication,,,,
word-catalog-v1,CREATE_DRAFT,,,,,flu,flu,noun,A2,body-health,流感,,,,,,,,,,TRUE,能量,手指,發燒,習慣,病人,腳跟,TRUE,hit,fat,gum,ache,diet,cold,,,,
word-catalog-v1,CREATE_DRAFT,,,,,virus,virus,noun,A2,body-health,病毒,,,,,,,,,,TRUE,肌肉,能量,死亡,藥物,骨頭,事故,TRUE,skull,heart,chest,thigh,elbow,death,,,,
word-catalog-v1,CREATE_DRAFT,,,,,effect,effect,noun,A2,body-health,影響,,,,,,,,,,TRUE,腳跟,事故,傷害,噴嚏,大腿,流感,TRUE,sneeze,health,energy,finger,injury,breath,,,,
word-catalog-v1,CREATE_DRAFT,,,,,fever,fever,noun,A2,body-health,發燒,,,,,,,,,,TRUE,感冒,胸部,脊椎,呼吸,影響,脂肪,TRUE,death,elbow,blood,wrist,chest,human,,,,
word-catalog-v1,CREATE_DRAFT,,,,,cough,cough,noun,A2,body-health,咳嗽聲,咳嗽,,,,I heard a cough from the next room.,我聽到隔壁房傳來咳嗽聲。,,,,TRUE,健康,發燒,背痛,噴嚏,肌肉,疼痛,TRUE,thigh,fever,brain,habit,virus,skull,,,,
word-catalog-v1,CREATE_DRAFT,,,,,sneeze,sneeze,noun,A2,body-health,噴嚏,,,,,,,,,,TRUE,睫毛,病毒,感冒,背痛,事故,習慣,TRUE,breath,throat,break,injury,earache,energy,,,,
word-catalog-v1,CREATE_DRAFT,,,,,cold,cold,noun,A2,body-health,感冒,,,,,He stayed home because he had a cold.,他因為感冒而留在家中。,,,,TRUE,心臟,牙齦,脂肪,耳痛,頭痛,呼吸,TRUE,diet,test,bone,heel,pill,thigh,,,,
word-catalog-v1,CREATE_DRAFT,,,,,sore throat,sore throat,noun,A2,body-health,喉嚨痛,,,,,,,,,,TRUE,脊椎,耳痛,肩膀,心臟,治療方法,流感,TRUE,stomachache,appointment,medication,breathing,toothache,backache,,,,
word-catalog-v1,CREATE_DRAFT,,,,,medication,medication,noun,A2,body-health,藥物,,,,,,,,,,TRUE,傷害,死亡,胸部,脊椎,感冒,疾病,TRUE,breathing,sore throat,toothache,headache,appointment,shoulder,,,,
word-catalog-v1,CREATE_DRAFT,,,,,pill,pill,noun,A2,body-health,藥丸,,,,,,,,,,TRUE,手掌,健康,預約,疾病,能量,心臟,TRUE,ache,test,life,skin,cure,bone,,,,
word-catalog-v1,CREATE_DRAFT,,,,,patient,patient,noun,A2,body-health,病人,,,,,,,,,,TRUE,噴嚏,飲食,生活,能量,死亡,手掌,TRUE,disease,illness,shoulder,finger,eyelash,earache,,,,
word-catalog-v1,CREATE_DRAFT,,,,,cure,cure,noun,A2,body-health,治療方法,,,,,,,,,,TRUE,咳嗽聲,脊椎,事故,噴嚏,手腕,睫毛,TRUE,palm,pill,diet,life,heel,test,,,,
word-catalog-v1,CREATE_DRAFT,,,,,live,live,verb,A2,body-health,生活,,,,,,,,,,TRUE,檢驗,咳嗽,傷害,折斷,檢查,求診,TRUE,hurt,see,break,test,hit,catch,,,,
word-catalog-v1,CREATE_DRAFT,,,,,die,die,verb,A2,body-health,死,,,,,,,,,,TRUE,求診,咳嗽,傷害,檢驗,折斷,撞,TRUE,test,see,live,hurt,hit,break,,,,
word-catalog-v1,CREATE_DRAFT,,,,,stomachache,stomachache,noun,A2,body-health,胃痛,,,,,,,,,,TRUE,影響,飲食,喉嚨,事故,胸部,疾病,TRUE,sore throat,medication,appointment,toothache,accident,backache,,,,
word-catalog-v1,CREATE_DRAFT,,,,,fishing,fishing,noun,A2,sports-leisure,釣魚,,,,,,,,,,TRUE,訓練,滑冰,滑雪,舞蹈,派對,棒球,TRUE,cricket,athlete,jogging,laundry,football,camping,,,,
word-catalog-v1,CREATE_DRAFT,,,,,fish,fish,verb,A2,sports-leisure,釣魚,,,,,,,,,,TRUE,結束,放鬆,慶祝,跳水,擊打,攀登,TRUE,kick,dive,race,relax,point,hike,,,,
word-catalog-v1,CREATE_DRAFT,,,,,walk,walk,noun,A2,sports-leisure,散步,,,,,,,,,,TRUE,野餐,慢跑,滑雪,粉絲,獎品,滑板,TRUE,camp,golf,game,tent,goal,rugby,,,,
word-catalog-v1,CREATE_DRAFT,,,,,yoga,yoga,noun,A2,sports-leisure,瑜伽,,,,,,,,,,TRUE,跳水,樂趣,衝浪,球員,球賽,散步,TRUE,game,golf,bath,walk,race,prize,,,,
word-catalog-v1,CREATE_DRAFT,,,,,ball game,ball game,noun,A2,sports-leisure,球賽,,,,,,,,,,TRUE,粉絲,棒球,訓練,散步,帳篷,滑雪,TRUE,card game,baseball,surfboard,campsite,ice skate,water park,,,,
word-catalog-v1,CREATE_DRAFT,,,,,card game,card game,noun,A2,sports-leisure,紙牌遊戲,,,,,,,,,,TRUE,單板滑雪,運動員,水上樂園,橄欖球,要洗的衣物,滑板運動,TRUE,ball game,skateboard,surfboard,football,campsite,exercise,,,,
word-catalog-v1,CREATE_DRAFT,,,,,table tennis,table tennis,noun,A2,sports-leisure,乒乓球,,,,,,,,,,TRUE,溜冰鞋,勝出者,滑雪板,橄欖球,落敗者,衝浪板,TRUE,snowboarding,field hockey,skateboarding,basketball,skateboard,competition,,,,
word-catalog-v1,CREATE_DRAFT,,,,,barbecue,barbecue,noun,A2,sports-leisure,燒烤,,,,,,,,,,TRUE,訓練,瑜伽,獎品,滑雪,分數,進球,TRUE,climbing,training,exercise,campsite,cleaning,football,,,,
word-catalog-v1,CREATE_DRAFT,,,,,camp,camp,noun,A2,sports-leisure,營地,,,,,,,,,,TRUE,釣魚,球員,清潔,球賽,帳篷,獎牌,TRUE,walk,goal,game,yoga,tent,bath,,,,
word-catalog-v1,CREATE_DRAFT,,,,,camping,camping,noun,A2,sports-leisure,露營,,,,,,,,,,TRUE,冰鞋,進球,慢跑,紀錄,分數,球賽,TRUE,cricket,jogging,cooking,skating,laundry,athlete,,,,
word-catalog-v1,CREATE_DRAFT,,,,,campsite,campsite,noun,A2,sports-leisure,露營地,,,,,,,,,,TRUE,溜冰鞋,高爾夫,橄欖球,乒乓球,舞蹈,教練,TRUE,baseball,barbecue,climbing,football,training,camping,,,,
word-catalog-v1,CREATE_DRAFT,,,,,party,party,noun,A2,sports-leisure,派對,,,,,,,,,,TRUE,比賽,教練,球賽,釣魚,洗澡,進球,TRUE,prize,coach,medal,bath,team,race,,,,
word-catalog-v1,CREATE_DRAFT,,,,,picnic,picnic,noun,A2,sports-leisure,野餐,,,,,,,,,,TRUE,燒烤,樂趣,冰鞋,攀巖,清潔,獎品,TRUE,skiing,record,winner,shower,diving,player,,,,
word-catalog-v1,CREATE_DRAFT,,,,,tent,tent,noun,A2,sports-leisure,帳篷,,,,,,,,,,TRUE,板球,瑜伽,散步,滑板,籃球,淋浴,TRUE,race,game,team,camp,point,net,,,,
word-catalog-v1,CREATE_DRAFT,,,,,shower,shower,noun,A2,sports-leisure,淋浴,,,,,,,,,,TRUE,瑜伽,攀巖,足球,衝浪,清潔,樂趣,TRUE,hockey,diving,skiing,cricket,jogging,party,,,,
word-catalog-v1,CREATE_DRAFT,,,,,bath,bath,noun,A2,sports-leisure,洗澡,,,,,,,,,,TRUE,訓練,瑜伽,滑板,釣魚,淋浴,烹飪,TRUE,golf,race,walk,goal,camp,team,,,,
word-catalog-v1,CREATE_DRAFT,,,,,laundry,laundry,noun,A2,sports-leisure,要洗的衣物,,,,,,,,,,TRUE,紙牌遊戲,勝出者,單板滑雪,滑板運動,運動員,溜冰鞋,TRUE,cricket,skating,surfing,cooking,fishing,jogging,,,,
word-catalog-v1,CREATE_DRAFT,,,,,bored,bored,adjective,A2,sports-leisure,無聊,,,,,,,,,,TRUE,疲倦的,令人享受的,感到高興的,令人驚訝的,電的,簡單,TRUE,tired,pleased,enjoyable,surprising,lucky,whole,,,,
word-catalog-v1,CREATE_DRAFT,,,,,surprising,surprising,adjective,A2,sports-leisure,令人驚訝的,,,,,,,,,,TRUE,令人享受的,感到高興的,疲倦的,無聊,令人興奮的,有吸引力的,TRUE,enjoyable,pleased,bored,tired,unfriendly,impossible,,,,
word-catalog-v1,CREATE_DRAFT,,,,,enjoyable,enjoyable,adjective,A2,sports-leisure,令人享受的,,,,,The school trip was enjoyable.,這次學校旅行令人享受。,,,,TRUE,令人驚訝的,感到高興的,疲倦的,無聊,水分過多的,有創造力的,TRUE,surprising,pleased,bored,tired,wonderful,available,,,,
word-catalog-v1,CREATE_DRAFT,,,,,pleased,pleased,adjective,A2,sports-leisure,感到高興的,,,,,I was pleased with my test result.,我對測驗成績感到高興。,,,,TRUE,令人享受的,令人驚訝的,無聊,疲倦的,有吸引力的,有創造力的,TRUE,bored,tired,enjoyable,surprising,careful,strange,,,,
word-catalog-v1,CREATE_DRAFT,,,,,cooking,cooking,noun,A2,sports-leisure,烹飪,,,,,,,,,,TRUE,樂趣,跳水,獎品,教練,紀錄,滑雪,TRUE,jogging,laundry,exercise,skating,football,fishing,,,,
word-catalog-v1,CREATE_DRAFT,,,,,fun,fun,noun,A2,sports-leisure,樂趣,,,,,,,,,,TRUE,瑜伽,跳水,洗澡,滑板,棒球,攀巖,TRUE,ski,hit,fan,walk,goal,net,,,,
word-catalog-v1,CREATE_DRAFT,,,,,cleaning,cleaning,noun,A2,sports-leisure,清潔,,,,,,,,,,TRUE,訓練,板球,紀錄,籃球,運動,棒球,TRUE,barbecue,climbing,football,exercise,training,campsite,,,,
word-catalog-v1,CREATE_DRAFT,,,,,begin,begin,verb,A2,sports-leisure,開始,,,,,,,,start,,TRUE,加入,得分,慢跑,放鬆,滑雪,攀登,TRUE,dance,score,catch,throw,train,lose,,,,
word-catalog-v1,CREATE_DRAFT,,,,,end,end,verb,A2,sports-leisure,結束,,,,,,,,finish,,TRUE,遠足,釣魚,放鬆,得分,加入,鍛鍊,TRUE,hit,win,ski,jog,dive,kick,,,,
word-catalog-v1,CREATE_DRAFT,,,,,relax,relax,verb,A2,sports-leisure,放鬆,,,,,,,,,,TRUE,抓住,慶祝,吸菸,跳水,加入,結束,TRUE,smoke,point,begin,train,score,hike,,,,
word-catalog-v1,CREATE_DRAFT,,,,,smoke,smoke,verb,A2,sports-leisure,吸菸,,,,,,,,,,TRUE,慢跑,釣魚,滑雪,訓練,遠足,加入,TRUE,catch,climb,begin,train,throw,relax,,,,
word-catalog-v1,CREATE_DRAFT,,,,,dance,dance,noun,A2,sports-leisure,舞蹈,,,,,,,,,,TRUE,派對,瑜伽,慢跑,燒烤,營地,跳水,TRUE,medal,point,skate,score,field,loser,,,,
word-catalog-v1,CREATE_DRAFT,,,,,water park,water park,noun,A2,sports-leisure,水上樂園,,,,,,,,,,TRUE,紙牌遊戲,滑雪板,曲棍球,要洗的衣物,勝出者,乒乓球,TRUE,skateboard,basketball,ice skate,card game,ball game,barbecue,,,,
word-catalog-v1,CREATE_DRAFT,,,,,celebrate,celebrate,verb,A2,sports-leisure,慶祝,,,,,,,,,,TRUE,滑雪,攀登,開始,釣魚,遠足,慢跑,TRUE,practise,compete,exercise,record,smoke,throw,,,,
word-catalog-v1,CREATE_DRAFT,,,,,hall,hall,noun,A2,home-household,走廊,,,,,,,,,,TRUE,開關,柵欄,信箱,風扇,暖氣,燈光,TRUE,work,sink,line,lock,iron,heat,,,,
word-catalog-v1,CREATE_DRAFT,,,,,level,level,noun,A2,home-household,層,,,,,,,,,,TRUE,鎖,相機,書架,窗簾,紙巾,電,TRUE,cable,sink,iron,napkin,stair,heater,,,,
word-catalog-v1,CREATE_DRAFT,,,,,stair,stair,noun,A2,home-household,樓梯,,,,,,,,,,TRUE,設備,系統,入口,墊子,風筒,毛巾,TRUE,light,razor,radio,cable,work,heater,,,,
word-catalog-v1,CREATE_DRAFT,,,,,entrance,entrance,noun,A2,home-household,入口,,,,,,,,,,TRUE,開關,燈泡,走廊,墊子,相機,鑰匙,TRUE,scissors,mailbox,curtain,cushion,telephone,heater,,,,
word-catalog-v1,CREATE_DRAFT,,,,,gate,gate,noun,A2,home-household,門,,,,,,,,,,TRUE,電,層,線路,樓梯,電話,柵欄,TRUE,hall,iron,line,heat,sink,fan,,,,
word-catalog-v1,CREATE_DRAFT,,,,,emergency exit,emergency exit,noun,A2,home-household,緊急出口,,,,,,,,,,TRUE,電源插座,遙控器,小型焗爐,揚聲器,洗手盆,洗衣機,TRUE,smoke detector,vacuum cleaner,washing machine,remote control,air conditioner,coffee maker,,,,
word-catalog-v1,CREATE_DRAFT,,,,,fence,fence,noun,A2,home-household,柵欄,,,,,,,,,,TRUE,電話,系統,燈泡,裝置,相機,傢俱,TRUE,light,lock,radio,razor,switch,stair,,,,
word-catalog-v1,CREATE_DRAFT,,,,,light,light,noun,A2,home-household,燈光,,,,,The light in the hall is very bright.,走廊的燈光很明亮。,,,,TRUE,柵欄,樓梯,地毯,書架,風扇,電筒,TRUE,towel,stair,razor,level,fence,switch,,,,
word-catalog-v1,CREATE_DRAFT,,,,,electricity,electricity,noun,A2,home-household,電,,,,,,,,,,TRUE,層,鬧鐘,傢俱,系統,鎖,風扇,TRUE,dishwasher,loudspeaker,alarm clock,light bulb,hair dryer,equipment,,,,
word-catalog-v1,CREATE_DRAFT,,,,,gas,gas,noun,A2,home-household,煤氣,,,,,,,,,,TRUE,毛巾,窗簾,裝置,傢俱,柵欄,墊子,TRUE,key,fan,line,iron,hall,sink,,,,
word-catalog-v1,CREATE_DRAFT,,,,,heat,heat,noun,A2,home-household,暖氣,,,,,,,,,,TRUE,電纜,燈泡,信箱,鏡子,墊子,浴缸,TRUE,gate,level,light,cable,work,iron,,,,
word-catalog-v1,CREATE_DRAFT,,,,,cable,cable,noun,A2,home-household,電纜,,,,,,,,,,TRUE,地毯,鏡子,風筒,暖氣,紙巾,開關,TRUE,towel,light,stair,razor,level,oven,,,,
word-catalog-v1,CREATE_DRAFT,,,,,mailbox,mailbox,noun,A2,home-household,信箱,,,,,,,,,,TRUE,入口,浴缸,地毯,風筒,裝置,鄰里,TRUE,bathtub,mirror,cushion,curtain,heater,tissue,,,,
word-catalog-v1,CREATE_DRAFT,,,,,rent,rent,verb,A2,home-household,租,,,,,,,,,,TRUE,居住,使用,修理,關閉,運作,搬出,TRUE,lock,live,work,use,light,repair,,,,
word-catalog-v1,CREATE_DRAFT,,,,,cozy,cozy,adjective,A2,home-household,舒適的,,,,,,,,,,TRUE,壞的,出色的,愚蠢的,不開心,可愛的,生病的,TRUE,light,broken,rare,sour,weak,free,,,,
word-catalog-v1,CREATE_DRAFT,,,,,neighborhood,neighborhood,noun,A2,home-household,鄰里,,,,,,,,,,TRUE,信箱,鬧鐘,紙巾,入口,餐巾,浴缸,TRUE,toaster oven,loudspeaker,coffee maker,flashlight,electricity,smoke detector,,,,
word-catalog-v1,CREATE_DRAFT,,,,,live,live,verb,A2,home-household,居住,,,,,,,,,,TRUE,運作,修理,關閉,使用,租,搬出,TRUE,rent,lock,use,work,light,repair,,,,
word-catalog-v1,CREATE_DRAFT,,,,,move in,move in,phrasal_verb,A2,home-household,搬入,,,,,Our new neighbours will move in tomorrow.,我們的新鄰居明天會搬入。,,,,TRUE,搬出,關閉,打開,居住,使用,修理,TRUE,turn on,move out,turn off,repair,light,work,,,,
word-catalog-v1,CREATE_DRAFT,,,,,move out,move out,phrasal_verb,A2,home-household,搬出,,,,,The family will move out next week.,那個家庭下星期會搬走。,,,,TRUE,打開,搬入,關閉,居住,使用,運作,TRUE,move in,turn on,turn off,light,repair,work,,,,
word-catalog-v1,CREATE_DRAFT,,,,,calendar,calendar,noun,A2,time-calendar,日曆,,,,,,,,,,TRUE,未來,瞬間,世紀,過去,十年,午餐時間,TRUE,the past,lunchtime,century,decade,future,moment,,,,
word-catalog-v1,CREATE_DRAFT,,,,,century,century,noun,A2,time-calendar,世紀,,,,,,,,,,TRUE,十年,過去,未來,瞬間,日曆,午餐時間,TRUE,calendar,moment,future,the past,decade,lunchtime,,,,
word-catalog-v1,CREATE_DRAFT,,,,,decade,decade,noun,A2,time-calendar,十年,,,,,,,,,,TRUE,瞬間,日曆,過去,世紀,未來,午餐時間,TRUE,moment,future,the past,calendar,century,lunchtime,,,,
word-catalog-v1,CREATE_DRAFT,,,,,the past,the past,noun,A2,time-calendar,過去,,,,,,,,,,TRUE,十年,瞬間,世紀,日曆,未來,午餐時間,TRUE,calendar,century,lunchtime,future,moment,decade,,,,
word-catalog-v1,CREATE_DRAFT,,,,,future,future,noun,A2,time-calendar,未來,,,,,,,,,,TRUE,過去,日曆,瞬間,十年,世紀,午餐時間,TRUE,moment,century,decade,the past,calendar,lunchtime,,,,
word-catalog-v1,CREATE_DRAFT,,,,,moment,moment,noun,A2,time-calendar,瞬間,,,,,,,,,,TRUE,未來,十年,世紀,過去,日曆,午餐時間,TRUE,decade,future,century,the past,calendar,lunchtime,,,,
word-catalog-v1,CREATE_DRAFT,,,,,lunchtime,lunchtime,noun,A2,time-calendar,午餐時間,,,,,,,,,,TRUE,未來,瞬間,日曆,世紀,十年,過去,TRUE,the past,calendar,decade,century,moment,future,,,,
word-catalog-v1,CREATE_DRAFT,,,,,long,long,adverb,A2,time-calendar,長久地,,,,,,,,,,TRUE,最近,稍後,每年,以前,立即,每月,TRUE,late,before,daily,yearly,close,later,,,,
word-catalog-v1,CREATE_DRAFT,,,,,short,short,adjective,A2,time-calendar,短的,,,,,,,,,,TRUE,最後的,現代的,正的,苗條,乾的,無聊,TRUE,close,modern,long,last,thick,Swiss,,,,
word-catalog-v1,CREATE_DRAFT,,,,,early,early,adverb,A2,time-calendar,早,,,,,,,,,,TRUE,還,晚,稍後,突然,每週,接近,TRUE,later,daily,weekly,late,close,long,,,,
word-catalog-v1,CREATE_DRAFT,,,,,late,late,adverb,A2,time-calendar,晚,,,,,,,,,,TRUE,每月,早,每天,還,每週,每年,TRUE,long,yet,close,yearly,later,daily,,,,
word-catalog-v1,CREATE_DRAFT,,,,,daily,daily,adverb,A2,time-calendar,每天,,,,,,,,,,TRUE,準時,最近,每週,以前,接近,每年,TRUE,early,later,close,weekly,yearly,late,,,,
word-catalog-v1,CREATE_DRAFT,,,,,weekly,weekly,adverb,A2,time-calendar,每週,,,,,,,,,,TRUE,接近,稍後,準時,立即,以前,突然,TRUE,close,yearly,before,daily,later,monthly,,,,
word-catalog-v1,CREATE_DRAFT,,,,,monthly,monthly,adverb,A2,time-calendar,每月,,,,,,,,,,TRUE,準時,每天,最近,每年,稍後,立即,TRUE,recently,on time,early,suddenly,daily,weekly,,,,
word-catalog-v1,CREATE_DRAFT,,,,,yearly,yearly,adverb,A2,time-calendar,每年,,,,,,,,,,TRUE,每週,準時,稍後,最近,突然,接近,TRUE,weekly,before,early,on time,later,daily,,,,
word-catalog-v1,CREATE_DRAFT,,,,,immediately,immediately,adverb,A2,time-calendar,立即,,,,,,,,,,TRUE,以前,稍後,每天,接近,每月,每年,TRUE,suddenly,recently,monthly,on time,before,weekly,,,,
word-catalog-v1,CREATE_DRAFT,,,,,recently,recently,adverb,A2,time-calendar,最近,,,,,,,,,,TRUE,每週,稍後,立即,每年,準時,每月,TRUE,suddenly,on time,monthly,before,close,later,,,,
word-catalog-v1,CREATE_DRAFT,,,,,last,last,adjective,A2,time-calendar,最後的,,,,,,,,,,TRUE,現代的,短的,波浪的,缺席的,多風的,有霧的,TRUE,long,short,modern,close,sour,fair,,,,
word-catalog-v1,CREATE_DRAFT,,,,,later,later,adverb,A2,time-calendar,稍後,,,,,,,,,,TRUE,每年,準時,每天,立即,每週,晚,TRUE,early,close,daily,weekly,yearly,monthly,,,,
word-catalog-v1,CREATE_DRAFT,,,,,before,before,adverb,A2,time-calendar,以前,,,,,,,,,,TRUE,立即,最近,每週,準時,每年,突然,TRUE,weekly,yearly,monthly,close,on time,later,,,,
word-catalog-v1,CREATE_DRAFT,,,,,on time,on time,adverb,A2,time-calendar,準時,,,,,,,,,,TRUE,立即,最近,接近,每月,每年,每天,TRUE,monthly,suddenly,recently,yearly,close,weekly,,,,
word-catalog-v1,CREATE_DRAFT,,,,,suddenly,suddenly,adverb,A2,time-calendar,突然,,,,,,,,,,TRUE,稍後,每月,立即,每年,最近,準時,TRUE,recently,on time,before,weekly,monthly,yearly,,,,
word-catalog-v1,CREATE_DRAFT,,,,,yet,yet,adverb,A2,time-calendar,還,,,,,,,,,,TRUE,晚,最近,以前,稍後,突然,每天,TRUE,late,close,daily,later,long,weekly,,,,
word-catalog-v1,CREATE_DRAFT,,,,,close,close,adverb,A2,time-calendar,接近,,,,,,,,,,TRUE,每天,突然,立即,準時,最近,還,TRUE,early,later,before,daily,late,monthly,,,,
word-catalog-v1,CREATE_DRAFT,,,,,modern,modern,adjective,A2,time-calendar,現代的,,,,,,,,,,TRUE,最後的,短的,驚訝的,當地的,偉大的,冷靜的,TRUE,short,close,long,last,stormy,social,,,,
word-catalog-v1,CREATE_DRAFT,,,,,pass,pass,verb,A2,time-calendar,過去,,,,,,,,,,TRUE,報告,練習,告訴,問候,換乘,允許,TRUE,push,send,kill,show,save,fail,,,,
word-catalog-v1,CREATE_DRAFT,,,,,intelligent,intelligent,adjective,A2,descriptions-qualities,聰明的,,,,,,,,,,TRUE,不幸的,正式的,活著的,勤奮的,安全的,通常的,TRUE,unimportant,comfortable,unnecessary,unpleasant,incomplete,hardworking,,,,
word-catalog-v1,CREATE_DRAFT,,,,,pleasant,pleasant,adjective,A2,descriptions-qualities,愉快的,,,,,,,,,,TRUE,勤奮的,未知的,著名的,通常的,鮮豔的,正式的,TRUE,informal,uncommon,friendly,indirect,straight,complete,,,,
word-catalog-v1,CREATE_DRAFT,,,,,unpleasant,unpleasant,adjective,A2,descriptions-qualities,不愉快的,,,,,,,,,,TRUE,不友好的,不常見的,非正式的,不舒服的,有禮貌的,不幸的,TRUE,incomplete,unfriendly,impossible,colourful,unimportant,important,,,,
word-catalog-v1,CREATE_DRAFT,,,,,careful,careful,adjective,A2,descriptions-qualities,小心的,,,,,,,,,,TRUE,健康的,未知的,多彩的,放鬆的,友好的,可能的,TRUE,unusual,popular,maximum,unknown,pleasant,informal,,,,
word-catalog-v1,CREATE_DRAFT,,,,,careless,careless,adjective,A2,descriptions-qualities,粗心的,,,,,,,,,,TRUE,愉快的,聰明的,小心的,間接的,空閒的,正式的,TRUE,possible,straight,indirect,ordinary,coloured,shallow,,,,
word-catalog-v1,CREATE_DRAFT,,,,,polite,polite,adjective,A2,descriptions-qualities,有禮貌的,,,,,,,,,,TRUE,不健康的,不常見的,有壓力的,不舒服的,不完整的,受歡迎的,TRUE,silver,golden,famous,common,simple,unknown,,,,
word-catalog-v1,CREATE_DRAFT,,,,,impolite,impolite,adjective,A2,descriptions-qualities,不禮貌的,,,,,,,,,,TRUE,不安全的,不重要的,不完整的,不常見的,不友好的,不受歡迎的,TRUE,careless,coloured,ordinary,relaxing,straight,informal,,,,
word-catalog-v1,CREATE_DRAFT,,,,,friendly,friendly,adjective,A2,descriptions-qualities,友好的,,,,,,,,,,TRUE,忙碌的,安全的,重要的,多彩的,最小的,小心的,TRUE,complete,uncommon,careless,informal,pleasant,possible,,,,
word-catalog-v1,CREATE_DRAFT,,,,,unfriendly,unfriendly,adjective,A2,descriptions-qualities,不友好的,,,,,,,,,,TRUE,不健康的,受歡迎的,有壓力的,不必要的,不愉快的,不完整的,TRUE,important,stressful,unhealthy,impossible,incomplete,unpopular,,,,
word-catalog-v1,CREATE_DRAFT,,,,,usual,usual,adjective,A2,descriptions-qualities,通常的,,,,,,,,,,TRUE,銀色的,活著的,正式的,多彩的,不舒服,愉快的,TRUE,lucky,whole,direct,alive,empty,well,,,,
word-catalog-v1,CREATE_DRAFT,,,,,unusual,unusual,adjective,A2,descriptions-qualities,不尋常,,,,,,,,,,TRUE,最小的,金色的,舒適的,必要的,間接的,幸運的,TRUE,unknown,shallow,careful,unlucky,formal,impolite,,,,
word-catalog-v1,CREATE_DRAFT,,,,,lucky,lucky,adjective,A2,descriptions-qualities,幸運的,,,,,,,,,,TRUE,不尋常,空閒的,放鬆的,不可能,小心的,聰明的,TRUE,round,alive,famous,whole,simple,safe,,,,
word-catalog-v1,CREATE_DRAFT,,,,,unlucky,unlucky,adjective,A2,descriptions-qualities,不幸的,,,,,,,,,,TRUE,忙碌的,最小的,粗心的,舒適的,愉快的,幸運的,TRUE,unknown,popular,careful,maximum,healthy,friendly,,,,
word-catalog-v1,CREATE_DRAFT,,,,,complete,complete,adjective,A2,descriptions-qualities,完整的,,,,,,,,,,TRUE,金色的,小心的,必要的,通常的,最小的,普通的,TRUE,ordinary,uncommon,pleasant,stressful,unhealthy,minimum,,,,
word-catalog-v1,CREATE_DRAFT,,,,,incomplete,incomplete,adjective,A2,descriptions-qualities,不完整的,,,,,,,,,,TRUE,不健康的,不舒服的,有禮貌的,不友好的,有壓力的,最大的,TRUE,unpleasant,unfriendly,impossible,unpopular,colourful,stressful,,,,
word-catalog-v1,CREATE_DRAFT,,,,,healthy,healthy,adjective,A2,descriptions-qualities,健康的,,,,,,,,,,TRUE,活著的,勤奮的,不幸的,不尋常,銀色的,懶惰的,TRUE,unlucky,unusual,minimum,careful,shallow,unsafe,,,,
word-catalog-v1,CREATE_DRAFT,,,,,unhealthy,unhealthy,adjective,A2,descriptions-qualities,不健康的,,,,,,,,,,TRUE,不舒服的,有禮貌的,不禮貌的,不完整的,不常見的,粗心的,TRUE,colourful,necessary,important,stressful,unfriendly,unpopular,,,,
word-catalog-v1,CREATE_DRAFT,,,,,popular,popular,adjective,A2,descriptions-qualities,受歡迎的,,,,,,,,,,TRUE,不友好的,不健康的,有壓力的,不完整的,不安全的,不舒服的,TRUE,maximum,careful,unknown,complete,common,shallow,,,,
word-catalog-v1,CREATE_DRAFT,,,,,unpopular,unpopular,adjective,A2,descriptions-qualities,不受歡迎的,,,,,,,,,,TRUE,不舒服的,非正式的,不友好的,不禮貌的,不常見的,不必要的,TRUE,necessary,stressful,complete,unhealthy,impossible,important,,,,
word-catalog-v1,CREATE_DRAFT,,,,,safe,safe,adjective,A2,descriptions-qualities,安全的,,,,,,,,,,TRUE,放鬆的,金色的,空閒的,不舒服,健康的,小心的,TRUE,free,near,deep,busy,dead,full,,,,
word-catalog-v1,CREATE_DRAFT,,,,,unsafe,unsafe,adjective,A2,descriptions-qualities,不安全的,,,,,,,,,,TRUE,不健康的,不完整的,有壓力的,不禮貌的,受歡迎的,不舒服的,TRUE,unwell,formal,silver,bright,alive,unusual,,,,
word-catalog-v1,CREATE_DRAFT,,,,,well,well,adjective,A2,descriptions-qualities,健康,,,,,,,,,,TRUE,圓的,空的,直的,滿的,平的,死的,TRUE,busy,pale,gold,hard,lazy,full,,,,
word-catalog-v1,CREATE_DRAFT,,,,,unwell,unwell,adjective,A2,descriptions-qualities,不舒服,,,,,,,,,,TRUE,不可能,活著的,空閒的,勤奮的,不幸的,最大的,TRUE,unsafe,famous,formal,simple,common,polite,,,,
word-catalog-v1,CREATE_DRAFT,,,,,important,important,adjective,A2,descriptions-qualities,重要的,,,,,,,,,,TRUE,幸運的,著名的,活著的,懶惰的,小心的,不可能,TRUE,stressful,colourful,necessary,unhealthy,unpopular,impossible,,,,
word-catalog-v1,CREATE_DRAFT,,,,,unimportant,unimportant,adjective,A2,descriptions-qualities,不重要的,,,,,,,,,,TRUE,不健康的,不安全的,不禮貌的,受歡迎的,有禮貌的,不必要的,TRUE,comfortable,hardworking,unnecessary,unfriendly,intelligent,incomplete,,,,
word-catalog-v1,CREATE_DRAFT,,,,,possible,possible,adjective,A2,descriptions-qualities,可能的,,,,,,,,,,TRUE,未知的,不幸的,直接的,忙碌的,不舒服,最大的,TRUE,relaxing,uncommon,indirect,pleasant,maximum,impolite,,,,
word-catalog-v1,CREATE_DRAFT,,,,,impossible,impossible,adjective,A2,descriptions-qualities,不可能,,,,,,,,,,TRUE,多彩的,彩色的,普通的,銀色的,重要的,放鬆的,TRUE,unpleasant,unfriendly,unhealthy,intelligent,unimportant,incomplete,,,,
word-catalog-v1,CREATE_DRAFT,,,,,formal,formal,adjective,A2,descriptions-qualities,正式的,,,,,,,,,,TRUE,小心的,勤奮的,金色的,未知的,友好的,鮮豔的,TRUE,common,direct,silver,simple,unwell,polite,,,,
word-catalog-v1,CREATE_DRAFT,,,,,informal,informal,adjective,A2,descriptions-qualities,非正式的,,,,,,,,,,TRUE,不常見的,受歡迎的,不友好的,有禮貌的,不安全的,有壓力的,TRUE,careless,relaxing,uncommon,straight,friendly,coloured,,,,
word-catalog-v1,CREATE_DRAFT,,,,,dead,dead,adjective,A2,descriptions-qualities,死的,,,,,,,,,alive,TRUE,近的,遠的,深的,簡單,特別,淡,TRUE,near,full,hard,lazy,deep,flat,,,,
word-catalog-v1,CREATE_DRAFT,,,,,alive,alive,adjective,A2,descriptions-qualities,活著的,,,,,,,,,dead,TRUE,通常的,健康的,忙碌的,重要的,鮮豔的,小心的,TRUE,lucky,round,usual,empty,unwell,lazy,,,,
word-catalog-v1,CREATE_DRAFT,,,,,world,world,noun,A2,nature-weather,世界,,,,,,,,,,TRUE,山谷,波浪,西南,東南,海洋,植物,TRUE,coast,grass,storm,light,field,flood,,,,
word-catalog-v1,CREATE_DRAFT,,,,,environment,environment,noun,A2,nature-weather,環境,,,,,,,,,,TRUE,微風,景色,狀況,地區,海岸,岩石,TRUE,earthquake,thunderstorm,rainforest,northwest,northeast,southeast,,,,
word-catalog-v1,CREATE_DRAFT,,,,,plant,plant,noun,A2,nature-weather,植物,,,,,,,,,,TRUE,颶風,雷暴,西南,東北,狀況,波浪,TRUE,light,world,view,flood,ground,area,,,,
word-catalog-v1,CREATE_DRAFT,,,,,ground,ground,noun,A2,nature-weather,地面,,,,,,,,,,TRUE,災難,環境,雷暴,海洋,小山,颶風,TRUE,breeze,desert,world,plant,climate,light,,,,
word-catalog-v1,CREATE_DRAFT,,,,,field,field,noun,A2,nature-weather,田地,,,,,The farmer works in the field.,農夫在田地工作。,,,,TRUE,地面,世界,木材,洪水,颶風,狀況,TRUE,coast,plant,storm,light,flood,grass,,,,
word-catalog-v1,CREATE_DRAFT,,,,,landscape,landscape,noun,A2,nature-weather,風景,,,,,,,,,,TRUE,地震,災難,地面,山谷,東北,地區,TRUE,southwest,northwest,hurricane,condition,the ocean,northeast,,,,
word-catalog-v1,CREATE_DRAFT,,,,,view,view,noun,A2,nature-weather,景色,,,,,,,,,,TRUE,地區,東南,微風,岩石,植物,小路,TRUE,hill,wood,wind,lake,hail,cold,,,,
word-catalog-v1,CREATE_DRAFT,,,,,grass,grass,noun,A2,nature-weather,草,,,,,,,,,,TRUE,熱,沙漠,波浪,風景,狀況,地震,TRUE,field,hill,coast,light,wave,storm,,,,
word-catalog-v1,CREATE_DRAFT,,,,,coast,coast,noun,A2,nature-weather,海岸,,,,,,,,,,TRUE,小山,洪水,沙漠,山谷,植物,氣候,TRUE,field,world,flood,valley,lake,area,,,,
word-catalog-v1,CREATE_DRAFT,,,,,hill,hill,noun,A2,nature-weather,小山,,,,,,,,,,TRUE,風景,岩石,雷暴,雨林,環境,空氣,TRUE,wood,path,area,cold,rock,hail,,,,
word-catalog-v1,CREATE_DRAFT,,,,,rock,rock,noun,A2,nature-weather,岩石,,,,,,,,,,TRUE,微風,狀況,東南,冰雹,小路,地面,TRUE,heat,wind,area,hill,lake,wood,,,,
word-catalog-v1,CREATE_DRAFT,,,,,valley,valley,noun,A2,nature-weather,山谷,,,,,,,,,,TRUE,海洋,小路,微風,世界,西北,東北,TRUE,breeze,ground,coast,desert,field,tornado,,,,
word-catalog-v1,CREATE_DRAFT,,,,,lake,lake,noun,A2,nature-weather,湖,,,,,,,,,,TRUE,霧,熱,風,草,岩石,冰雹,TRUE,wood,heat,cold,view,wave,hail,,,,
word-catalog-v1,CREATE_DRAFT,,,,,the ocean,the ocean,noun,A2,nature-weather,海洋,,,,,,,,,,TRUE,小路,災難,地區,東南,氣候,西南,TRUE,southwest,northwest,condition,disaster,landscape,hurricane,,,,
word-catalog-v1,CREATE_DRAFT,,,,,rainforest,rainforest,noun,A2,nature-weather,雨林,,,,,,,,,,TRUE,地震,地區,田地,西北,小山,狀況,TRUE,environment,northeast,southwest,earthquake,condition,thunderstorm,,,,
word-catalog-v1,CREATE_DRAFT,,,,,wood,wood,noun,A2,nature-weather,木材,,,,,,,,,,TRUE,海洋,植物,山谷,田地,雨林,空氣,TRUE,lake,wave,rock,path,flood,storm,,,,
word-catalog-v1,CREATE_DRAFT,,,,,area,area,noun,A2,nature-weather,地區,,,,,,,,,,TRUE,地面,西南,山谷,木材,冰雹,海岸,TRUE,rock,wood,path,lake,view,coast,,,,
word-catalog-v1,CREATE_DRAFT,,,,,path,path,noun,A2,nature-weather,小路,,,,,,,,,,TRUE,冰雹,氣候,風景,洪水,小山,地區,TRUE,view,hill,area,wind,wave,rock,,,,
word-catalog-v1,CREATE_DRAFT,,,,,natural,natural,adjective,A2,nature-weather,自然的,,,,,,,,,,TRUE,多風的,冰凍的,嚴重的,和暖的,溫暖的,糟糕的,TRUE,freezing,stormy,severe,light,awful,terrible,,,,
word-catalog-v1,CREATE_DRAFT,,,,,disaster,disaster,noun,A2,nature-weather,災難,,,,,,,,,,TRUE,世界,風景,冰雹,地震,小山,空氣,TRUE,blizzard,hurricane,northwest,condition,northeast,the ocean,,,,
word-catalog-v1,CREATE_DRAFT,,,,,flood,flood,noun,A2,nature-weather,洪水,,,,,,,,,,TRUE,微風,冰雹,狀況,海岸,東南,景色,TRUE,field,world,wave,ground,storm,coast,,,,
word-catalog-v1,CREATE_DRAFT,,,,,earthquake,earthquake,noun,A2,nature-weather,地震,,,,,,,,,,TRUE,木材,海岸,田地,東北,環境,小路,TRUE,the ocean,environment,hurricane,rainforest,southeast,thunderstorm,,,,
word-catalog-v1,CREATE_DRAFT,,,,,hurricane,hurricane,noun,A2,nature-weather,颶風,,,,,,,,,,TRUE,環境,地面,波浪,景色,植物,木材,TRUE,northeast,landscape,southwest,condition,the ocean,rainforest,,,,
word-catalog-v1,CREATE_DRAFT,,,,,tornado,tornado,noun,A2,nature-weather,龍捲風,,,,,,,,,,TRUE,暴風雪,西北,微風,雨林,世界,風景,TRUE,blizzard,ground,climate,valley,breeze,desert,,,,
word-catalog-v1,CREATE_DRAFT,,,,,climate change,climate change,noun,A2,nature-weather,氣候變化,,,,,,,,,,TRUE,龍捲風,岩石,氣候,地震,雷暴,海岸,TRUE,thunderstorm,earthquake,environment,rainforest,northeast,southeast,,,,
word-catalog-v1,CREATE_DRAFT,,,,,happen,happen,verb,A2,nature-weather,發生,,,,,,,,,,TRUE,下雪,改變,下雨,吹,抱怨,相信,TRUE,change,plant,light,blow,rain,snow,,,,
word-catalog-v1,CREATE_DRAFT,,,,,terrible,terrible,adjective,A2,nature-weather,可怕的,,,,,,,,,,TRUE,自然的,涼爽的,糟糕的,溫暖的,有霧的,和暖的,TRUE,natural,freezing,stormy,clear,chilly,awful,,,,
word-catalog-v1,CREATE_DRAFT,,,,,northeast,northeast,noun,A2,nature-weather,東北,,,,,,,,,,TRUE,小山,冰雹,波浪,西北,東南,木材,TRUE,southwest,southeast,condition,hurricane,landscape,earthquake,,,,
word-catalog-v1,CREATE_DRAFT,,,,,northwest,northwest,noun,A2,nature-weather,西北,,,,,,,,,,TRUE,海岸,小路,沙漠,環境,颶風,洪水,TRUE,southeast,hurricane,landscape,southwest,condition,northeast,,,,
word-catalog-v1,CREATE_DRAFT,,,,,southeast,southeast,noun,A2,nature-weather,東南,,,,,,,,,,TRUE,沙漠,東北,海岸,雷暴,田地,冰雹,TRUE,northeast,northwest,the ocean,blizzard,condition,landscape,,,,
word-catalog-v1,CREATE_DRAFT,,,,,southwest,southwest,noun,A2,nature-weather,西南,,,,,,,,,,TRUE,東北,風景,雨林,地震,世界,海洋,TRUE,northeast,landscape,northwest,condition,southeast,hurricane,,,,
word-catalog-v1,CREATE_DRAFT,,,,,desert,desert,noun,A2,nature-weather,沙漠,,,,,,,,,,TRUE,雷暴,颶風,田地,雨林,山谷,空氣,TRUE,valley,world,storm,ground,field,light,,,,
word-catalog-v1,CREATE_DRAFT,,,,,wave,wave,noun,A2,nature-weather,波浪,,,,,,,,,,TRUE,風暴,洪水,西北,雨林,海岸,氣候,TRUE,heat,rock,path,hail,area,hill,,,,
word-catalog-v1,CREATE_DRAFT,,,,,cash,cash,noun,A2,work-business,現金,,,,,,,,,,TRUE,美元,部門,歌手,導師,廣告,禮物,TRUE,cook,head,boss,sale,euro,price,,,,
word-catalog-v1,CREATE_DRAFT,,,,,dollar,dollar,noun,A2,work-business,美元,,,,,,,,,,TRUE,廚師,商人,履歷,作家,付款,班次,TRUE,resume,expert,salary,cheque,pilot,factory,,,,
word-catalog-v1,CREATE_DRAFT,,,,,euro,euro,noun,A2,work-business,歐元,,,,,,,,,,TRUE,工廠,歌手,獎金,購物,加薪,導師,TRUE,sale,boss,cent,cart,cook,cost,,,,
word-catalog-v1,CREATE_DRAFT,,,,,pound,pound,noun,A2,work-business,英鎊,,,,,,,,,,TRUE,學徒,作家,老闆,獎金,現金,士兵,TRUE,price,pilot,title,raise,staff,store,,,,
word-catalog-v1,CREATE_DRAFT,,,,,cent,cent,noun,A2,work-business,分,,,,,,,,,,TRUE,生意,支票,部門,工資,農民,歌手,TRUE,head,euro,cook,sale,cart,pound,,,,
word-catalog-v1,CREATE_DRAFT,,,,,credit card,credit card,noun,A2,work-business,信用卡,,,,,,,,,,TRUE,藥劑師,扣帳卡,設計師,髮型師,女商人,理髮師,TRUE,hairdresser,debit card,shopping bag,journalist,hairstylist,receptionist,,,,
word-catalog-v1,CREATE_DRAFT,,,,,debit card,debit card,noun,A2,work-business,扣帳卡,,,,,,,,,,TRUE,信用卡,女商人,理髮師,清潔工,購物袋,設計師,TRUE,apprentice,politician,department,pharmacist,journalist,researcher,,,,
word-catalog-v1,CREATE_DRAFT,,,,,cheque,cheque,noun,A2,work-business,支票,,,,,,,check,,,TRUE,付款,偵探,成本,學徒,作家,購物,TRUE,farmer,singer,expert,payment,salary,dollar,,,,
word-catalog-v1,CREATE_DRAFT,,,,,receipt,receipt,noun,A2,work-business,收據,,,,,,,,,,TRUE,會議,部門,休息,生意,付款,成本,TRUE,meeting,cleaner,payment,factory,soldier,painter,,,,
word-catalog-v1,CREATE_DRAFT,,,,,banknote,banknote,noun,A2,work-business,鈔票,,,,,,,bill,,,TRUE,歌手,廚師,導師,休息,經理,班次,TRUE,employee,employer,customer,factory,meeting,cleaner,,,,
word-catalog-v1,CREATE_DRAFT,,,,,price,price,noun,A2,work-business,價格,,,,,,,,,,TRUE,休息,歌手,班次,員工,公司,歐元,TRUE,staff,pilot,bonus,raise,boss,pound,,,,
word-catalog-v1,CREATE_DRAFT,,,,,cost,cost,noun,A2,work-business,成本,,,,,,,,,,TRUE,商店,記者,廣告,履歷,貨品,教授,TRUE,item,sale,euro,cook,boss,head,,,,
word-catalog-v1,CREATE_DRAFT,,,,,shopping,shopping,noun,A2,work-business,購物,,,,,,,,,,TRUE,記者,僱主,偵探,美元,英鎊,價格,TRUE,employer,business,employee,painter,receipt,professor,,,,
word-catalog-v1,CREATE_DRAFT,,,,,store,store,noun,A2,work-business,商店,,,,,,,,,,TRUE,記者,履歷,鈔票,貨品,警員,支票,TRUE,model,pound,staff,pilot,salary,shift,,,,
word-catalog-v1,CREATE_DRAFT,,,,,clothes store,clothes store,noun,A2,work-business,服裝店,,,,,,,,,,TRUE,購物袋,藥劑師,清潔工,政治家,科學家,接待員,TRUE,advertisement,businesswoman,job interview,receptionist,organization,businessman,,,,
word-catalog-v1,CREATE_DRAFT,,,,,shopping bag,shopping bag,noun,A2,work-business,購物袋,,,,,,,,,,TRUE,科學家,理髮師,政治家,女商人,服裝店,飛行員,TRUE,receptionist,businessman,organization,job interview,clothes store,credit card,,,,
word-catalog-v1,CREATE_DRAFT,,,,,shopping center,shopping center,noun,A2,work-business,購物中心,,,,,,,,,,TRUE,髹漆工人,工作面試,扣帳卡,女商人,接待員,信用卡,TRUE,advertisement,fashion designer,businesswoman,job interview,clothes store,receptionist,,,,
word-catalog-v1,CREATE_DRAFT,,,,,department,department,noun,A2,work-business,部門,,,,,,,,,,TRUE,購物,組織,主管,鈔票,禮物,歌手,TRUE,journalist,pharmacist,debit card,politician,credit card,instructor,,,,
word-catalog-v1,CREATE_DRAFT,,,,,customer,customer,noun,A2,work-business,顧客,,,,,,,,,,TRUE,主管,導師,獎金,頭銜,貨品,成本,TRUE,shopping,designer,cleaner,assistant,detective,scientist,,,,
word-catalog-v1,CREATE_DRAFT,,,,,item,item,noun,A2,work-business,貨品,,,,,,,,,,TRUE,加薪,模特,主管,導師,工廠,偵探,TRUE,cent,sale,head,cart,euro,boss,,,,
word-catalog-v1,CREATE_DRAFT,,,,,gift,gift,noun,A2,work-business,禮物,,,,,,,,,,TRUE,顧客,付款,商店,作家,廣告,農民,TRUE,item,sale,cart,cent,pay,title,,,,
word-catalog-v1,CREATE_DRAFT,,,,,sale,sale,noun,A2,work-business,促銷,,,,,,,,,,TRUE,警員,班次,成本,休息,歐元,偵探,TRUE,cart,euro,item,cent,cook,gift,,,,
word-catalog-v1,CREATE_DRAFT,,,,,cart,cart,noun,A2,work-business,購物車,,,,,,,,,,TRUE,信用卡,藥劑師,清潔工,髮型師,理髮師,政治家,TRUE,cash,euro,item,cent,cost,cook,,,,
word-catalog-v1,CREATE_DRAFT,,,,,advertisement,advertisement,noun,A2,work-business,廣告,,,,,,,,,,TRUE,部門,廚師,士兵,模特,警員,生意,TRUE,businesswoman,job interview,clothes store,organization,receptionist,hairstylist,,,,
word-catalog-v1,CREATE_DRAFT,,,,,available,available,adjective,A2,work-business,可用的,,,,,,,,,,TRUE,成功的,退休的,全職,免費,兼職,真實的,TRUE,part-time,full-time,successful,retired,brilliant,talkative,,,,
word-catalog-v1,CREATE_DRAFT,,,,,free,free,adjective,A2,work-business,免費,,,,,Entry to the museum is free today.,博物館今天免費入場。,,,,TRUE,兼職,成功的,全職,退休的,短的,薄的,TRUE,retired,full-time,part-time,successful,rare,long,,,,
word-catalog-v1,CREATE_DRAFT,,,,,spend,spend,verb,A2,work-business,花費,,,,,,,,,,TRUE,提供,借出,僱傭,組織,退休,借,TRUE,break,offer,raise,quit,fire,earn,,,,
word-catalog-v1,CREATE_DRAFT,,,,,offer,offer,verb,A2,work-business,提供,,,,,,,,,,TRUE,僱傭,花費,借出,退休,組織,辭職,TRUE,spend,employ,break,quit,cost,hire,,,,
word-catalog-v1,CREATE_DRAFT,,,,,save,save,verb,A2,work-business,節省,,,,,,,,,,TRUE,提供,組織,僱傭,花費,借出,解僱,TRUE,fire,lend,quit,offer,earn,raise,,,,
word-catalog-v1,CREATE_DRAFT,,,,,lend,lend,verb,A2,work-business,借出,,,,,,,,,,TRUE,節省,辭職,花費,解僱,提供,退休,TRUE,cost,save,fire,earn,hire,spend,,,,
word-catalog-v1,CREATE_DRAFT,,,,,borrow,borrow,verb,A2,work-business,借,,,,,,,,,,TRUE,花費,賺,借出,節省,提供,退休,TRUE,retire,break,employ,spend,raise,offer,,,,
word-catalog-v1,CREATE_DRAFT,,,,,cost,cost,verb,A2,work-business,花費,,,,,,,,,,TRUE,組織,退休,借出,辭職,節省,提供,TRUE,quit,earn,fire,hire,raise,save,,,,
word-catalog-v1,CREATE_DRAFT,,,,,pilot,pilot,noun,A2,work-business,飛行員,,,,,,,,,,TRUE,政治家,理髮師,髮型師,藥劑師,女商人,購物袋,TRUE,pound,store,price,bonus,raise,break,,,,
word-catalog-v1,CREATE_DRAFT,,,,,boss,boss,noun,A2,work-business,老闆,,,,,,,,,,TRUE,生意,記者,工廠,促銷,廣告,貨品,TRUE,sale,cart,cook,gift,bonus,cash,,,,
word-catalog-v1,CREATE_DRAFT,,,,,business,business,noun,A2,work-business,生意,,,,,,,,,,TRUE,員工,僱主,廣告,組織,助理,成本,TRUE,employee,banknote,shopping,designer,painter,manager,,,,
word-catalog-v1,CREATE_DRAFT,,,,,businessman,businessman,noun,A2,work-business,商人,,,,,,,,,,TRUE,獎金,教授,履歷,成本,偵探,廚師,TRUE,hairstylist,receptionist,credit card,hairdresser,shopping bag,department,,,,
word-catalog-v1,CREATE_DRAFT,,,,,businesswoman,businesswoman,noun,A2,work-business,女商人,,,,,,,,,,TRUE,飛行員,扣帳卡,政治家,信用卡,設計師,購物袋,TRUE,clothes store,advertisement,receptionist,shopping bag,job interview,credit card,,,,
word-catalog-v1,CREATE_DRAFT,,,,,expert,expert,noun,A2,work-business,專家,,,,,,,,,,TRUE,模特,顧客,收據,頭銜,英鎊,購物,TRUE,writer,dollar,salary,price,bonus,factory,,,,
word-catalog-v1,CREATE_DRAFT,,,,,manager,manager,noun,A2,work-business,經理,,,,,,,,,,TRUE,商店,公司,偵探,美元,現金,老闆,TRUE,cleaner,officer,soldier,banknote,expert,shopping,,,,
word-catalog-v1,CREATE_DRAFT,,,,,assistant,assistant,noun,A2,work-business,助理,,,,,,,,,,TRUE,頭銜,歌手,付款,價格,士兵,會議,TRUE,scientist,professor,employee,pharmacist,customer,detective,,,,
word-catalog-v1,CREATE_DRAFT,,,,,receptionist,receptionist,noun,A2,work-business,接待員,,,,,,,,,,TRUE,扣帳卡,信用卡,髮型師,藥劑師,飛行員,設計師,TRUE,shopping bag,businessman,organization,businesswoman,clothes store,politician,,,,
word-catalog-v1,CREATE_DRAFT,,,,,detective,detective,noun,A2,work-business,偵探,,,,,,,,,,TRUE,休息,學徒,班次,禮物,老闆,工資,TRUE,professor,scientist,assistant,employer,journalist,employee,,,,
word-catalog-v1,CREATE_DRAFT,,,,,model,model,noun,A2,work-business,模特,,,,,,,,,,TRUE,生意,英鎊,公司,成本,導師,商人,TRUE,break,bonus,title,staff,pound,shift,,,,
word-catalog-v1,CREATE_DRAFT,,,,,cook,cook,noun,A2,work-business,廚師,,,,,,,,,,TRUE,班次,支票,歌手,商店,模特,學徒,TRUE,cost,cent,gift,euro,head,cart,,,,
word-catalog-v1,CREATE_DRAFT,,,,,pharmacist,pharmacist,noun,A2,work-business,藥劑師,,,,,,,,,,TRUE,扣帳卡,接待員,科學家,飛行員,髮型師,購物車,TRUE,researcher,debit card,hairstylist,professor,politician,department,,,,
word-catalog-v1,CREATE_DRAFT,,,,,journalist,journalist,noun,A2,work-business,記者,,,,,,,,,,TRUE,工資,現金,美元,貨品,顧客,收據,TRUE,politician,apprentice,instructor,detective,pharmacist,debit card,,,,
word-catalog-v1,CREATE_DRAFT,,,,,writer,writer,noun,A2,work-business,作家,,,,,,,,,,TRUE,英鎊,班次,頭銜,士兵,經理,成本,TRUE,farmer,resume,salary,expert,title,dollar,,,,
word-catalog-v1,CREATE_DRAFT,,,,,singer,singer,noun,A2,work-business,歌手,,,,,,,,,,TRUE,記者,頭銜,貨品,促銷,員工,生意,TRUE,expert,cheque,salary,farmer,soldier,resume,,,,
word-catalog-v1,CREATE_DRAFT,,,,,professor,professor,noun,A2,work-business,教授,,,,,,,,,,TRUE,價格,廣告,組織,助理,付款,顧客,TRUE,detective,scientist,instructor,researcher,designer,apprentice,,,,
word-catalog-v1,CREATE_DRAFT,,,,,researcher,researcher,noun,A2,work-business,研究員,,,,,,,,,,TRUE,理髮師,扣帳卡,政治家,接待員,設計師,清潔工,TRUE,department,pharmacist,instructor,politician,apprentice,debit card,,,,
word-catalog-v1,CREATE_DRAFT,,,,,hairdresser,hairdresser,noun,A2,work-business,理髮師,,,,,,,,,,TRUE,清潔工,服裝店,研究員,設計師,信用卡,購物車,TRUE,businessman,journalist,politician,credit card,debit card,department,,,,
word-catalog-v1,CREATE_DRAFT,,,,,designer,designer,noun,A2,work-business,設計師,,,,,,,,,,TRUE,扣帳卡,飛行員,女商人,政治家,科學家,信用卡,TRUE,business,employee,shopping,assistant,painter,banknote,,,,
word-catalog-v1,CREATE_DRAFT,,,,,cleaner,cleaner,noun,A2,work-business,清潔工,,,,,,,,,,TRUE,購物車,科學家,飛行員,研究員,接待員,政治家,TRUE,meeting,payment,factory,soldier,receipt,resume,,,,
word-catalog-v1,CREATE_DRAFT,,,,,painter,painter,noun,A2,work-business,髹漆工人,,,,,,,,,,TRUE,購物中心,理髮師,購物袋,清潔工,工作面試,女商人,TRUE,manager,officer,cheque,company,dollar,employer,,,,
word-catalog-v1,CREATE_DRAFT,,,,,instructor,instructor,noun,A2,work-business,導師,,,,,,,,,,TRUE,廚師,現金,模特,公司,老闆,生意,TRUE,journalist,department,debit card,assistant,hairdresser,hairstylist,,,,
word-catalog-v1,CREATE_DRAFT,,,,,payment,payment,noun,A2,work-business,付款,,,,,,,,,,TRUE,商人,貨品,會議,支票,作家,經理,TRUE,factory,company,manager,soldier,receipt,officer,,,,
word-catalog-v1,CREATE_DRAFT,,,,,shift,shift,noun,A2,work-business,班次,,,,,,,,,,TRUE,履歷,休息,付款,歐元,工廠,支票,TRUE,model,staff,pilot,store,bonus,title,,,,
word-catalog-v1,CREATE_DRAFT,,,,,bonus,bonus,noun,A2,work-business,獎金,,,,,,,,,,TRUE,助理,僱主,付款,班次,加薪,教授,TRUE,staff,pound,model,pilot,title,price,,,,
word-catalog-v1,CREATE_DRAFT,,,,,employ,employ,verb,A2,work-business,僱傭,,,,,,,,,,TRUE,解僱,提供,退休,花費,借出,辭職,TRUE,retire,raise,borrow,break,cost,fire,,,,
word-catalog-v1,CREATE_DRAFT,,,,,retire,retire,verb,A2,work-business,退休,,,,,,,,,,TRUE,組織,借出,解僱,花費,節省,辭職,TRUE,employ,borrow,spend,offer,break,raise,,,,
word-catalog-v1,CREATE_DRAFT,,,,,successful,successful,adjective,A2,work-business,成功的,,,,,,,,,,TRUE,可用的,免費,退休的,全職,兼職,化學的,TRUE,part-time,available,full-time,retired,free,surprising,,,,
word-catalog-v1,CREATE_DRAFT,,,,,employer,employer,noun,A2,work-business,僱主,,,,,,,,,,TRUE,現金,顧客,獎金,士兵,經理,頭銜,TRUE,employee,designer,company,officer,customer,scientist,,,,
word-catalog-v1,CREATE_DRAFT,,,,,company,company,noun,A2,work-business,公司,,,,,,,,,,TRUE,收據,助理,美元,付款,工廠,主管,TRUE,officer,cleaner,soldier,singer,shopping,banknote,,,,
word-catalog-v1,CREATE_DRAFT,,,,,factory,factory,noun,A2,work-business,工廠,,,,,,,,,,TRUE,公司,記者,購物,收據,經理,生意,TRUE,payment,company,soldier,officer,receipt,painter,,,,
word-catalog-v1,CREATE_DRAFT,,,,,exercise,exercise,noun,A2,sports-leisure,運動,鍛鍊,,,,Daily exercise is good for your health.,每天做運動有益健康。,,,,TRUE,比賽,派對,足球,滑雪,冰鞋,籃球,TRUE,campsite,football,climbing,cleaning,snowboard,ball game,,,,
word-catalog-v1,CREATE_DRAFT,,,,,field,field,noun,A2,sports-leisure,場地,,,,,The players ran onto the field.,球員跑進比賽場地。,,,,TRUE,衝浪,釣魚,板球,教練,洗澡,冰鞋,TRUE,score,dance,skate,rugby,prize,point,,,,
word-catalog-v1,CREATE_DRAFT,,,,,football,football,noun,A2,sports-leisure,足球,,,,,,,,,,TRUE,教練,獎牌,派對,球員,洗澡,樂趣,TRUE,campsite,baseball,exercise,barbecue,training,climbing,,,,
word-catalog-v1,CREATE_DRAFT,,,,,throw,throw,verb,A2,sports-leisure,扔,,,,,,,,,,TRUE,贏,輸,得分,慢跑,吸菸,鍛鍊,TRUE,begin,smoke,dance,point,record,score,,,,
word-catalog-v1,CREATE_DRAFT,,,,,kick,kick,verb,A2,sports-leisure,踢,,,,,,,,,,TRUE,扔,得分,慢跑,放鬆,練習,贏,TRUE,join,hike,dive,dance,ski,fish,,,,
word-catalog-v1,CREATE_DRAFT,,,,,basketball,basketball,noun,A2,sports-leisure,籃球,,,,,,,,,,TRUE,燒烤,瑜伽,舞蹈,烹飪,慢跑,滑雪,TRUE,ice skate,card game,water park,skateboard,snowboard,competition,,,,
word-catalog-v1,CREATE_DRAFT,,,,,baseball,baseball,noun,A2,sports-leisure,棒球,,,,,,,,,,TRUE,衝浪,淋浴,釣魚,足球,獎品,粉絲,TRUE,barbecue,climbing,campsite,cleaning,training,ice skate,,,,
word-catalog-v1,CREATE_DRAFT,,,,,hit,hit,verb,A2,sports-leisure,擊打,,,,,,,,,,TRUE,慢跑,鍛鍊,滑雪,結束,遠足,抓住,TRUE,end,jog,ski,race,join,lose,,,,
word-catalog-v1,CREATE_DRAFT,,,,,catch,catch,verb,A2,sports-leisure,抓住,,,,,Catch the ball with both hands.,用雙手抓住球。,,,,TRUE,滑雪,加入,擊打,練習,得分,鍛鍊,TRUE,climb,dance,throw,score,relax,begin,,,,
word-catalog-v1,CREATE_DRAFT,,,,,hockey,hockey,noun,A2,sports-leisure,曲棍球,,,,,,,,,,TRUE,衝浪板,運動員,落敗者,乒乓球,滑雪板,橄欖球,TRUE,shower,skate,medal,loser,laundry,cooking,,,,
word-catalog-v1,CREATE_DRAFT,,,,,golf,golf,noun,A2,sports-leisure,高爾夫,,,,,,,,,,TRUE,溜冰鞋,曲棍球,乒乓球,勝出者,滑雪板,獎品,TRUE,walk,team,tent,game,race,camp,,,,
word-catalog-v1,CREATE_DRAFT,,,,,rugby,rugby,noun,A2,sports-leisure,橄欖球,,,,,,,,,,TRUE,勝出者,落敗者,衝浪板,溜冰鞋,露營地,野餐,TRUE,dance,coach,point,score,medal,party,,,,
word-catalog-v1,CREATE_DRAFT,,,,,cricket,cricket,noun,A2,sports-leisure,板球,,,,,,,,,,TRUE,慢跑,樂趣,運動,分數,燒烤,帳篷,TRUE,fishing,cooking,camping,laundry,athlete,picnic,,,,
word-catalog-v1,CREATE_DRAFT,,,,,field hockey,field hockey,noun,A2,sports-leisure,曲棍球,,,,,,,,,,TRUE,運動員,橄欖球,溜冰鞋,滑雪板,落敗者,高爾夫,TRUE,snowboarding,table tennis,ice skating,skateboarding,skateboard,water park,,,,
word-catalog-v1,CREATE_DRAFT,,,,,diving,diving,noun,A2,sports-leisure,跳水,,,,,,,,,,TRUE,釣魚,教練,燒烤,露營,球員,野餐,TRUE,skiing,player,shower,picnic,winner,rugby,,,,
word-catalog-v1,CREATE_DRAFT,,,,,dive,dive,verb,A2,sports-leisure,跳水,,,,,,,,,,TRUE,慢跑,慶祝,得分,攀登,鍛鍊,滑雪,TRUE,hike,fish,join,win,score,jog,,,,
word-catalog-v1,CREATE_DRAFT,,,,,training,training,noun,A2,sports-leisure,訓練,,,,,,,,,,TRUE,比賽,棒球,野餐,烹飪,洗澡,籃球,TRUE,campsite,baseball,climbing,cleaning,surfing,camping,,,,
word-catalog-v1,CREATE_DRAFT,,,,,train,train,verb,A2,sports-leisure,訓練,,,,,,,,,,TRUE,練習,滑雪,跳水,攀登,抓住,吸菸,TRUE,begin,score,dance,throw,record,kick,,,,
word-catalog-v1,CREATE_DRAFT,,,,,competition,competition,noun,A2,sports-leisure,比賽,,,,,,,,,,TRUE,粉絲,散步,滑雪,運動,烹飪,獎品,TRUE,table tennis,water park,snowboarding,ice skating,basketball,field hockey,,,,
word-catalog-v1,CREATE_DRAFT,,,,,compete,compete,verb,A2,sports-leisure,競爭,,,,,,,,,,TRUE,遠足,擊打,開始,加入,吸菸,慶祝,TRUE,practise,record,throw,point,exercise,train,,,,
word-catalog-v1,CREATE_DRAFT,,,,,jogging,jogging,noun,A2,sports-leisure,慢跑,,,,,,,,,,TRUE,營地,獎牌,釣魚,燒烤,粉絲,樂趣,TRUE,laundry,skating,fishing,surfing,athlete,cleaning,,,,
word-catalog-v1,CREATE_DRAFT,,,,,jog,jog,verb,A2,sports-leisure,慢跑,,,,,,,,,,TRUE,跳水,遠足,滑雪,得分,抓住,放鬆,TRUE,hit,win,end,kick,ski,lose,,,,
word-catalog-v1,CREATE_DRAFT,,,,,climbing,climbing,noun,A2,sports-leisure,攀巖,,,,,,,,,,TRUE,紀錄,清潔,球員,獎品,獎牌,場地,TRUE,football,barbecue,cleaning,snowboard,surfboard,skating,,,,
word-catalog-v1,CREATE_DRAFT,,,,,climb,climb,verb,A2,sports-leisure,攀登,,,,,,,,,,TRUE,遠足,放鬆,釣魚,跳水,得分,加入,TRUE,score,begin,dance,train,race,hike,,,,
word-catalog-v1,CREATE_DRAFT,,,,,game,game,noun,A2,sports-leisure,比賽,,,,,,,,,,TRUE,帳篷,樂趣,滑冰,球賽,瑜伽,冰鞋,TRUE,camp,bath,fan,coach,goal,yoga,,,,
word-catalog-v1,CREATE_DRAFT,,,,,player,player,noun,A2,sports-leisure,球員,,,,,The player scored the winning goal.,那名球員射入致勝一球。,,,,TRUE,清潔,分數,冰鞋,運動,衝浪,粉絲,TRUE,skiing,winner,diving,shower,loser,skate,,,,
word-catalog-v1,CREATE_DRAFT,,,,,goal,goal,noun,A2,sports-leisure,進球,,,,,,,,,,TRUE,釣魚,滑雪,跳水,帳篷,派對,訓練,TRUE,game,yoga,race,rugby,field,ski,,,,
word-catalog-v1,CREATE_DRAFT,,,,,score,score,noun,A2,sports-leisure,分數,,,,,,,,,,TRUE,烹飪,樂趣,釣魚,露營,瑜伽,慢跑,TRUE,party,loser,game,dance,skiing,shower,,,,
word-catalog-v1,CREATE_DRAFT,,,,,coach,coach,noun,A2,sports-leisure,教練,,,,,,,,,,TRUE,冰鞋,清潔,釣魚,運動,派對,滑雪,TRUE,score,skate,goal,game,medal,diving,,,,
word-catalog-v1,CREATE_DRAFT,,,,,athlete,athlete,noun,A2,sports-leisure,運動員,,,,,,,,,,TRUE,勝出者,冰鞋,紙牌遊戲,場地,派對,橄欖球,TRUE,fishing,cricket,cooking,skating,camping,training,,,,
word-catalog-v1,CREATE_DRAFT,,,,,cup,cup,noun,A2,sports-leisure,杯,,,,,,,,,,TRUE,教練,足球,散步,隊,攀巖,滑板,TRUE,hit,fan,ski,net,fun,yoga,,,,
word-catalog-v1,CREATE_DRAFT,,,,,tired,tired,adjective,A2,sports-leisure,疲倦的,,,,,,,,,,TRUE,無聊,令人享受的,令人驚訝的,感到高興的,捲曲的,退休的,TRUE,bored,pleased,enjoyable,surprising,rural,windy,,,,
word-catalog-v1,CREATE_DRAFT,,,,,join,join,verb,A2,sports-leisure,加入,,,,,,,,,,TRUE,鍛鍊,釣魚,放鬆,慢跑,競爭,結束,TRUE,fish,race,kick,dive,lose,hike,,,,
word-catalog-v1,CREATE_DRAFT,,,,,tour,tour,noun,A2,travel-transport,旅行,,,,,,,,,,TRUE,月台,觀光,行李,航班,假期,出發,TRUE,gate,seat,fare,way,ride,guide,,,,
word-catalog-v1,CREATE_DRAFT,,,,,tourism,tourism,noun,A2,travel-transport,旅遊業,,,,,,,,,,TRUE,往返票,登機牌,單人床,接待處,行李箱,單程票,TRUE,tourist,arrival,journey,airline,railway,customs,,,,
word-catalog-v1,CREATE_DRAFT,,,,,tourist,tourist,noun,A2,travel-transport,遊客,,,,,,,,,,TRUE,簽證,票價,月台,行李,鐵路,取消,TRUE,baggage,customs,airline,journey,twin bed,vacation,,,,
word-catalog-v1,CREATE_DRAFT,,,,,sightseeing,sightseeing,noun,A2,travel-transport,觀光,,,,,,,,,,TRUE,出發,旅程,月台,冒險,鐵路,簽證,TRUE,single bed,double room,single room,reservation,foreigner,cancellation,,,,
word-catalog-v1,CREATE_DRAFT,,,,,guide,guide,noun,A2,travel-transport,導遊,,,,,,,,,,TRUE,座位,旅客,航班,假期,月台,預訂,TRUE,route,flight,seat,visa,gate,baggage,,,,
word-catalog-v1,CREATE_DRAFT,,,,,passenger,passenger,noun,A2,travel-transport,乘客,,,,,,,,,,TRUE,月台,票價,鐵路,遊客,航班,旅客,TRUE,timetable,traveller,adventure,suitcase,twin bed,foreigner,,,,
word-catalog-v1,CREATE_DRAFT,,,,,traveller,traveller,noun,A2,travel-transport,旅客,,,,,,,traveler,,,TRUE,取消,乘客,月台,海關,導遊,單人房,TRUE,departure,platform,timetable,vacation,twin bed,adventure,,,,
word-catalog-v1,CREATE_DRAFT,,,,,suitcase,suitcase,noun,A2,travel-transport,行李箱,,,,,,,,,,TRUE,時刻表,紀念品,路線,預訂,旅行,航班,TRUE,vacation,twin bed,souvenir,postcard,foreigner,railway,,,,
word-catalog-v1,CREATE_DRAFT,,,,,baggage,baggage,noun,A2,travel-transport,行李,,,,,,,,,,TRUE,假期,出發,簽證,航班,海關,觀光,TRUE,railway,tourism,arrival,journey,tourist,customs,,,,
word-catalog-v1,CREATE_DRAFT,,,,,reception,reception,noun,A2,travel-transport,接待處,,,,,,,,,,TRUE,單人床,旅遊業,單程票,雙人房,明信片,紀念品,TRUE,traveller,twin bed,postcard,departure,timetable,foreigner,,,,
word-catalog-v1,CREATE_DRAFT,,,,,twin bed,twin bed,noun,A2,travel-transport,單人床,,,,,,,,,,TRUE,往返票,單程票,雙人房,明信片,紀念品,到達,TRUE,souvenir,postcard,suitcase,tourist,adventure,arrival,,,,
word-catalog-v1,CREATE_DRAFT,,,,,single bed,single bed,noun,A2,travel-transport,單人床,,,,,,,,,,TRUE,行李箱,接待處,外國人,時刻表,明信片,單程票,TRUE,departure,foreigner,adventure,sightseeing,suitcase,double room,,,,
word-catalog-v1,CREATE_DRAFT,,,,,single room,single room,noun,A2,travel-transport,單人房,,,,,,,,,,TRUE,行李箱,紀念品,接待處,明信片,郵輪旅程,假期,TRUE,sightseeing,double room,reservation,single bed,reception,adventure,,,,
word-catalog-v1,CREATE_DRAFT,,,,,double room,double room,noun,A2,travel-transport,雙人房,,,,,,,,,,TRUE,紀念品,單人床,單程票,往返票,登機牌,旅客,TRUE,reservation,single room,sightseeing,single bed,reception,departure,,,,
word-catalog-v1,CREATE_DRAFT,,,,,airline,airline,noun,A2,travel-transport,航空公司,,,,,,,,,,TRUE,公共交通,登機閘口,旅遊業,郵輪旅程,接待處,往返票,TRUE,tourism,journey,arrival,tourist,twin bed,flight,,,,
word-catalog-v1,CREATE_DRAFT,,,,,flight,flight,noun,A2,travel-transport,航班,,,,,,,,,,TRUE,取消,座位,旅客,預訂,冒險,出發,TRUE,cruise,arrival,baggage,tourist,guide,tour,,,,
word-catalog-v1,CREATE_DRAFT,,,,,gate,gate,noun,A2,travel-transport,登機閘口,,,,,,,,,,TRUE,郵輪旅程,公共交通,旅遊業,時刻表,乘車旅程,登機牌,TRUE,trip,seat,ride,visa,tour,fare,,,,
word-catalog-v1,CREATE_DRAFT,,,,,international,international,adjective,A2,travel-transport,國際的,,,,,,,,,,TRUE,外國的,美味的,自然的,可愛的,新鮮的,危險的,TRUE,foreign,uncomfortable,intelligent,good-looking,interesting,comfortable,,,,
word-catalog-v1,CREATE_DRAFT,,,,,seat,seat,noun,A2,travel-transport,座位,,,,,,,,,,TRUE,行李,導遊,旅行,鐵路,到達,票價,TRUE,gate,trip,tour,visa,way,route,,,,
word-catalog-v1,CREATE_DRAFT,,,,,boarding pass,boarding pass,noun,A2,travel-transport,登機牌,,,,,,,,,,TRUE,往返票,單程票,時刻表,紀念品,外國人,雙人房,TRUE,one-way ticket,reservation,single room,cancellation,public transport,double room,,,,
word-catalog-v1,CREATE_DRAFT,,,,,round-trip ticket,round-trip ticket,noun,A2,travel-transport,往返票,,,,,,,,,,TRUE,行李箱,雙人房,登機牌,紀念品,明信片,單人床,TRUE,public transport,one-way ticket,boarding pass,cancellation,sightseeing,single room,,,,
word-catalog-v1,CREATE_DRAFT,,,,,one-way ticket,one-way ticket,noun,A2,travel-transport,單程票,,,,,,,,,,TRUE,往返票,單人床,雙人房,登機牌,外國人,導遊,TRUE,boarding pass,cancellation,public transport,sightseeing,double room,reservation,,,,
word-catalog-v1,CREATE_DRAFT,,,,,book,book,verb,A2,travel-transport,預訂,,,,,,,,,,TRUE,到達,停留,乘坐,取消,著陸,漫步,TRUE,ride,miss,land,reach,catch,stay,,,,
word-catalog-v1,CREATE_DRAFT,,,,,public transport,public transport,noun,A2,travel-transport,公共交通,,,,,,,public transportation,,,TRUE,登機閘口,往返票,航空公司,郵輪旅程,單程票,雙人房,TRUE,round-trip ticket,one-way ticket,cancellation,boarding pass,sightseeing,double room,,,,
word-catalog-v1,CREATE_DRAFT,,,,,platform,platform,noun,A2,travel-transport,月台,,,,,,,,,,TRUE,遊客,冒險,航班,鐵路,旅行,假期,TRUE,suitcase,souvenir,vacation,twin bed,postcard,timetable,,,,
word-catalog-v1,CREATE_DRAFT,,,,,railway,railway,noun,A2,travel-transport,鐵路,,,,,,,railroad,,,TRUE,到達,月台,旅行,旅客,座位,乘客,TRUE,arrival,tourism,baggage,customs,vacation,airline,,,,
word-catalog-v1,CREATE_DRAFT,,,,,fare,fare,noun,A2,travel-transport,票價,,,,,,,,,,TRUE,導遊,旅行,海關,月台,乘客,路線,TRUE,ride,visa,gate,trip,seat,tour,,,,
word-catalog-v1,CREATE_DRAFT,,,,,route,route,noun,A2,travel-transport,路線,,,,,,,,,,TRUE,假期,旅程,乘客,簽證,座位,鐵路,TRUE,guide,tour,trip,visa,ride,airline,,,,
word-catalog-v1,CREATE_DRAFT,,,,,ride,ride,verb,A2,travel-transport,乘坐,,,,,,,,,,TRUE,換乘,預訂,歡迎,離開,趕上,漫步,TRUE,book,land,stay,miss,reach,catch,,,,
word-catalog-v1,CREATE_DRAFT,,,,,catch,catch,verb,A2,travel-transport,趕上,,,,,We ran to catch the last bus.,我們跑去趕上尾班車。,,,,TRUE,乘坐,取消,預訂,離開,到達,漫步,TRUE,reach,guide,leave,stay,book,cancel,,,,
word-catalog-v1,CREATE_DRAFT,,,,,miss,miss,verb,A2,travel-transport,錯過,,,,,,,,,,TRUE,觀光,停留,歡迎,離開,乘坐,換乘,TRUE,stay,land,guide,ride,book,catch,,,,
word-catalog-v1,CREATE_DRAFT,,,,,welcome,welcome,verb,A2,travel-transport,歡迎,,,,,,,,,,TRUE,乘坐,預訂,錯過,取消,換乘,著陸,TRUE,reserve,change,wander,sightsee,cancel,arrive,,,,
word-catalog-v1,CREATE_DRAFT,,,,,way,way,noun,A2,travel-transport,路,,,,,,,,,,TRUE,鐵路,航班,導遊,票價,乘客,旅行,TRUE,fare,visa,seat,ride,trip,route,,,,
word-catalog-v1,CREATE_DRAFT,,,,,climate,climate,noun,A2,nature-weather,氣候,,,,,,,,,,TRUE,海岸,東北,災難,地震,海洋,世界,TRUE,tornado,disaster,desert,valley,blizzard,grass,,,,
word-catalog-v1,CREATE_DRAFT,,,,,condition,condition,noun,A2,nature-weather,狀況,,,,,,,,,,TRUE,災難,田地,海洋,地震,颶風,環境,TRUE,landscape,southeast,hurricane,southwest,northeast,blizzard,,,,
word-catalog-v1,CREATE_DRAFT,,,,,air,air,noun,A2,nature-weather,空氣,,,,,,,,,,TRUE,洪水,西南,世界,沙漠,波浪,海岸,TRUE,fog,path,hill,cold,area,rock,,,,
word-catalog-v1,CREATE_DRAFT,,,,,cold,cold,adjective,A2,nature-weather,冷,,,,,The wind feels cold today.,今天的風感覺很冷。,,,,TRUE,晴朗,乾的,濕的,可怕的,有霧的,嚴重的,TRUE,mild,warm,cool,awful,foggy,windy,,,,
word-catalog-v1,CREATE_DRAFT,,,,,heat,heat,noun,A2,nature-weather,熱,,,,,,,,,,TRUE,風,海洋,草,波浪,海岸,小山,TRUE,cold,lake,path,hill,wood,hail,,,,
word-catalog-v1,CREATE_DRAFT,,,,,wind,wind,noun,A2,nature-weather,風,,,,,,,,,,TRUE,熱,草,地震,風暴,植物,海洋,TRUE,path,heat,wave,area,hill,world,,,,
word-catalog-v1,CREATE_DRAFT,,,,,windy,windy,adjective,A2,nature-weather,多風的,,,,,,,,,,TRUE,可怕的,黑暗的,有霧的,涼爽的,冰凍的,溫暖的,TRUE,foggy,light,clear,warm,awful,cold,,,,
word-catalog-v1,CREATE_DRAFT,,,,,fog,fog,noun,A2,nature-weather,霧,,,,,,,,,,TRUE,熱,風,山谷,空氣,東南,小山,TRUE,air,area,heat,cold,wood,lake,,,,
word-catalog-v1,CREATE_DRAFT,,,,,foggy,foggy,adjective,A2,nature-weather,有霧的,,,,,,,,,,TRUE,自然的,黑暗的,可怕的,糟糕的,明亮的,多風的,TRUE,windy,light,severe,chilly,cold,mild,,,,
word-catalog-v1,CREATE_DRAFT,,,,,breeze,breeze,noun,A2,nature-weather,微風,,,,,,,,,,TRUE,山谷,東北,風景,地震,海岸,景色,TRUE,desert,valley,ground,flood,climate,tornado,,,,
word-catalog-v1,CREATE_DRAFT,,,,,storm,storm,noun,A2,nature-weather,風暴,,,,,,,,,,TRUE,田地,洪水,海岸,東北,岩石,波浪,TRUE,coast,flood,area,hail,breeze,wood,,,,
word-catalog-v1,CREATE_DRAFT,,,,,stormy,stormy,adjective,A2,nature-weather,暴風雨的,,,,,,,,,,TRUE,溫暖的,糟糕的,寒冷的,明亮的,有霧的,可怕的,TRUE,chilly,severe,awful,clear,natural,windy,,,,
word-catalog-v1,CREATE_DRAFT,,,,,blizzard,blizzard,noun,A2,nature-weather,暴風雪,,,,,,,,,,TRUE,龍捲風,氣候變化,沙漠,地區,地面,海洋,TRUE,disaster,northeast,condition,northwest,southwest,the ocean,,,,
word-catalog-v1,CREATE_DRAFT,,,,,thunderstorm,thunderstorm,noun,A2,nature-weather,雷暴,,,,,,,,,,TRUE,環境,田地,東南,地面,小山,岩石,TRUE,environment,rainforest,southwest,southeast,hurricane,climate change,,,,
word-catalog-v1,CREATE_DRAFT,,,,,hail,hail,noun,A2,nature-weather,冰雹,,,,,,,,,,TRUE,洪水,沙漠,木材,災難,風暴,狀況,TRUE,heat,wood,wind,wave,lake,area,,,,
word-catalog-v1,CREATE_DRAFT,,,,,warm,warm,adjective,A2,nature-weather,溫暖的,,,,,,,,,,TRUE,冰凍的,涼爽的,可怕的,多風的,嚴重的,明亮的,TRUE,cool,dark,clear,cold,foggy,dry,,,,
word-catalog-v1,CREATE_DRAFT,,,,,cool,cool,adjective,A2,nature-weather,涼爽的,,,,,,,,,,TRUE,有霧的,和暖的,多風的,黑暗的,可怕的,明亮的,TRUE,warm,dark,wet,cold,awful,dry,,,,
word-catalog-v1,CREATE_DRAFT,,,,,freezing,freezing,adjective,A2,nature-weather,冰凍的,,,,,,,,,,TRUE,明亮的,溫暖的,嚴重的,和暖的,黑暗的,寒冷的,TRUE,terrible,natural,stormy,chilly,light,severe,,,,
word-catalog-v1,CREATE_DRAFT,,,,,chilly,chilly,adjective,A2,nature-weather,寒冷的,,,,,,,,,,TRUE,嚴重的,糟糕的,冰凍的,溫暖的,涼爽的,多風的,TRUE,severe,windy,light,stormy,clear,cool,,,,
word-catalog-v1,CREATE_DRAFT,,,,,clear,clear,adjective,A2,nature-weather,晴朗,,,,,,,,,,TRUE,乾的,濕的,多風的,涼爽的,黑暗的,和暖的,TRUE,awful,windy,cool,severe,mild,chilly,,,,
word-catalog-v1,CREATE_DRAFT,,,,,dark,dark,adjective,A2,nature-weather,黑暗的,,,,,,,,,,TRUE,寒冷的,多風的,嚴重的,冰凍的,溫暖的,涼爽的,TRUE,cold,cool,warm,light,foggy,mild,,,,
word-catalog-v1,CREATE_DRAFT,,,,,light,light,adjective,A2,nature-weather,明亮的,,,,,The room was light and airy.,房間明亮而且通風。,,,,TRUE,黑暗的,嚴重的,寒冷的,溫暖的,冰凍的,有霧的,TRUE,cool,chilly,windy,cold,mild,severe,,,,
word-catalog-v1,CREATE_DRAFT,,,,,wet,wet,adjective,A2,nature-weather,濕的,,,,,,,,,,TRUE,嚴重的,有霧的,冰凍的,溫暖的,糟糕的,多風的,TRUE,dry,mild,cool,warm,cold,windy,,,,
word-catalog-v1,CREATE_DRAFT,,,,,dry,dry,adjective,A2,nature-weather,乾的,,,,,,,,,,TRUE,晴朗,寒冷的,濕的,黑暗的,明亮的,和暖的,TRUE,wet,mild,cold,clear,awful,cool,,,,
word-catalog-v1,CREATE_DRAFT,,,,,blow,blow,verb,A2,nature-weather,吹,,,,,,,,,,TRUE,下雨,下雪,改變,發生,說,畫,TRUE,snow,dry,plant,rain,light,change,,,,
word-catalog-v1,CREATE_DRAFT,,,,,change,change,verb,A2,nature-weather,改變,,,,,,,,,,TRUE,發生,下雪,下雨,吹,擁有,允許,TRUE,happen,blow,light,plant,snow,rain,,,,
word-catalog-v1,CREATE_DRAFT,,,,,awful,awful,adjective,A2,nature-weather,糟糕的,,,,,,,,,,TRUE,黑暗的,可怕的,溫暖的,寒冷的,嚴重的,冰凍的,TRUE,windy,clear,cold,light,foggy,cool,,,,
word-catalog-v1,CREATE_DRAFT,,,,,mild,mild,adjective,A2,nature-weather,和暖的,,,,,,,,,,TRUE,冰凍的,寒冷的,嚴重的,溫暖的,糟糕的,黑暗的,TRUE,windy,dark,wet,cool,clear,cold,,,,
word-catalog-v1,CREATE_DRAFT,,,,,severe,severe,adjective,A2,nature-weather,嚴重的,,,,,,,,,,TRUE,多風的,可怕的,涼爽的,黑暗的,自然的,溫暖的,TRUE,stormy,chilly,windy,foggy,natural,clear,,,,
word-catalog-v1,CREATE_DRAFT,,,,,snow,snow,verb,A2,nature-weather,下雪,,,,,,,,,,TRUE,下雨,改變,吹,發生,結束,集中,TRUE,rain,blow,dry,plant,light,change,,,,
word-catalog-v1,CREATE_DRAFT,,,,,rain,rain,verb,A2,nature-weather,下雨,,,,,,,,,,TRUE,發生,改變,下雪,吹,期待,組織,TRUE,blow,dry,plant,snow,light,happen,,,,
word-catalog-v1,CREATE_DRAFT,,,,,most,most,determiner,A2,numbers-quantity,大多數,,,,,,,,,,TRUE,最少的,更少,更多,少數,少,哪個,TRUE,less,least,more,few,little,which,,,,
word-catalog-v1,CREATE_DRAFT,,,,,least,least,determiner,A2,numbers-quantity,最少的,,,,,,,,,,TRUE,大多數,更多,更少,少數,少,哪個,TRUE,less,more,most,little,few,which,,,,
word-catalog-v1,CREATE_DRAFT,,,,,few,few,determiner,A2,numbers-quantity,少數,,,,,,,,,,TRUE,更多,更少,少,大多數,最少的,哪個,TRUE,most,less,more,least,little,which,,,,
word-catalog-v1,CREATE_DRAFT,,,,,more,more,determiner,A2,numbers-quantity,更多,更,,,,,,,,,TRUE,更少,少數,最少的,大多數,少,幾個,TRUE,less,least,most,few,little,which,,,,
word-catalog-v1,CREATE_DRAFT,,,,,less,less,determiner,A2,numbers-quantity,更少,較少,,,,,,,,,TRUE,少數,更多,少,最少的,大多數,誰的,TRUE,least,more,most,few,little,which,,,,
word-catalog-v1,CREATE_DRAFT,,,,,little,little,determiner,A2,numbers-quantity,少,很少,,,,,,,,,TRUE,更少,更多,少數,大多數,最少的,哪個,TRUE,least,less,more,most,few,either,,,,
word-catalog-v1,CREATE_DRAFT,,,,,so,so,adverb,A2,numbers-quantity,非常,,,,,,,,,,TRUE,異常地,極其,幾乎,最近,終於,仍然,TRUE,long,close,extremely,unusually,in,out,,,,
word-catalog-v1,CREATE_DRAFT,,,,,extremely,extremely,adverb,A2,numbers-quantity,極其,,,,,,,,,,TRUE,非常,異常地,仍然,裡面,最近,立即,TRUE,unusually,close,long,so,generally,somewhere,,,,
word-catalog-v1,CREATE_DRAFT,,,,,unusually,unusually,adverb,A2,numbers-quantity,異常地,,,,,,,,,,TRUE,極其,非常,快速地,平靜地,大聲地,長久地,TRUE,extremely,close,long,so,somewhere,carefully,,,,
word-catalog-v1,CREATE_DRAFT,,,,,Australia,Australia,proper_noun,A2,places-community,澳洲,,,,,,,,,,TRUE,挪威,波蘭,瑞典,希臘,瑞士,埃及,TRUE,Switzerland,Vietnamese,Turkish,Vietnam,Greece,Austria,,,,
word-catalog-v1,CREATE_DRAFT,,,,,Australian,Australian,adjective,A2,places-community,澳洲的,,,,,,,,,,TRUE,瑞典的,荷蘭的,波蘭的,希臘的,瑞士的,城市的,TRUE,Vietnamese,Norwegian,Egyptian,Austrian,Swedish,Israeli,,,,
word-catalog-v1,CREATE_DRAFT,,,,,Switzerland,Switzerland,proper_noun,A2,places-community,瑞士,,,,,,,,,,TRUE,希臘,波蘭,埃及,荷蘭,阿富汗,挪威,TRUE,Afghanistan,Saudi Arabia,Vietnamese,Australia,Austria,Vietnam,,,,
word-catalog-v1,CREATE_DRAFT,,,,,Swiss,Swiss,adjective,A2,places-community,瑞士的,,,,,,,,,,TRUE,挪威的,鄉村的,嘈雜的,希臘的,沙特的,越南的,TRUE,local,Greek,Saudi,noisy,Afghan,urban,,,,
word-catalog-v1,CREATE_DRAFT,,,,,Austria,Austria,proper_noun,A2,places-community,奧地利,,,,,,,,,,TRUE,以色列,阿富汗,荷蘭,澳洲,土耳其,波蘭,TRUE,Greece,Poland,Norway,Israel,Sweden,Turkish,,,,
word-catalog-v1,CREATE_DRAFT,,,,,Austrian,Austrian,adjective,A2,places-community,奧地利的,,,,,,,,,,TRUE,土耳其的,以色列的,波蘭的,越南的,挪威的,城市的,TRUE,Egyptian,Norwegian,Israeli,Swedish,Australian,Polish,,,,
word-catalog-v1,CREATE_DRAFT,,,,,the Netherlands,the Netherlands,proper_noun,A2,places-community,荷蘭,,,,,,,,,,TRUE,挪威,埃及,波蘭,土耳其,瑞士,阿富汗,TRUE,Saudi Arabia,Afghanistan,Switzerland,Vietnamese,Australia,Turkish,,,,
word-catalog-v1,CREATE_DRAFT,,,,,Dutch,Dutch,adjective,A2,places-community,荷蘭的,,,,,,,,,,TRUE,越南的,波蘭的,希臘的,沙特的,挪威的,城市的,TRUE,noisy,rural,Saudi,Polish,Swiss,Greek,,,,
word-catalog-v1,CREATE_DRAFT,,,,,Norway,Norway,proper_noun,A2,places-community,挪威,,,,,,,,,,TRUE,瑞士,土耳其,波蘭,埃及,瑞典,荷蘭,TRUE,Turkey,Israel,Austria,Sweden,Turkish,Greece,,,,
word-catalog-v1,CREATE_DRAFT,,,,,Norwegian,Norwegian,adjective,A2,places-community,挪威的,,,,,,,,,,TRUE,嘈雜的,希臘的,越南的,鄉村的,沙特的,城市的,TRUE,Austrian,Australian,Egyptian,Vietnamese,Israeli,Turkish,,,,
word-catalog-v1,CREATE_DRAFT,,,,,Sweden,Sweden,proper_noun,A2,places-community,瑞典,,,,,,,,,,TRUE,澳洲,越南,希臘,波蘭,荷蘭,土耳其,TRUE,Greece,Israel,Norway,Dutch,Turkish,Poland,,,,
word-catalog-v1,CREATE_DRAFT,,,,,Swedish,Swedish,adjective,A2,places-community,瑞典的,,,,,,,,,,TRUE,當地的,沙特的,鄉村的,越南的,澳洲的,瑞士的,TRUE,Turkish,Austrian,Israeli,Polish,noisy,Egyptian,,,,
word-catalog-v1,CREATE_DRAFT,,,,,Poland,Poland,proper_noun,A2,places-community,波蘭,,,,,,,,,,TRUE,埃及,瑞典,土耳其,挪威,瑞士,荷蘭,TRUE,Greece,Turkey,Sweden,Israel,Turkish,Austria,,,,
word-catalog-v1,CREATE_DRAFT,,,,,Polish,Polish,adjective,A2,places-community,波蘭的,,,,,,,,,,TRUE,瑞士的,希臘的,嘈雜的,越南的,瑞典的,澳洲的,TRUE,Swedish,Dutch,Saudi,Greek,Israeli,rural,,,,
word-catalog-v1,CREATE_DRAFT,,,,,Egypt,Egypt,proper_noun,A2,places-community,埃及,,,,,,,,,,TRUE,越南,澳洲,瑞典,挪威,瑞士,土耳其,TRUE,Greek,Israel,Greece,Dutch,Norway,Sweden,,,,
word-catalog-v1,CREATE_DRAFT,,,,,Egyptian,Egyptian,adjective,A2,places-community,埃及的,,,,,,,,,,TRUE,嘈雜的,越南的,荷蘭的,挪威的,沙特的,波蘭的,TRUE,Austrian,Norwegian,Swedish,Israeli,Polish,Turkish,,,,
word-catalog-v1,CREATE_DRAFT,,,,,Turkey,Turkey,proper_noun,A2,places-community,土耳其,,,,,,,,,,TRUE,以色列,阿富汗,澳洲,埃及,奧地利,瑞典,TRUE,Poland,Norway,Israel,Dutch,Greece,Greek,,,,
word-catalog-v1,CREATE_DRAFT,,,,,Turkish,Turkish,adjective,A2,places-community,土耳其的,,,,,,,,,,TRUE,奧地利的,埃及的,鄉村的,越南的,挪威的,瑞士的,TRUE,Israeli,Swedish,Afghan,Polish,Egyptian,Swiss,,,,
word-catalog-v1,CREATE_DRAFT,,,,,Greece,Greece,proper_noun,A2,places-community,希臘,,,,,,,,,,TRUE,波蘭,瑞典,越南,埃及,挪威,荷蘭,TRUE,Turkey,Israel,Sweden,Norway,Poland,Egypt,,,,
word-catalog-v1,CREATE_DRAFT,,,,,Greek,Greek,adjective,A2,places-community,希臘的,,,,,,,,,,TRUE,沙特的,荷蘭的,波蘭的,挪威的,鄉村的,瑞典的,TRUE,Dutch,local,urban,rural,noisy,Afghan,,,,
word-catalog-v1,CREATE_DRAFT,,,,,Vietnam,Vietnam,proper_noun,A2,places-community,越南,,,,,,,,,,TRUE,荷蘭,挪威,波蘭,希臘,澳洲,阿富汗,TRUE,Turkish,Austria,Greece,Poland,Turkey,Norway,,,,
word-catalog-v1,CREATE_DRAFT,,,,,Vietnamese,Vietnamese,adjective,A2,places-community,越南的,,,,,,,,,,TRUE,澳洲的,鄉村的,當地的,希臘的,瑞典的,瑞士的,TRUE,Australian,Austrian,Norwegian,Egyptian,Swedish,Israeli,,,,
word-catalog-v1,CREATE_DRAFT,,,,,Saudi Arabia,Saudi Arabia,proper_noun,A2,places-community,沙特阿拉伯,,,,,,,,,,TRUE,土耳其,阿富汗,瑞士,奧地利,挪威,波蘭,TRUE,Switzerland,Afghanistan,Vietnamese,Australia,the Netherlands,Vietnam,,,,
word-catalog-v1,CREATE_DRAFT,,,,,Saudi,Saudi,adjective,A2,places-community,沙特的,,,,,,,,,,TRUE,挪威的,荷蘭的,瑞士的,嘈雜的,瑞典的,波蘭的,TRUE,rural,local,Swiss,noisy,Greek,urban,,,,
word-catalog-v1,CREATE_DRAFT,,,,,Afghanistan,Afghanistan,proper_noun,A2,places-community,阿富汗,,,,,,,,,,TRUE,以色列,土耳其,奧地利,埃及,越南,澳洲,TRUE,Switzerland,Australia,Saudi Arabia,Vietnamese,Austria,Vietnam,,,,
word-catalog-v1,CREATE_DRAFT,,,,,Afghan,Afghan,adjective,A2,places-community,阿富汗的,,,,,,,,,,TRUE,奧地利的,土耳其的,澳洲的,沙特的,鄉村的,挪威的,TRUE,Polish,urban,Dutch,Saudi,Greek,local,,,,
word-catalog-v1,CREATE_DRAFT,,,,,Israel,Israel,proper_noun,A2,places-community,以色列,,,,,,,,,,TRUE,土耳其,阿富汗,埃及,瑞士,希臘,澳洲,TRUE,Turkey,Poland,Sweden,Norway,Turkish,Greece,,,,
word-catalog-v1,CREATE_DRAFT,,,,,Israeli,Israeli,adjective,A2,places-community,以色列的,,,,,,,,,,TRUE,奧地利的,瑞典的,當地的,波蘭的,阿富汗的,瑞士的,TRUE,Swedish,Polish,Turkish,Egyptian,Afghan,local,,,,
word-catalog-v1,CREATE_DRAFT,,,,,English,English,proper_noun,A2,communication-language,英語,,,,,,,,,,TRUE,中文,韓語,德語,日語,俄語,法語,TRUE,Arabic,French,German,Russian,Spanish,Turkish,,,,
word-catalog-v1,CREATE_DRAFT,,,,,Spanish,Spanish,proper_noun,A2,communication-language,西班牙語,,,,,,,,,,TRUE,葡萄牙語,希臘語,印地語,阿拉伯語,意大利語,越南語,TRUE,English,Italian,Russian,Japanese,Arabic,French,,,,
word-catalog-v1,CREATE_DRAFT,,,,,French,French,proper_noun,A2,communication-language,法語,,,,,,,,,,TRUE,日語,德語,中文,希臘語,荷蘭語,韓語,TRUE,Korean,German,Persian,Spanish,Hindi,Arabic,,,,
word-catalog-v1,CREATE_DRAFT,,,,,German,German,proper_noun,A2,communication-language,德語,,,,,,,,,,TRUE,中文,日語,印地語,俄語,韓語,英語,TRUE,Arabic,Korean,Dutch,Italian,Chinese,French,,,,
word-catalog-v1,CREATE_DRAFT,,,,,Italian,Italian,proper_noun,A2,communication-language,意大利語,,,,,,,,,,TRUE,阿拉伯語,葡萄牙語,西班牙語,土耳其語,越南語,日語,TRUE,Spanish,Persian,English,Chinese,Russian,Turkish,,,,
word-catalog-v1,CREATE_DRAFT,,,,,Portuguese,Portuguese,proper_noun,A2,communication-language,葡萄牙語,,,,,,,,,,TRUE,土耳其語,阿拉伯語,意大利語,希臘語,西班牙語,印地語,TRUE,Vietnamese,Japanese,Italian,Persian,English,Arabic,,,,
word-catalog-v1,CREATE_DRAFT,,,,,Dutch,Dutch,proper_noun,A2,communication-language,荷蘭語,,,,,,,,,,TRUE,越南語,波斯語,阿拉伯語,德語,韓語,土耳其語,TRUE,Hindi,French,Arabic,Greek,Korean,Persian,,,,
word-catalog-v1,CREATE_DRAFT,,,,,Russian,Russian,proper_noun,A2,communication-language,俄語,,,,,,,,,,TRUE,日語,中文,英語,德語,越南語,希臘語,TRUE,Turkish,Chinese,Spanish,Persian,Italian,English,,,,
word-catalog-v1,CREATE_DRAFT,,,,,Chinese,Chinese,proper_noun,A2,communication-language,中文,,,,,,,,,,TRUE,英語,日語,韓語,俄語,德語,法語,TRUE,Spanish,Turkish,Russian,English,Arabic,Italian,,,,
word-catalog-v1,CREATE_DRAFT,,,,,Japanese,Japanese,proper_noun,A2,communication-language,日語,,,,,,,,,,TRUE,英語,德語,韓語,印地語,法語,俄語,TRUE,Turkish,Italian,Russian,Chinese,Spanish,Persian,,,,
word-catalog-v1,CREATE_DRAFT,,,,,Korean,Korean,proper_noun,A2,communication-language,韓語,,,,,,,,,,TRUE,德語,俄語,日語,中文,希臘語,英語,TRUE,French,Greek,English,Arabic,German,Russian,,,,
word-catalog-v1,CREATE_DRAFT,,,,,Vietnamese,Vietnamese,proper_noun,A2,communication-language,越南語,,,,,,,,,,TRUE,波斯語,韓語,法語,英語,德語,荷蘭語,TRUE,Portuguese,Chinese,Russian,Turkish,Japanese,Spanish,,,,
word-catalog-v1,CREATE_DRAFT,,,,,Greek,Greek,proper_noun,A2,communication-language,希臘語,,,,,,,,,,TRUE,波斯語,越南語,荷蘭語,阿拉伯語,俄語,印地語,TRUE,Dutch,Hindi,French,Arabic,Korean,German,,,,
word-catalog-v1,CREATE_DRAFT,,,,,Hindi,Hindi,proper_noun,A2,communication-language,印地語,,,,,,,,,,TRUE,波斯語,越南語,希臘語,德語,荷蘭語,英語,TRUE,Dutch,Korean,Arabic,Greek,Spanish,Chinese,,,,
word-catalog-v1,CREATE_DRAFT,,,,,Arabic,Arabic,proper_noun,A2,communication-language,阿拉伯語,,,,,,,,,,TRUE,意大利語,印地語,越南語,西班牙語,葡萄牙語,荷蘭語,TRUE,Spanish,Turkish,Chinese,Persian,Italian,French,,,,
word-catalog-v1,CREATE_DRAFT,,,,,Persian,Persian,proper_noun,A2,communication-language,波斯語,,,,,,,,,,TRUE,印地語,希臘語,越南語,俄語,德語,法語,TRUE,Turkish,English,Russian,Italian,Chinese,French,,,,
word-catalog-v1,CREATE_DRAFT,,,,,Turkish,Turkish,proper_noun,A2,communication-language,土耳其語,,,,,,,,,,TRUE,意大利語,西班牙語,阿拉伯語,印地語,希臘語,葡萄牙語,TRUE,Persian,English,Russian,Chinese,Italian,Spanish,,,,
word-catalog-v1,CREATE_DRAFT,,,,,grammar,grammar,noun,A2,communication-language,語法,,,,,,,,,,TRUE,聲明,意見,句子,詞彙,動詞,邀請,TRUE,opinion,adverb,clause,sentence,letter,phrase,,,,
word-catalog-v1,CREATE_DRAFT,,,,,letter,letter,noun,A2,communication-language,字母,,,,,,,,,,TRUE,從句,語法,意見,聲明,郵件,名詞,TRUE,clause,adverb,phrase,note,grammar,noun,,,,
word-catalog-v1,CREATE_DRAFT,,,,,word,word,noun,A2,communication-language,詞,,,,,,,,,,TRUE,信,句子,溝通,便條,討論,意見,TRUE,verb,note,talk,call,noun,mail,,,,
word-catalog-v1,CREATE_DRAFT,,,,,phrase,phrase,noun,A2,communication-language,短語,,,,,,,,,,TRUE,討論,信封,意見,句子,字母,電話,TRUE,clause,adverb,letter,mail,talk,fight,,,,
word-catalog-v1,CREATE_DRAFT,,,,,sentence,sentence,noun,A2,communication-language,句子,,,,,,,,,,TRUE,語法,便條,手機,爭吵,信封,從句,TRUE,envelope,argument,grammar,adjective,statement,discussion,,,,
word-catalog-v1,CREATE_DRAFT,,,,,verb,verb,noun,A2,communication-language,動詞,,,,,,,,,,TRUE,郵件,討論,句子,詞彙,短語,溝通,TRUE,word,mail,noun,fight,talk,call,,,,
word-catalog-v1,CREATE_DRAFT,,,,,adjective,adjective,noun,A2,communication-language,形容詞,,,,,,,,,,TRUE,動詞,詞彙,邀請,信封,溝通,手機,TRUE,cell phone,envelope,statement,sentence,argument,vocabulary,,,,
word-catalog-v1,CREATE_DRAFT,,,,,noun,noun,noun,A2,communication-language,名詞,,,,,,,,,,TRUE,郵件,詞彙,副詞,論點,電話,聲明,TRUE,verb,note,word,talk,mail,call,,,,
word-catalog-v1,CREATE_DRAFT,,,,,vocabulary,vocabulary,noun,A2,communication-language,詞彙,,,,,,,,,,TRUE,溝通,便條,名詞,郵件,電話,談話,TRUE,cell phone,invitation,adjective,discussion,argument,sentence,,,,
word-catalog-v1,CREATE_DRAFT,,,,,adverb,adverb,noun,A2,communication-language,副詞,,,,,,,,,,TRUE,名詞,爭吵,談話,討論,郵件,詞彙,TRUE,letter,opinion,phrase,clause,grammar,note,,,,
word-catalog-v1,CREATE_DRAFT,,,,,clause,clause,noun,A2,communication-language,從句,,,,,,,,,,TRUE,聲明,字母,溝通,手機,短語,對話,TRUE,letter,adverb,phrase,opinion,grammar,sentence,,,,
word-catalog-v1,CREATE_DRAFT,,,,,deal with,deal with,phrasal_verb,A2,actions-events,處理,,,,,We must deal with the problem calmly.,我們必須冷靜處理這個問題。,,,,TRUE,進來,趕快,出去,轉身,環顧,調高,TRUE,calm down,throw out,carry out,find out,get back,turn down,,,,
word-catalog-v1,CREATE_DRAFT,,,,,go in,go in,phrasal_verb,A2,actions-events,進入,,,,,"It is raining, so let us go in.",正在下雨，我們進去吧。,,,,TRUE,趕快,起床,上去,調低,長大,上車,TRUE,go up,let in,get up,get in,get out,turn up,,,,
word-catalog-v1,CREATE_DRAFT,,,,,go out,go out,phrasal_verb,A2,actions-events,出去,,,,,We went out for dinner.,我們外出吃晚飯。,,,,TRUE,返回,長大,下車,打開,調低,進入,TRUE,get on,let in,get up,get in,go in,pick up,,,,
word-catalog-v1,CREATE_DRAFT,,,,,get in,get in,phrasal_verb,A2,actions-events,上車,,,,,Get in the car and fasten your seat belt.,上車後請扣好安全帶。,,,,TRUE,出去,撿起,長大,調高,尋找,發現,TRUE,grow up,look up,get off,pick up,get up,get out,,,,
word-catalog-v1,CREATE_DRAFT,,,,,get out,get out,phrasal_verb,A2,actions-events,出去,,,,,We got out of the taxi at the station.,我們在車站下的士。,,,,TRUE,起床,下去,放下,進入,撿起,轉身,TRUE,get off,go down,grow up,come in,find out,look up,,,,
word-catalog-v1,CREATE_DRAFT,,,,,turn up,turn up,phrasal_verb,A2,actions-events,調高,,,,,Please turn up the radio.,請把收音機聲量調高。,,,,TRUE,執行,處理,起床,打開,下去,放下,TRUE,get out,grow up,get off,go down,look up,let in,,,,
word-catalog-v1,CREATE_DRAFT,,,,,turn down,turn down,phrasal_verb,A2,actions-events,調低,,,,,Please turn down the music.,請把音樂聲量調低。,,,,TRUE,出去,減速,上車,進來,下車,趕快,TRUE,throw out,carry out,deal with,calm down,switch on,slow down,,,,
word-catalog-v1,CREATE_DRAFT,,,,,go up,go up,phrasal_verb,A2,actions-events,上去,,,,,Prices may go up next month.,價格下個月可能上升。,,,,TRUE,下車,趕快,調低,撿起,打開,發現,TRUE,go in,go out,get on,let in,turn up,come in,,,,
word-catalog-v1,CREATE_DRAFT,,,,,go down,go down,phrasal_verb,A2,actions-events,下去,,,,,The temperature will go down tonight.,今晚氣溫會下降。,,,,TRUE,放下,執行,減速,上車,登上,打開,TRUE,get out,pick up,come in,grow up,turn up,look up,,,,
word-catalog-v1,CREATE_DRAFT,,,,,get on,get on,phrasal_verb,A2,actions-events,登上,,,,,We got on the bus outside school.,我們在學校外面上巴士。,,,,TRUE,尋找,環顧,上去,關閉,進入,減速,TRUE,go out,let in,get up,turn up,look up,get off,,,,
word-catalog-v1,CREATE_DRAFT,,,,,get off,get off,phrasal_verb,A2,actions-events,下車,,,,,Get off the train at the next station.,在下一個車站下火車。,,,,TRUE,發現,尋找,進來,查找,轉身,處理,TRUE,go down,look up,turn up,come in,get out,grow up,,,,
word-catalog-v1,CREATE_DRAFT,,,,,put down,put down,phrasal_verb,A2,actions-events,放下,,,,,Please put down your bag here.,請把袋放在這裡。,,,,TRUE,長大,撿起,下去,登上,查找,打開,TRUE,find out,hurry up,look for,get back,look up,switch on,,,,
word-catalog-v1,CREATE_DRAFT,,,,,pick up,pick up,phrasal_verb,A2,actions-events,撿起,,,,,I will pick up the parcel after school.,我放學後會領取包裹。,,,,TRUE,下去,處理,長大,轉身,關閉,上車,TRUE,look up,get off,go down,turn up,get out,get back,,,,
word-catalog-v1,CREATE_DRAFT,,,,,come in,come in,phrasal_verb,A2,actions-events,進來,,,,,Please come in and take a seat.,請進來坐下。,,,,TRUE,起床,打開,登上,趕快,長大,出去,TRUE,go down,get out,pick up,grow up,hurry up,look up,,,,
word-catalog-v1,CREATE_DRAFT,,,,,grow up,grow up,phrasal_verb,A2,actions-events,長大,,,,,She wants to be a doctor when she grows up.,她長大後想成為醫生。,,,,TRUE,關閉,上車,放下,下去,起床,返回,TRUE,look up,turn up,pick up,get out,get in,get off,,,,
word-catalog-v1,CREATE_DRAFT,,,,,find out,find out,phrasal_verb,A2,actions-events,發現,,,,,We need to find out what happened.,我們要查明發生了甚麼事。,,,,TRUE,執行,出去,起床,下去,扔掉,轉身,TRUE,hurry up,look for,pick up,get out,switch on,carry out,,,,
word-catalog-v1,CREATE_DRAFT,,,,,get up,get up,phrasal_verb,A2,actions-events,起床,,,,,I get up at seven every morning.,我每天早上七時起床。,,,,TRUE,進來,上去,調高,出去,撿起,登上,TRUE,let in,pick up,look up,get on,come in,get off,,,,
word-catalog-v1,CREATE_DRAFT,,,,,hurry up,hurry up,phrasal_verb,A2,actions-events,趕快,,,,,"Hurry up, or we will miss the bus.",快一點，否則我們會錯過巴士。,,,,TRUE,下去,打開,環顧,進入,進來,登上,TRUE,find out,look for,put down,carry out,come in,look up,,,,
word-catalog-v1,CREATE_DRAFT,,,,,throw out,throw out,phrasal_verb,A2,actions-events,扔掉,,,,,Do not throw out that useful box.,不要丟掉那個有用的盒子。,,,,TRUE,執行,調高,轉身,下車,放下,發現,TRUE,calm down,turn down,slow down,carry out,switch on,look for,,,,
word-catalog-v1,CREATE_DRAFT,,,,,calm down,calm down,phrasal_verb,A2,actions-events,冷靜下來,,,,,Take a deep breath and calm down.,深呼吸，冷靜下來。,,,,TRUE,關閉,上去,進來,撿起,起床,扔掉,TRUE,slow down,carry out,throw out,turn down,deal with,get back,,,,
word-catalog-v1,CREATE_DRAFT,,,,,slow down,slow down,phrasal_verb,A2,actions-events,減速,,,,,Drivers must slow down near the school.,司機駛近學校時必須減速。,,,,TRUE,出去,執行,放下,上車,扔掉,尋找,TRUE,turn down,switch on,calm down,deal with,carry out,throw out,,,,
word-catalog-v1,CREATE_DRAFT,,,,,look around,look around,phrasal_verb,A2,actions-events,環顧,,,,,We looked around the museum for an hour.,我們在博物館四處參觀了一小時。,,,,TRUE,長大,查找,返回,尋找,放下,登上,TRUE,turn around,switch off,turn down,calm down,slow down,get back,,,,
word-catalog-v1,CREATE_DRAFT,,,,,turn around,turn around,phrasal_verb,A2,actions-events,轉身,,,,,Turn around and face the door.,轉身面向門口。,,,,TRUE,起床,調低,尋找,長大,減速,返回,TRUE,look around,switch off,switch on,turn down,slow down,throw out,,,,
word-catalog-v1,CREATE_DRAFT,,,,,get back,get back,phrasal_verb,A2,actions-events,返回,,,,,What time will you get back home?,你甚麼時候回到家？,,,,TRUE,減速,調高,下去,趕快,打開,調低,TRUE,find out,come in,hurry up,grow up,turn up,get out,,,,
word-catalog-v1,CREATE_DRAFT,,,,,look up,look up,phrasal_verb,A2,actions-events,查找,,,,,Look up the word in a dictionary.,在字典查閱這個詞。,,,,TRUE,起床,進入,長大,發現,放下,出去,TRUE,go down,come in,get off,get out,grow up,get in,,,,
word-catalog-v1,CREATE_DRAFT,,,,,let in,let in,phrasal_verb,A2,actions-events,讓……進入,,,,,Please let the visitors in.,請讓訪客進來。,,,,TRUE,冷靜下來,放下,處理,進來,上車,減速,TRUE,go out,get up,look up,come in,get off,go up,,,,
word-catalog-v1,CREATE_DRAFT,,,,,switch on,switch on,phrasal_verb,A2,actions-events,打開,,,,,"Switch on the fan, please.",請開風扇。,,,,TRUE,環顧,轉身,上去,尋找,登上,撿起,TRUE,calm down,turn down,carry out,slow down,throw out,look for,,,,
word-catalog-v1,CREATE_DRAFT,,,,,switch off,switch off,phrasal_verb,A2,actions-events,關閉,,,,,Switch off your phone during the film.,觀看電影期間請關掉電話。,,,,TRUE,下車,打開,轉身,起床,執行,放下,TRUE,deal with,turn around,switch on,look around,slow down,throw out,,,,
word-catalog-v1,CREATE_DRAFT,,,,,farm,farm,noun,A2,animals-plants,農場,,,,,,,,,,TRUE,花生,類型,蒼蠅,百合,蘭花,藍莓,TRUE,tail,ride,deer,lily,type,kiwi,,,,
word-catalog-v1,CREATE_DRAFT,,,,,farming,farming,noun,A2,animals-plants,農業,,,,,,,,,,TRUE,玫瑰,花生,蜘蛛,西瓜,寵物,西柚,TRUE,dolphin,ladybug,firefly,mosquito,hamster,avocado,,,,
word-catalog-v1,CREATE_DRAFT,,,,,pick,pick,verb,A2,animals-plants,摘,,,,,,,,,,TRUE,餵食,澆水,聞,騎,種植,生產,TRUE,hunt,grow,ride,water,feed,plant,,,,
word-catalog-v1,CREATE_DRAFT,,,,,plant,plant,verb,A2,animals-plants,種植,,,,,,,,,,TRUE,打獵,生產,澆水,聞,餵食,摘,TRUE,ride,smell,water,pick,feed,hunt,,,,
word-catalog-v1,CREATE_DRAFT,,,,,water,water,verb,A2,animals-plants,澆水,,,,,,,,,,TRUE,餵食,種植,打獵,生產,騎,摘,TRUE,plant,hunt,feed,smell,produce,grow,,,,
word-catalog-v1,CREATE_DRAFT,,,,,grow,grow,verb,A2,animals-plants,種植,,,,,,,,,,TRUE,餵食,騎,打獵,生產,澆水,摘,TRUE,ride,hunt,feed,pick,smell,water,,,,
word-catalog-v1,CREATE_DRAFT,,,,,produce,produce,verb,A2,animals-plants,生產,,,,,,,,,,TRUE,澆水,種植,打獵,餵食,聞,騎,TRUE,hunt,plant,grow,water,smell,pick,,,,
word-catalog-v1,CREATE_DRAFT,,,,,feed,feed,verb,A2,animals-plants,餵食,,,,,,,,,,TRUE,澆水,生產,摘,騎,聞,打獵,TRUE,hunt,grow,pick,smell,ride,plant,,,,
word-catalog-v1,CREATE_DRAFT,,,,,strawberry,strawberry,noun,A2,animals-plants,草莓,,,,,,,,,,TRUE,倉鼠,榛子,種類,核桃,駱駝,花生,TRUE,grapefruit,blueberry,watermelon,cockroach,sunflower,hazelnut,,,,
word-catalog-v1,CREATE_DRAFT,,,,,blueberry,blueberry,noun,A2,animals-plants,藍莓,,,,,,,,,,TRUE,蚊子,類型,海豚,農場,花生,老虎,TRUE,butterfly,pineapple,cockroach,crocodile,hazelnut,mosquito,,,,
word-catalog-v1,CREATE_DRAFT,,,,,watermelon,watermelon,noun,A2,animals-plants,西瓜,,,,,,,,,,TRUE,海豚,農業,鯊魚,羊毛,蜜蜂,鱷魚,TRUE,strawberry,grapefruit,pineapple,sunflower,butterfly,blueberry,,,,
word-catalog-v1,CREATE_DRAFT,,,,,pear,pear,noun,A2,animals-plants,梨,,,,,,,,,,TRUE,蛋,熊,鹿,甲蟲,玫瑰,瓢蟲,TRUE,deer,kind,type,wool,bear,lily,,,,
word-catalog-v1,CREATE_DRAFT,,,,,pineapple,pineapple,noun,A2,animals-plants,菠蘿,,,,,,,,,,TRUE,蜘蛛,鯊魚,甲蟲,蜜蜂,蘭花,種類,TRUE,cockroach,blueberry,crocodile,butterfly,sunflower,grapefruit,,,,
word-catalog-v1,CREATE_DRAFT,,,,,mango,mango,noun,A2,animals-plants,芒果,,,,,,,,,,TRUE,蒼蠅,種類,羔羊,倉鼠,花生,羊毛,TRUE,shark,whale,camel,tiger,peanut,deer,,,,
word-catalog-v1,CREATE_DRAFT,,,,,kiwi,kiwi,noun,A2,animals-plants,奇異果,,,,,,,,,,TRUE,向日葵,螢火蟲,蚊子,牛油果,農業,海豚,TRUE,rose,pear,farm,type,bear,ride,,,,
word-catalog-v1,CREATE_DRAFT,,,,,avocado,avocado,noun,A2,animals-plants,牛油果,,,,,,,,,,TRUE,向日葵,蜘蛛網,奇異果,蝴蝶,動物園,蘭花,TRUE,farming,firefly,penguin,hamster,hazelnut,spider,,,,
word-catalog-v1,CREATE_DRAFT,,,,,grapefruit,grapefruit,noun,A2,animals-plants,西柚,,,,,,,,,,TRUE,羊毛,芒果,菠蘿,蘭花,榛子,草莓,TRUE,strawberry,watermelon,pineapple,sunflower,blueberry,cockroach,,,,
word-catalog-v1,CREATE_DRAFT,,,,,rose,rose,noun,A2,animals-plants,玫瑰,,,,,,,,,,TRUE,種類,堅果,鯊魚,芒果,西瓜,花生,TRUE,kiwi,farm,ride,lamb,wool,bear,,,,
word-catalog-v1,CREATE_DRAFT,,,,,lily,lily,noun,A2,animals-plants,百合,,,,,,,,,,TRUE,猴子,蒼蠅,寵物,蟑螂,農場,鯨魚,TRUE,farm,lamb,kind,rose,pear,bear,,,,
word-catalog-v1,CREATE_DRAFT,,,,,orchid,orchid,noun,A2,animals-plants,蘭花,,,,,,,,,,TRUE,蜜蜂,蟑螂,鯨魚,百合,瓢蟲,倉鼠,TRUE,insect,spider,cactus,shark,peanut,beetle,,,,
word-catalog-v1,CREATE_DRAFT,,,,,sunflower,sunflower,noun,A2,animals-plants,向日葵,,,,,,,,,,TRUE,蜘蛛網,牛油果,螢火蟲,榛子,仙人掌,動物園,TRUE,blueberry,crocodile,watermelon,cockroach,pineapple,butterfly,,,,
word-catalog-v1,CREATE_DRAFT,,,,,cactus,cactus,noun,A2,animals-plants,仙人掌,,,,,,,,,,TRUE,蜘蛛網,奇異果,動物園,堅果,西柚,海豚,TRUE,orchid,peanut,beetle,spider,hamster,almond,,,,
word-catalog-v1,CREATE_DRAFT,,,,,nut,nut,noun,A2,animals-plants,堅果,,,,,,,,,,TRUE,老虎,羔羊,倉鼠,駱駝,鱷魚,蟑螂,TRUE,bee,egg,fly,kind,wool,zoo,,,,
word-catalog-v1,CREATE_DRAFT,,,,,peanut,peanut,noun,A2,animals-plants,花生,,,,,,,,,,TRUE,老虎,蜘蛛,猴子,玫瑰,核桃,草莓,TRUE,cactus,almond,beetle,monkey,hamster,whale,,,,
word-catalog-v1,CREATE_DRAFT,,,,,walnut,walnut,noun,A2,animals-plants,核桃,,,,,,,,,,TRUE,芒果,玫瑰,海豚,昆蟲,類型,鯨魚,TRUE,beetle,monkey,insect,tiger,hamster,avocado,,,,
word-catalog-v1,CREATE_DRAFT,,,,,hazelnut,hazelnut,noun,A2,animals-plants,榛子,,,,,,,,,,TRUE,蚊子,海豚,西柚,草莓,百合,蜜蜂,TRUE,blueberry,hamster,mosquito,pineapple,cockroach,dolphin,,,,
word-catalog-v1,CREATE_DRAFT,,,,,almond,almond,noun,A2,animals-plants,杏仁,,,,,,,,,,TRUE,蒼蠅,甲蟲,鯨魚,種類,蜜蜂,海豚,TRUE,beetle,peanut,monkey,cactus,insect,walnut,,,,
word-catalog-v1,CREATE_DRAFT,,,,,hard,hard,adjective,A2,animals-plants,硬,,,,,,,,,,TRUE,柔軟的,野生的,健康,壞的,全職,苗條,TRUE,soft,wild,kind,slim,cozy,deep,,,,
word-catalog-v1,CREATE_DRAFT,,,,,soft,soft,adjective,A2,animals-plants,柔軟的,,,,,,,,,,TRUE,野生的,硬,害羞的,自信的,普通的,冰凍的,TRUE,kind,hard,wild,long,slim,nice,,,,
word-catalog-v1,CREATE_DRAFT,,,,,smell,smell,verb,A2,animals-plants,聞,,,,,,,,,,TRUE,騎,種植,澆水,打獵,摘,生產,TRUE,plant,water,ride,feed,hunt,grow,,,,
word-catalog-v1,CREATE_DRAFT,,,,,behaviour,behaviour,noun,A2,emotions-personality,行為,,,,,,,behavior,,,TRUE,個性,性格,驚訝,恐懼,情感,憤怒,TRUE,character,happiness,amusement,surprise,kindness,personality,,,,
word-catalog-v1,CREATE_DRAFT,,,,,personality,personality,noun,A2,emotions-personality,個性,,,,,,,,,,TRUE,樂趣,快樂,行為,憤怒,情感,幸福,TRUE,behaviour,amusement,character,kindness,happiness,surprise,,,,
word-catalog-v1,CREATE_DRAFT,,,,,character,character,noun,A2,emotions-personality,性格,,,,,Honesty is part of her character.,誠實是她性格的一部分。,,,,TRUE,快樂,驚訝,個性,行為,信任,恐懼,TRUE,behaviour,amusement,happiness,surprise,emotion,personality,,,,
word-catalog-v1,CREATE_DRAFT,,,,,shy,shy,adjective,A2,emotions-personality,害羞的,,,,,,,,,,TRUE,完美的,自信的,嫉妒的,堅強的,不開心,溫和的,TRUE,own,fair,rude,nice,funny,quiet,,,,
word-catalog-v1,CREATE_DRAFT,,,,,talkative,talkative,adjective,A2,emotions-personality,健談的,,,,,,,,,,TRUE,害怕的,完美的,安靜的,優秀的,有趣的,活躍的,TRUE,exciting,surprised,excellent,confident,creative,brilliant,,,,
word-catalog-v1,CREATE_DRAFT,,,,,serious,serious,adjective,A2,emotions-personality,嚴肅的,,,,,,,,,,TRUE,極好的,溫和的,自己的,優秀的,驚人的,堅強的,TRUE,amazing,jealous,strange,certain,helpful,unhappy,,,,
word-catalog-v1,CREATE_DRAFT,,,,,funny,funny,adjective,A2,emotions-personality,有趣的,,,,,,,,,,TRUE,優秀的,出色的,害怕的,自己的,粗魯的,極好的,TRUE,tough,boring,unique,normal,great,scared,,,,
word-catalog-v1,CREATE_DRAFT,,,,,interesting,interesting,adjective,A2,emotions-personality,有趣的,,,,,,,,,,TRUE,可怕的,個別的,公平的,愚蠢的,害怕的,善良的,TRUE,individual,talkative,brilliant,surprised,excellent,wonderful,,,,
word-catalog-v1,CREATE_DRAFT,,,,,boring,boring,adjective,A2,emotions-personality,無聊的,,,,,,,,,,TRUE,嫉妒的,自己的,完美的,愉快的,公平的,害怕的,TRUE,active,scared,normal,foolish,unique,great,,,,
word-catalog-v1,CREATE_DRAFT,,,,,exciting,exciting,adjective,A2,emotions-personality,令人興奮的,,,,,,,,,,TRUE,有創造力的,樂於助人的,害羞的,美妙的,安靜的,完美的,TRUE,brilliant,awesome,serious,strange,confident,perfect,,,,
word-catalog-v1,CREATE_DRAFT,,,,,wonderful,wonderful,adjective,A2,emotions-personality,美妙的,,,,,,,,,,TRUE,個別的,粗魯的,有趣的,自信的,害怕的,堅強的,TRUE,surprised,confident,brilliant,exciting,talkative,creative,,,,
word-catalog-v1,CREATE_DRAFT,,,,,amazing,amazing,adjective,A2,emotions-personality,驚人的,,,,,,,,,,TRUE,無聊的,獨特的,優秀的,安靜的,美妙的,確定的,TRUE,serious,certain,jealous,unhappy,active,strange,,,,
word-catalog-v1,CREATE_DRAFT,,,,,excellent,excellent,adjective,A2,emotions-personality,優秀的,,,,,,,,,,TRUE,獨特的,美妙的,出色的,驚訝的,堅強的,害怕的,TRUE,talkative,confident,wonderful,surprised,creative,brilliant,,,,
word-catalog-v1,CREATE_DRAFT,,,,,awesome,awesome,adjective,A2,emotions-personality,極好的,,,,,,,,,,TRUE,確定的,奇怪的,溫和的,有趣的,出色的,安靜的,TRUE,serious,unhappy,strange,certain,foolish,active,,,,
word-catalog-v1,CREATE_DRAFT,,,,,kind,kind,adjective,A2,emotions-personality,善良的,,,,,,,,,,TRUE,公平的,美妙的,出色的,可怕的,安靜的,完美的,TRUE,scary,fair,mild,nice,weird,rude,,,,
word-catalog-v1,CREATE_DRAFT,,,,,weird,weird,adjective,A2,emotions-personality,奇怪的,,,,,,,,,,TRUE,自己的,害羞的,嚴肅的,愉快的,可怕的,個別的,TRUE,great,quiet,scary,nice,mild,tough,,,,
word-catalog-v1,CREATE_DRAFT,,,,,normal,normal,adjective,A2,emotions-personality,正常的,,,,,,,,,,TRUE,自己的,溫和的,堅強的,優秀的,驚訝的,可怕的,TRUE,scared,funny,certain,active,unique,serious,,,,
word-catalog-v1,CREATE_DRAFT,,,,,strange,strange,adjective,A2,emotions-personality,奇怪的,,,,,,,,,,TRUE,公平的,完美的,個別的,愚蠢的,善良的,健談的,TRUE,helpful,perfect,awesome,jealous,certain,scared,,,,
word-catalog-v1,CREATE_DRAFT,,,,,nice,nice,adjective,A2,emotions-personality,愉快的,,,,,,,,,,TRUE,奇怪的,出色的,安靜的,優秀的,可怕的,嫉妒的,TRUE,mild,kind,fair,scary,rude,shy,,,,
word-catalog-v1,CREATE_DRAFT,,,,,great,great,adjective,A2,emotions-personality,偉大的,,,,,,,,,,TRUE,個別的,出色的,害怕的,奇怪的,驚人的,嫉妒的,TRUE,funny,scary,tough,quiet,normal,nice,,,,
word-catalog-v1,CREATE_DRAFT,,,,,tough,tough,adjective,A2,emotions-personality,堅強的,,,,,,,,,,TRUE,善良的,有趣的,溫和的,愉快的,活躍的,個別的,TRUE,great,weird,active,funny,scared,boring,,,,
word-catalog-v1,CREATE_DRAFT,,,,,unique,unique,adjective,A2,emotions-personality,獨特的,,,,,,,,,,TRUE,害怕的,愉快的,驚人的,嚴肅的,正常的,極好的,TRUE,funny,active,scared,strange,helpful,normal,,,,
word-catalog-v1,CREATE_DRAFT,,,,,jealous,jealous,adjective,A2,emotions-personality,嫉妒的,,,,,,,,,,TRUE,個別的,驚人的,活躍的,優秀的,公平的,溫和的,TRUE,serious,awesome,helpful,certain,strange,perfect,,,,
word-catalog-v1,CREATE_DRAFT,,,,,brilliant,brilliant,adjective,A2,emotions-personality,出色的,,,,,,,,,,TRUE,自信的,確定的,驚訝的,安靜的,個別的,善良的,TRUE,surprised,excellent,confident,wonderful,talkative,creative,,,,
word-catalog-v1,CREATE_DRAFT,,,,,creative,creative,adjective,A2,emotions-personality,有創造力的,,,,,,,,,,TRUE,令人興奮的,樂於助人的,堅強的,活躍的,優秀的,極好的,TRUE,brilliant,talkative,foolish,serious,exciting,jealous,,,,
word-catalog-v1,CREATE_DRAFT,,,,,perfect,perfect,adjective,A2,emotions-personality,完美的,,,,,,,,,,TRUE,出色的,堅強的,愉快的,嫉妒的,驚訝的,奇怪的,TRUE,strange,awesome,amazing,jealous,certain,foolish,,,,
word-catalog-v1,CREATE_DRAFT,,,,,helpful,helpful,adjective,A2,emotions-personality,樂於助人的,,,,,,,,,,TRUE,有創造力的,令人興奮的,可怕的,害羞的,優秀的,自信的,TRUE,amazing,jealous,certain,foolish,perfect,awesome,,,,
word-catalog-v1,CREATE_DRAFT,,,,,fair,fair,adjective,A2,emotions-personality,公平的,,,,,,,,,,TRUE,正常的,驚人的,個別的,極好的,害羞的,不開心,TRUE,mild,rude,shy,nice,kind,own,,,,
word-catalog-v1,CREATE_DRAFT,,,,,rude,rude,adjective,A2,emotions-personality,粗魯的,,,,,,,,,,TRUE,安靜的,愉快的,愚蠢的,出色的,美妙的,可怕的,TRUE,nice,mild,kind,quiet,weird,fair,,,,
word-catalog-v1,CREATE_DRAFT,,,,,unhappy,unhappy,adjective,A2,emotions-personality,不開心,,,,,,,,,,TRUE,完美的,愉快的,確定的,公平的,健談的,可怕的,TRUE,perfect,awesome,amazing,foolish,strange,serious,,,,
word-catalog-v1,CREATE_DRAFT,,,,,confident,confident,adjective,A2,emotions-personality,自信的,,,,,,,,,,TRUE,嚴肅的,完美的,愉快的,確定的,溫和的,無聊的,TRUE,excellent,talkative,exciting,surprised,brilliant,wonderful,,,,
word-catalog-v1,CREATE_DRAFT,,,,,scary,scary,adjective,A2,emotions-personality,可怕的,,,,,,,,,,TRUE,無聊的,愉快的,嚴肅的,活躍的,自己的,極好的,TRUE,funny,tough,quiet,great,nice,boring,,,,
word-catalog-v1,CREATE_DRAFT,,,,,active,active,adjective,A2,emotions-personality,活躍的,,,,,,,,,,TRUE,出色的,自己的,愉快的,極好的,驚人的,公平的,TRUE,boring,scared,funny,serious,unique,normal,,,,
word-catalog-v1,CREATE_DRAFT,,,,,mild,mild,adjective,A2,emotions-personality,溫和的,,,,,,,,,,TRUE,可怕的,善良的,美妙的,粗魯的,害羞的,優秀的,TRUE,rude,kind,nice,fair,funny,scary,,,,
word-catalog-v1,CREATE_DRAFT,,,,,individual,individual,adjective,A2,emotions-personality,個別的,,,,,,,,,,TRUE,愉快的,自信的,獨特的,嫉妒的,健談的,公平的,TRUE,interesting,confident,surprised,talkative,exciting,brilliant,,,,
word-catalog-v1,CREATE_DRAFT,,,,,foolish,foolish,adjective,A2,emotions-personality,愚蠢的,,,,,,,,,,TRUE,安靜的,自己的,健談的,驚訝的,愉快的,公平的,TRUE,jealous,strange,amazing,awesome,helpful,perfect,,,,
word-catalog-v1,CREATE_DRAFT,,,,,certain,certain,adjective,A2,emotions-personality,確定的,,,,,,,,,,TRUE,極好的,無聊的,優秀的,溫和的,健談的,嫉妒的,TRUE,jealous,perfect,unhappy,helpful,awesome,serious,,,,
word-catalog-v1,CREATE_DRAFT,,,,,quiet,quiet,adjective,A2,emotions-personality,安靜的,,,,,,,,,,TRUE,驚訝的,可怕的,完美的,獨特的,活躍的,公平的,TRUE,scary,great,weird,funny,rude,tough,,,,
word-catalog-v1,CREATE_DRAFT,,,,,own,own,adjective,A2,emotions-personality,自己的,,,,,,,,,,TRUE,極好的,嫉妒的,驚訝的,活躍的,堅強的,奇怪的,TRUE,rude,shy,kind,fair,nice,great,,,,
word-catalog-v1,CREATE_DRAFT,,,,,taste,taste,verb,A2,food-drink,品嚐,,,,,,,,,,TRUE,點菜,供應,炸,給小費,告訴,慶祝,TRUE,serve,order,fry,tip,annoy,train,,,,
word-catalog-v1,CREATE_DRAFT,,,,,pork,pork,noun,A2,food-drink,豬肉,,,,,,,,,,TRUE,味道,牛肉,熱狗,奄列,菜單,多士,TRUE,tuna,bean,lamb,menu,rest,pasta,,,,
word-catalog-v1,CREATE_DRAFT,,,,,beef,beef,noun,A2,food-drink,牛肉,,,,,,,,,,TRUE,麵條,羊肉,熱狗,薯片,牛排,小食,TRUE,tuna,pork,menu,rest,tip,sauce,,,,
word-catalog-v1,CREATE_DRAFT,,,,,lamb,lamb,noun,A2,food-drink,羊肉,羔羊肉,,,,,,,,,TRUE,菜單,薯片,餡餅,快餐,蘑菇,甜點,TRUE,pork,menu,bean,rest,order,pie,,,,
word-catalog-v1,CREATE_DRAFT,,,,,tuna,tuna,noun,A2,food-drink,吞拿魚,,,,,,,,,,TRUE,豬肉,純素食者,素食者,咖啡店,漢堡,薯條,TRUE,beef,menu,pork,rest,lamb,bean,,,,
word-catalog-v1,CREATE_DRAFT,,,,,omelette,omelette,noun,A2,food-drink,奄列,,,,,,,omelet,,,TRUE,羊肉,味道,豬肉,椰菜,漢堡,熱狗,TRUE,eggplant,junk food,grocery,sausage,broccoli,cabbage,,,,
word-catalog-v1,CREATE_DRAFT,,,,,cookbook,cookbook,noun,A2,food-drink,烹飪書,,,,,,,,,,TRUE,素食者,麵條,菠菜,吞拿魚,咖啡店,茄子,TRUE,eggplant,mushroom,grocery,junk food,fast food,flavour,,,,
word-catalog-v1,CREATE_DRAFT,,,,,grocery,grocery,noun,A2,food-drink,食品雜貨,,,,,,,,,,TRUE,純素食者,黑巧克力,熱巧克力,剩餘部分,烹飪書,咖啡店,TRUE,cabbage,hot dog,sausage,omelette,noodle,dessert,,,,
word-catalog-v1,CREATE_DRAFT,,,,,tip,tip,noun,A2,food-drink,小費,,,,,,,,,,TRUE,小食,熱狗,漢堡,椰菜,豬肉,快餐,TRUE,pea,pie,pork,lamb,rest,bean,,,,
word-catalog-v1,CREATE_DRAFT,,,,,rest,rest,noun,A2,food-drink,剩餘部分,,,,,,,,,,TRUE,黑巧克力,食品雜貨,素食者,熱巧克力,不健康食品,純素食者,TRUE,pork,beef,toast,lamb,tip,menu,,,,
word-catalog-v1,CREATE_DRAFT,,,,,leftovers,leftovers,noun,A2,food-drink,剩菜,,,,,,,,,,TRUE,菠菜,薯片,甜點,小費,餡餅,薯條,TRUE,fast food,omelette,eggplant,mushroom,hamburger,junk food,,,,
word-catalog-v1,CREATE_DRAFT,,,,,steak,steak,noun,A2,food-drink,牛排,,,,,,,,,,TRUE,多士,芹菜,麵條,豬肉,羊肉,快餐,TRUE,pasta,snack,toast,taste,sauce,order,,,,
word-catalog-v1,CREATE_DRAFT,,,,,well-done,well-done,adjective,A2,food-drink,全熟的,,,,,,,,,,TRUE,五分熟,三分熟,新鮮的,美味的,苦的,酸的,TRUE,delicious,medium,watery,salty,bitter,spicy,,,,
word-catalog-v1,CREATE_DRAFT,,,,,medium,medium,adjective,A2,food-drink,五分熟,,,,,,,,,,TRUE,新鮮的,三分熟,美味的,酸的,苦的,全熟的,TRUE,bitter,watery,fresh,sweet,salty,sour,,,,
word-catalog-v1,CREATE_DRAFT,,,,,rare,rare,adjective,A2,food-drink,三分熟,,,,,,,,,,TRUE,全熟的,五分熟,美味的,新鮮的,甜的,鹹的,TRUE,fresh,spicy,sour,sweet,salty,medium,,,,
word-catalog-v1,CREATE_DRAFT,,,,,watery,watery,adjective,A2,food-drink,水分過多的,,,,,,,,,,TRUE,三分熟,新鮮的,五分熟,苦的,酸的,甜的,TRUE,bitter,salty,fresh,medium,rare,spicy,,,,
word-catalog-v1,CREATE_DRAFT,,,,,spicy,spicy,adjective,A2,food-drink,辣的,,,,,,,,,,TRUE,酸的,甜的,鹹的,苦的,五分熟,全熟的,TRUE,fresh,sweet,salty,sour,bitter,medium,,,,
word-catalog-v1,CREATE_DRAFT,,,,,bitter,bitter,adjective,A2,food-drink,苦的,,,,,,,,,,TRUE,甜的,鹹的,酸的,辣的,全熟的,美味的,TRUE,watery,medium,rare,spicy,fresh,sweet,,,,
word-catalog-v1,CREATE_DRAFT,,,,,vegetarian,vegetarian,noun,A2,food-drink,素食者,,,,,,,,,,TRUE,吞拿魚,咖啡店,烹飪書,味道,訂單,漢堡,TRUE,coffee shop,junk food,leftovers,hamburger,potato chip,cookbook,,,,
word-catalog-v1,CREATE_DRAFT,,,,,vegan,vegan,noun,A2,food-drink,純素食者,,,,,,,,,,TRUE,剩餘部分,熱巧克力,黑巧克力,食品雜貨,不健康食品,素食者,TRUE,pasta,snack,taste,steak,rest,bean,,,,
word-catalog-v1,CREATE_DRAFT,,,,,broccoli,broccoli,noun,A2,food-drink,西蘭花,,,,,,,,,,TRUE,咖啡店,素食者,菠菜,薯條,吞拿魚,多士,TRUE,cookbook,omelette,dessert,mushroom,eggplant,grocery,,,,
word-catalog-v1,CREATE_DRAFT,,,,,celery,celery,noun,A2,food-drink,芹菜,,,,,,,,,,TRUE,羊肉,奄列,牛排,剩菜,蘑菇,漢堡,TRUE,noodle,cabbage,steak,sauce,sausage,snack,,,,
word-catalog-v1,CREATE_DRAFT,,,,,eggplant,eggplant,noun,A2,food-drink,茄子,,,,,,,,,,TRUE,蘑菇,訂單,味道,甜點,麵條,羊肉,TRUE,mushroom,junk food,broccoli,cookbook,spinach,fast food,,,,
word-catalog-v1,CREATE_DRAFT,,,,,cabbage,cabbage,noun,A2,food-drink,椰菜,,,,,,,,,,TRUE,豆類,餡餅,牛肉,香腸,小食,羊肉,TRUE,dessert,spinach,mushroom,sausage,omelette,grocery,,,,
word-catalog-v1,CREATE_DRAFT,,,,,spinach,spinach,noun,A2,food-drink,菠菜,,,,,,,,,,TRUE,漢堡,意粉,味道,香腸,蘑菇,奄列,TRUE,hot dog,dessert,grocery,flavour,eggplant,cabbage,,,,
word-catalog-v1,CREATE_DRAFT,,,,,tip,tip,verb,A2,food-drink,給小費,,,,,,,,,,TRUE,點菜,供應,品嚐,炸,取決於,使驚訝,TRUE,fry,order,serve,taste,fit,see,,,,
word-catalog-v1,CREATE_DRAFT,,,,,sick,sick,adjective,A2,body-health,生病的,,,,,,,,,,TRUE,嚴重的,身體的,危險的,強壯的,脆弱的,破碎的,TRUE,weak,cold,strong,better,serious,broken,,,,
word-catalog-v1,CREATE_DRAFT,,,,,better,better,adjective,A2,body-health,更好,,,,,,,,,,TRUE,健康,危險的,身體的,生病的,強壯的,破碎的,TRUE,broken,strong,serious,sick,weak,physical,,,,
word-catalog-v1,CREATE_DRAFT,,,,,broken,broken,adjective,A2,body-health,破碎的,,,,,,,,,,TRUE,生病的,嚴重的,身體的,脆弱的,強壯的,危險的,TRUE,serious,better,strong,cold,weak,sick,,,,
word-catalog-v1,CREATE_DRAFT,,,,,serious,serious,adjective,A2,body-health,嚴重的,,,,,,,,,,TRUE,脆弱的,生病的,身體的,破碎的,強壯的,更好,TRUE,better,physical,broken,strong,dangerous,cold,,,,
word-catalog-v1,CREATE_DRAFT,,,,,dangerous,dangerous,adjective,A2,body-health,危險的,,,,,,,,,,TRUE,嚴重的,身體的,脆弱的,生病的,強壯的,破碎的,TRUE,physical,serious,strong,broken,better,sick,,,,
word-catalog-v1,CREATE_DRAFT,,,,,appointment,appointment,noun,A2,body-health,預約,,,,,,,,,,TRUE,大腿,睫毛,藥物,心臟,脊椎,脂肪,TRUE,stomachache,medication,sore throat,breathing,toothache,headache,,,,
word-catalog-v1,CREATE_DRAFT,,,,,sickness,sickness,noun,A2,body-health,疾病,,,,,,,,illness|disease,,TRUE,骨頭,胃痛,手掌,背痛,疼痛,事故,TRUE,backache,patient,accident,headache,shoulder,backbone,,,,
word-catalog-v1,CREATE_DRAFT,,,,,pain,pain,noun,A2,body-health,疼痛,,,,,,,,,,TRUE,習慣,噴嚏,頭骨,胸部,健康,牙痛,TRUE,life,heel,cold,test,cure,palm,,,,
word-catalog-v1,CREATE_DRAFT,,,,,accident,accident,noun,A2,body-health,事故,,,,,,,,,,TRUE,皮膚,耳痛,藥物,健康,胃痛,傷害,TRUE,headache,shoulder,sickness,backbone,backache,earache,,,,
word-catalog-v1,CREATE_DRAFT,,,,,injury,injury,noun,A2,body-health,傷害,,,,,,,,,,TRUE,肩膀,血液,發燒,睫毛,飲食,腳跟,TRUE,energy,effect,finger,health,muscle,patient,,,,
word-catalog-v1,CREATE_DRAFT,,,,,test,test,verb,A2,body-health,檢驗,,,,,,,,,,TRUE,求診,咳嗽,折斷,生活,傷害,影響,TRUE,live,hurt,cough,see,break,catch,,,,
word-catalog-v1,CREATE_DRAFT,,,,,examine,examine,verb,A2,body-health,檢查,,,,,,,,,,TRUE,影響,保護,折斷,傷害,死,打噴嚏,TRUE,protect,injure,sneeze,cough,break,catch,,,,
word-catalog-v1,CREATE_DRAFT,,,,,break,break,verb,A2,body-health,折斷,,,,,He fell and broke his arm.,他跌倒並折斷了手臂。,,,,TRUE,保護,傷害,求診,檢驗,咳嗽,生活,TRUE,catch,live,test,cough,hit,injure,,,,
word-catalog-v1,CREATE_DRAFT,,,,,hurt,hurt,verb,A2,body-health,傷害,,,,,,,,,,TRUE,檢查,咳嗽,保護,影響,生活,打噴嚏,TRUE,live,break,die,test,see,catch,,,,
word-catalog-v1,CREATE_DRAFT,,,,,injure,injure,verb,A2,body-health,傷害,,,,,,,,,,TRUE,折斷,咳嗽,影響,求診,死,保護,TRUE,sneeze,test,cough,examine,break,catch,,,,
word-catalog-v1,CREATE_DRAFT,,,,,hit,hit,verb,A2,body-health,撞,,,,,,,,,,TRUE,生活,折斷,死,咳嗽,傷害,保護,TRUE,see,live,test,die,hurt,break,,,,
word-catalog-v1,CREATE_DRAFT,,,,,see,see,verb,A2,body-health,求診,,,,,,,,,,TRUE,折斷,檢驗,傷害,生活,檢查,咳嗽,TRUE,die,hit,test,live,catch,cough,,,,
word-catalog-v1,CREATE_DRAFT,,,,,catch,catch,verb,A2,body-health,染上（疾病）,患上（疾病）,,,,You can catch a cold from other people.,你可能會從別人那裡染上感冒。,,,,TRUE,打噴嚏,檢查,保護,傷害,求診,咳嗽,TRUE,cough,break,live,test,protect,injure,,,,
word-catalog-v1,CREATE_DRAFT,,,,,sneeze,sneeze,verb,A2,body-health,打噴嚏,,,,,,,,,,TRUE,檢查,保護,折斷,影響,傷害,求診,TRUE,injure,protect,examine,catch,cough,hurt,,,,
word-catalog-v1,CREATE_DRAFT,,,,,cough,cough,verb,A2,body-health,咳嗽,,,,,Cover your mouth when you cough.,咳嗽時要掩著嘴巴。,,,,TRUE,影響,折斷,生活,保護,檢查,求診,TRUE,catch,break,injure,sneeze,live,test,,,,
word-catalog-v1,CREATE_DRAFT,,,,,protect,protect,verb,A2,body-health,保護,,,,,,,,,,TRUE,求診,檢查,咳嗽,折斷,影響,生活,TRUE,examine,sneeze,cough,injure,catch,break,,,,
word-catalog-v1,CREATE_DRAFT,,,,,fashion designer,fashion designer,noun,A2,work-business,時裝設計師,,,,,,,,,,TRUE,髮型師,接待員,飛行員,研究員,信用卡,政治家,TRUE,shopping center,clothes store,receptionist,advertisement,job interview,businesswoman,,,,
word-catalog-v1,CREATE_DRAFT,,,,,farmer,farmer,noun,A2,work-business,農民,,,,,,,,,,TRUE,專家,廚師,班次,商店,教授,頭銜,TRUE,resume,dollar,writer,expert,manager,cheque,,,,
word-catalog-v1,CREATE_DRAFT,,,,,soldier,soldier,noun,A2,work-business,士兵,,,,,,,,,,TRUE,加薪,頭銜,公司,美元,工廠,主管,TRUE,painter,officer,manager,receipt,payment,company,,,,
word-catalog-v1,CREATE_DRAFT,,,,,officer,officer,noun,A2,work-business,警員,,,,,,,,,,TRUE,偵探,顧客,廚師,支票,模特,商人,TRUE,meeting,payment,cleaner,painter,soldier,manager,,,,
word-catalog-v1,CREATE_DRAFT,,,,,hairstylist,hairstylist,noun,A2,work-business,髮型師,,,,,,,,,,TRUE,清潔工,研究員,科學家,購物袋,接待員,服裝店,TRUE,businessman,instructor,apprentice,credit card,journalist,organization,,,,
word-catalog-v1,CREATE_DRAFT,,,,,scientist,scientist,noun,A2,work-business,科學家,,,,,,,,,,TRUE,政治家,清潔工,信用卡,研究員,藥劑師,顧客,TRUE,professor,detective,assistant,pharmacist,researcher,department,,,,
word-catalog-v1,CREATE_DRAFT,,,,,head,head,noun,A2,work-business,主管,,,,,,,,,,TRUE,獎金,商店,專家,老闆,加薪,付款,TRUE,item,sale,cart,cook,gift,cost,,,,
word-catalog-v1,CREATE_DRAFT,,,,,politician,politician,noun,A2,work-business,政治家,,,,,,,,,,TRUE,藥劑師,設計師,接待員,研究員,理髮師,購物袋,TRUE,debit card,apprentice,assistant,professor,hairstylist,pharmacist,,,,
word-catalog-v1,CREATE_DRAFT,,,,,organization,organization,noun,A2,work-business,組織,,,,,,,,,,TRUE,模特,班次,老闆,主管,僱主,作家,TRUE,shopping bag,job interview,clothes store,hairdresser,receptionist,businessman,,,,
word-catalog-v1,CREATE_DRAFT,,,,,title,title,noun,A2,work-business,頭銜,,,,,,,,,,TRUE,模特,商人,工廠,禮物,組織,警員,TRUE,shift,store,model,price,expert,euro,,,,
word-catalog-v1,CREATE_DRAFT,,,,,staff,staff,noun,A2,work-business,員工,,,,,,,,,,TRUE,禮物,警員,生意,班次,公司,收據,TRUE,shift,raise,price,break,title,singer,,,,
word-catalog-v1,CREATE_DRAFT,,,,,salary,salary,noun,A2,work-business,工資,,,,,,,,,,TRUE,部門,貨品,商店,促銷,專家,購物,TRUE,singer,cheque,resume,expert,dollar,staff,,,,
word-catalog-v1,CREATE_DRAFT,,,,,raise,raise,noun,A2,work-business,加薪,,,,,She received a pay raise.,她獲得了加薪。,,,,TRUE,美元,休息,生意,教授,專家,頭銜,TRUE,model,bonus,pound,price,staff,shift,,,,
word-catalog-v1,CREATE_DRAFT,,,,,meeting,meeting,noun,A2,work-business,會議,,,,,,,,,,TRUE,生意,經理,顧客,僱主,加薪,工廠,TRUE,cleaner,receipt,manager,officer,company,soldier,,,,
word-catalog-v1,CREATE_DRAFT,,,,,break,break,noun,A2,work-business,休息,,,,,We took a short break after lunch.,我們午餐後小休了一會。,,,,TRUE,偵探,工資,履歷,教授,模特,學徒,TRUE,model,price,shift,staff,cheque,salary,,,,
word-catalog-v1,CREATE_DRAFT,,,,,job interview,job interview,noun,A2,work-business,工作面試,,,,,,,,,,TRUE,髹漆工人,購物袋,藥劑師,研究員,信用卡,政治家,TRUE,advertisement,businesswoman,clothes store,shopping bag,organization,receptionist,,,,
word-catalog-v1,CREATE_DRAFT,,,,,apprentice,apprentice,noun,A2,work-business,學徒,,,,,,,,,,TRUE,禮物,加薪,英鎊,價格,歐元,組織,TRUE,debit card,department,instructor,politician,journalist,businessman,,,,
word-catalog-v1,CREATE_DRAFT,,,,,full-time,full-time,adjective,A2,work-business,全職,,,,,,,,,,TRUE,免費,兼職,退休的,成功的,可用的,辣的,TRUE,available,part-time,successful,retired,free,wonderful,,,,
word-catalog-v1,CREATE_DRAFT,,,,,part-time,part-time,adjective,A2,work-business,兼職,,,,,,,,,,TRUE,免費,全職,成功的,可用的,退休的,更好,TRUE,full-time,available,retired,successful,free,wonderful,,,,
word-catalog-v1,CREATE_DRAFT,,,,,retired,retired,adjective,A2,work-business,退休的,,,,,,,,,,TRUE,成功的,全職,可用的,免費,兼職,善良的,TRUE,successful,part-time,available,full-time,free,unhappy,,,,
word-catalog-v1,CREATE_DRAFT,,,,,hire,hire,verb,A2,work-business,僱傭,,,,,,,,,,TRUE,節省,組織,退休,借出,辭職,解僱,TRUE,fire,save,offer,break,cost,quit,,,,
word-catalog-v1,CREATE_DRAFT,,,,,fire,fire,verb,A2,work-business,解僱,,,,,,,,,,TRUE,借出,退休,僱傭,花費,辭職,節省,TRUE,cost,lend,earn,break,offer,save,,,,
word-catalog-v1,CREATE_DRAFT,,,,,earn,earn,verb,A2,work-business,賺,,,,,,,,,,TRUE,節省,僱傭,辭職,借,花費,解僱,TRUE,quit,hire,lend,save,cost,spend,,,,
word-catalog-v1,CREATE_DRAFT,,,,,quit,quit,verb,A2,work-business,辭職,,,,,,,,,,TRUE,僱傭,組織,解僱,花費,退休,節省,TRUE,fire,earn,cost,save,lend,hire,,,,
word-catalog-v1,CREATE_DRAFT,,,,,employee,employee,noun,A2,work-business,員工,,,,,,,,,,TRUE,歌手,記者,導師,購物,偵探,收據,TRUE,banknote,business,shopping,customer,manager,payment,,,,
word-catalog-v1,CREATE_DRAFT,,,,,pay,pay,noun,A2,work-business,工資,,,,,,,,,,TRUE,學徒,鈔票,英鎊,促銷,顧客,生意,TRUE,cook,euro,head,cart,boss,sale,,,,
word-catalog-v1,CREATE_DRAFT,,,,,resume,resume,noun,A2,work-business,履歷,,,,,,,,,,TRUE,僱主,導師,廣告,工資,獎金,班次,TRUE,expert,writer,farmer,singer,salary,staff,,,,
word-catalog-v1,CREATE_DRAFT,,,,,exercise,exercise,verb,A2,sports-leisure,鍛鍊,,,,,She exercises three times a week.,她每星期鍛鍊三次。,,,,TRUE,滑雪,慶祝,競爭,吸菸,釣魚,抓住,TRUE,practise,compete,record,celebrate,score,catch,,,,
word-catalog-v1,CREATE_DRAFT,,,,,hike,hike,verb,A2,sports-leisure,遠足,,,,,,,,,,TRUE,跳水,練習,競爭,結束,開始,吸菸,TRUE,fish,kick,lose,race,join,catch,,,,
word-catalog-v1,CREATE_DRAFT,,,,,race,race,noun,A2,sports-leisure,比賽,,,,,,,,,,TRUE,營地,場地,球賽,燒烤,獎牌,棒球,TRUE,golf,team,goal,loser,walk,score,,,,
word-catalog-v1,CREATE_DRAFT,,,,,point,point,noun,A2,sports-leisure,分,,,,,,,,,,TRUE,杯,網,籃球,獎品,露營,派對,TRUE,coach,field,dance,skate,party,score,,,,
word-catalog-v1,CREATE_DRAFT,,,,,score,score,verb,A2,sports-leisure,得分,,,,,,,,,,TRUE,放鬆,吸菸,攀登,結束,遠足,抓住,TRUE,dance,relax,catch,throw,climb,point,,,,
word-catalog-v1,CREATE_DRAFT,,,,,medal,medal,noun,A2,sports-leisure,獎牌,,,,,,,,,,TRUE,籃球,棒球,球員,慢跑,粉絲,足球,TRUE,coach,rugby,prize,score,point,field,,,,
word-catalog-v1,CREATE_DRAFT,,,,,winner,winner,noun,A2,sports-leisure,勝出者,,,,,,,,,,TRUE,乒乓球,衝浪板,運動員,露營地,滑雪板,營地,TRUE,diving,hockey,prize,score,picnic,medal,,,,
word-catalog-v1,CREATE_DRAFT,,,,,win,win,verb,A2,sports-leisure,贏,,,,,,,,,,TRUE,踢,輸,結束,吸菸,放鬆,滑雪,TRUE,ski,kick,dive,end,race,jog,,,,
word-catalog-v1,CREATE_DRAFT,,,,,loser,loser,noun,A2,sports-leisure,落敗者,,,,,,,,,,TRUE,滑雪板,橄欖球,高爾夫,運動員,溜冰鞋,曲棍球,TRUE,point,dance,prize,hockey,tent,record,,,,
word-catalog-v1,CREATE_DRAFT,,,,,lose,lose,verb,A2,sports-leisure,輸,,,,,,,,,,TRUE,扔,抓住,加入,競爭,結束,慢跑,TRUE,hike,kick,join,win,race,fish,,,,
word-catalog-v1,CREATE_DRAFT,,,,,ski,ski,noun,A2,sports-leisure,滑雪板,,,,,,,,,,TRUE,橄欖球,勝出者,單板滑雪,舞蹈,教練,獎牌,TRUE,fun,net,cup,hit,walk,game,,,,
word-catalog-v1,CREATE_DRAFT,,,,,skiing,skiing,noun,A2,sports-leisure,滑雪,,,,,,,,,,TRUE,燒烤,攀巖,紀錄,冰鞋,籃球,足球,TRUE,shower,winner,hockey,dance,laundry,picnic,,,,
word-catalog-v1,CREATE_DRAFT,,,,,skate,skate,noun,A2,sports-leisure,溜冰鞋,,,,,,,,,,TRUE,乒乓球,曲棍球,落敗者,露營地,高爾夫,滑雪板,TRUE,medal,field,score,rugby,party,loser,,,,
word-catalog-v1,CREATE_DRAFT,,,,,skating,skating,noun,A2,sports-leisure,滑冰,,,,,,,,,,TRUE,舞蹈,慢跑,釣魚,分數,瑜伽,淋浴,TRUE,cricket,jogging,cooking,athlete,cleaning,skiing,,,,
word-catalog-v1,CREATE_DRAFT,,,,,ice skate,ice skate,noun,A2,sports-leisure,冰鞋,,,,,,,,,,TRUE,衝浪,跳水,獎品,燒烤,露營,慢跑,TRUE,ball game,surfboard,card game,snowboard,baseball,football,,,,
word-catalog-v1,CREATE_DRAFT,,,,,ice skating,ice skating,noun,A2,sports-leisure,滑冰,,,,,,,,,,TRUE,清潔,球賽,運動,衝浪,烹飪,板球,TRUE,water park,snowboarding,skateboard,competition,basketball,table tennis,,,,
word-catalog-v1,CREATE_DRAFT,,,,,snowboard,snowboard,noun,A2,sports-leisure,滑雪板,,,,,,,,,,TRUE,露營地,衝浪板,瑜伽,分數,滑板運動,烹飪,TRUE,card game,ball game,football,exercise,basketball,ice skate,,,,
word-catalog-v1,CREATE_DRAFT,,,,,snowboarding,snowboarding,noun,A2,sports-leisure,單板滑雪,,,,,,,,,,TRUE,水上樂園,紙牌遊戲,滑雪板,衝浪板,運動員,曲棍球,TRUE,field hockey,table tennis,ice skating,competition,water park,skateboarding,,,,
word-catalog-v1,CREATE_DRAFT,,,,,skateboard,skateboard,noun,A2,sports-leisure,滑板,,,,,,,,,,TRUE,清潔,衝浪,攀巖,舞蹈,運動,營地,TRUE,basketball,competition,water park,card game,ice skating,ball game,,,,
word-catalog-v1,CREATE_DRAFT,,,,,skateboarding,skateboarding,noun,A2,sports-leisure,滑板運動,,,,,,,,,,TRUE,紙牌遊戲,單板滑雪,要洗的衣物,衝浪板,露營地,運動員,TRUE,snowboarding,table tennis,field hockey,ice skating,competition,basketball,,,,
word-catalog-v1,CREATE_DRAFT,,,,,surfboard,surfboard,noun,A2,sports-leisure,衝浪板,,,,,,,,,,TRUE,勝出者,乒乓球,溜冰鞋,露營地,高爾夫,運動員,TRUE,card game,snowboard,ball game,cleaning,baseball,skateboard,,,,
word-catalog-v1,CREATE_DRAFT,,,,,surfing,surfing,noun,A2,sports-leisure,衝浪,,,,,,,,,,TRUE,淋浴,舞蹈,帳篷,露營,滑板,野餐,TRUE,camping,skating,baseball,skiing,picnic,cleaning,,,,
word-catalog-v1,CREATE_DRAFT,,,,,practise,practise,verb,A2,sports-leisure,練習,,,,,We practise English after school.,我們放學後練習英語。,practice,,,TRUE,抓住,慢跑,擊打,鍛鍊,結束,慶祝,TRUE,exercise,compete,record,celebrate,throw,begin,,,,
word-catalog-v1,CREATE_DRAFT,,,,,team,team,noun,A2,sports-leisure,隊,,,,,,,,,,TRUE,網,分,板球,進球,瑜伽,粉絲,TRUE,race,goal,game,yoga,prize,camp,,,,
word-catalog-v1,CREATE_DRAFT,,,,,fan,fan,noun,A2,sports-leisure,粉絲,,,,,She is a fan of the school team.,她是校隊的粉絲。,,,,TRUE,燒烤,攀巖,獎品,運動,滑板,紀錄,TRUE,ski,cup,fun,golf,hit,net,,,,
word-catalog-v1,CREATE_DRAFT,,,,,record,record,noun,A2,sports-leisure,紀錄,記錄,,,,She broke the school swimming record.,她打破了學校的游泳紀錄。,,,,TRUE,場地,野餐,派對,樂趣,獎牌,球員,TRUE,skiing,diving,player,athlete,picnic,prize,,,,
word-catalog-v1,CREATE_DRAFT,,,,,net,net,noun,A2,sports-leisure,網,,,,,,,,,,TRUE,隊,杯,足球,教練,滑雪,滑冰,TRUE,fan,ski,hit,fun,team,tent,,,,
word-catalog-v1,CREATE_DRAFT,,,,,prize,prize,noun,A2,sports-leisure,獎品,,,,,,,,,,TRUE,衝浪,攀巖,帳篷,冰鞋,散步,獎牌,TRUE,dance,score,party,field,rugby,point,,,,
word-catalog-v1,CREATE_DRAFT,,,,,vacation,vacation,noun,A2,travel-transport,假期,,,,,,,,,,TRUE,乘客,旅行,座位,海關,遊客,導遊,TRUE,twin bed,platform,postcard,suitcase,souvenir,passenger,,,,
word-catalog-v1,CREATE_DRAFT,,,,,adventure,adventure,noun,A2,travel-transport,冒險,,,,,,,,,,TRUE,到達,簽證,行李,旅程,取消,旅客,TRUE,traveller,timetable,foreigner,passenger,reception,vacation,,,,
word-catalog-v1,CREATE_DRAFT,,,,,journey,journey,noun,A2,travel-transport,旅程,,,,,,,,trip,,TRUE,鐵路,旅客,旅行,遊客,票價,乘客,TRUE,baggage,railway,arrival,tourism,twin bed,flight,,,,
word-catalog-v1,CREATE_DRAFT,,,,,cruise,cruise,noun,A2,travel-transport,郵輪旅程,,,,,,,,,,TRUE,乘車旅程,登機閘口,航空公司,登機牌,外國人,公共交通,TRUE,airline,flight,guide,route,postcard,visa,,,,
word-catalog-v1,CREATE_DRAFT,,,,,trip,trip,noun,A2,travel-transport,旅行,,,,,,,,journey,,TRUE,行李,冒險,到達,簽證,出發,座位,TRUE,ride,fare,visa,gate,way,seat,,,,
word-catalog-v1,CREATE_DRAFT,,,,,foreign,foreign,adjective,A2,travel-transport,外國的,,,,,,,,,,TRUE,國際的,荷蘭的,不開心,脆弱的,正常的,明亮的,TRUE,international,jealous,pleased,unknown,healthy,special,,,,
word-catalog-v1,CREATE_DRAFT,,,,,foreigner,foreigner,noun,A2,travel-transport,外國人,,,,,,,,,,TRUE,時刻表,行李箱,往返票,紀念品,單程票,旅遊業,TRUE,passenger,timetable,adventure,twin bed,suitcase,departure,,,,
word-catalog-v1,CREATE_DRAFT,,,,,cancellation,cancellation,noun,A2,travel-transport,取消,,,,,,,cancelation,,,TRUE,月台,出發,冒險,導遊,海關,旅程,TRUE,double room,single room,boarding pass,one-way ticket,reservation,sightseeing,,,,
word-catalog-v1,CREATE_DRAFT,,,,,reservation,reservation,noun,A2,travel-transport,預訂,,,,,,,,,,TRUE,鐵路,行李,票價,冒險,假期,觀光,TRUE,single room,double room,sightseeing,traveller,passenger,single bed,,,,
word-catalog-v1,CREATE_DRAFT,,,,,reserve,reserve,verb,A2,travel-transport,預訂,,,,,,,,,,TRUE,取消,離開,觀光,到達,漫步,趕上,TRUE,welcome,cancel,change,wander,catch,leave,,,,
word-catalog-v1,CREATE_DRAFT,,,,,visa,visa,noun,A2,travel-transport,簽證,,,,,,,,,,TRUE,路線,座位,海關,冒險,遊客,旅行,TRUE,seat,gate,fare,ride,tour,trip,,,,
word-catalog-v1,CREATE_DRAFT,,,,,stay,stay,verb,A2,travel-transport,停留,,,,,,,,,,TRUE,著陸,漫步,乘坐,錯過,換乘,離開,TRUE,land,reach,catch,ride,miss,book,,,,
word-catalog-v1,CREATE_DRAFT,,,,,postcard,postcard,noun,A2,travel-transport,明信片,,,,,,,,,,TRUE,時刻表,雙人房,接待處,單人床,單程票,單人房,TRUE,vacation,twin bed,tourism,airline,journey,foreigner,,,,
word-catalog-v1,CREATE_DRAFT,,,,,souvenir,souvenir,noun,A2,travel-transport,紀念品,,,,,,,,,,TRUE,外國人,登機牌,單人床,往返票,單人房,雙人房,TRUE,postcard,vacation,tourist,traveller,platform,reception,,,,
word-catalog-v1,CREATE_DRAFT,,,,,sightsee,sightsee,verb,A2,travel-transport,觀光,,,,,,,,,,TRUE,乘坐,歡迎,到達,停留,預訂,錯過,TRUE,welcome,reserve,wander,arrive,cancel,change,,,,
word-catalog-v1,CREATE_DRAFT,,,,,check in,check in,phrasal_verb,A2,travel-transport,辦理入住,,,,,We checked in at the hotel at three.,我們三時在酒店辦理入住手續。,,,,TRUE,起飛,退房,趕上,換乘,離開,漫步,TRUE,take off,check out,reserve,sightsee,welcome,wander,,,,
word-catalog-v1,CREATE_DRAFT,,,,,check out,check out,phrasal_verb,A2,travel-transport,退房,,,,,Guests must check out before noon.,住客必須在中午前退房。,,,,TRUE,起飛,辦理入住,預訂,錯過,著陸,換乘,TRUE,take off,check in,sightsee,arrive,cancel,welcome,,,,
word-catalog-v1,CREATE_DRAFT,,,,,abroad,abroad,adverb,A2,travel-transport,在國外,,,,,,,,,,TRUE,容易地,仔細地,大大地,大聲地,平靜地,實際上,TRUE,easily,calmly,weekly,before,yearly,loudly,,,,
word-catalog-v1,CREATE_DRAFT,,,,,change,change,verb,A2,travel-transport,換乘,,,,,,,,,,TRUE,錯過,乘坐,漫步,著陸,停留,取消,TRUE,arrive,wander,cancel,catch,leave,reserve,,,,
word-catalog-v1,CREATE_DRAFT,,,,,land,land,verb,A2,travel-transport,著陸,,,,,,,,,,TRUE,觀光,預訂,趕上,換乘,離開,取消,TRUE,stay,ride,book,miss,catch,wander,,,,
word-catalog-v1,CREATE_DRAFT,,,,,take off,take off,phrasal_verb,A2,travel-transport,起飛,,,,,The plane will take off at noon.,飛機將於中午起飛。,,,,TRUE,退房,辦理入住,趕上,歡迎,預訂,觀光,TRUE,check in,check out,sightsee,reserve,welcome,wander,,,,
word-catalog-v1,CREATE_DRAFT,,,,,timetable,timetable,noun,A2,travel-transport,時刻表,,,,,,,schedule,,,TRUE,明信片,往返票,旅遊業,外國人,單人房,雙人房,TRUE,passenger,traveller,suitcase,foreigner,souvenir,adventure,,,,
word-catalog-v1,CREATE_DRAFT,,,,,wander,wander,verb,A2,travel-transport,漫步,,,,,,,,,,TRUE,觀光,歡迎,離開,乘坐,著陸,預訂,TRUE,welcome,reserve,change,arrive,cancel,reach,,,,
word-catalog-v1,CREATE_DRAFT,,,,,arrival,arrival,noun,A2,travel-transport,到達,,,,,,,,,,TRUE,海關,簽證,乘客,旅客,導遊,假期,TRUE,journey,tourist,airline,cruise,baggage,customs,,,,
word-catalog-v1,CREATE_DRAFT,,,,,departure,departure,noun,A2,travel-transport,出發,,,,,,,,,,TRUE,冒險,假期,預訂,鐵路,簽證,觀光,TRUE,passenger,timetable,postcard,suitcase,souvenir,adventure,,,,
word-catalog-v1,CREATE_DRAFT,,,,,customs,customs,noun,A2,travel-transport,海關,,,,,,,,,,TRUE,簽證,行李,航班,觀光,旅客,旅行,TRUE,journey,tourist,railway,suitcase,postcard,tourism,,,,
word-catalog-v1,CREATE_DRAFT,,,,,ride,ride,noun,A2,travel-transport,乘車旅程,,,,,,,,,,TRUE,郵輪旅程,單人床,單人房,行李箱,外國人,登機閘口,TRUE,seat,visa,tour,trip,guide,fare,,,,
word-catalog-v1,CREATE_DRAFT,,,,,leave,leave,verb,A2,travel-transport,離開,,,,,,,,,,TRUE,預訂,歡迎,觀光,趕上,到達,漫步,TRUE,reach,guide,ride,arrive,catch,book,,,,
word-catalog-v1,CREATE_DRAFT,,,,,arrive,arrive,verb,A2,travel-transport,到達,,,,,,,,,,TRUE,錯過,預訂,取消,離開,乘坐,歡迎,TRUE,cancel,wander,welcome,reserve,change,catch,,,,
word-catalog-v1,CREATE_DRAFT,,,,,cancel,cancel,verb,A2,travel-transport,取消,,,,,,,,,,TRUE,錯過,到達,趕上,預訂,停留,歡迎,TRUE,change,reserve,arrive,wander,catch,land,,,,
word-catalog-v1,CREATE_DRAFT,,,,,reach,reach,verb,A2,travel-transport,到達,,,,,,,,,,TRUE,觀光,預訂,歡迎,停留,取消,離開,TRUE,guide,catch,ride,wander,miss,book,,,,
word-catalog-v1,CREATE_DRAFT,,,,,bookshelf,bookshelf,noun,A2,home-household,書架,,,,,,,,,,TRUE,樓梯,燈光,系統,風扇,電話,毛巾,TRUE,furniture,telephone,equipment,dishwasher,flashlight,light bulb,,,,
word-catalog-v1,CREATE_DRAFT,,,,,curtain,curtain,noun,A2,home-household,窗簾,,,,,,,,,,TRUE,線路,走廊,書架,暖爐,電纜,墊子,TRUE,cushion,toilet,mirror,socket,napkin,mailbox,,,,
word-catalog-v1,CREATE_DRAFT,,,,,tissue,tissue,noun,A2,home-household,紙巾,,,,,,,,,,TRUE,入口,樓梯,設備,風扇,地毯,風筒,TRUE,toilet,napkin,mirror,camera,cushion,cable,,,,
word-catalog-v1,CREATE_DRAFT,,,,,napkin,napkin,noun,A2,home-household,餐巾,,,,,,,,,,TRUE,裝置,烤箱,書架,坐廁,電話,窗簾,TRUE,switch,system,device,fence,socket,bathtub,,,,
word-catalog-v1,CREATE_DRAFT,,,,,toothpaste,toothpaste,noun,A2,home-household,牙膏,,,,,,,,,,TRUE,走廊,燈泡,風筒,開關,餐巾,線路,TRUE,dishwasher,light bulb,hair dryer,bookshelf,flashlight,alarm clock,,,,
word-catalog-v1,CREATE_DRAFT,,,,,razor,razor,noun,A2,home-household,剃刀,,,,,,,,,,TRUE,剪刀,暖爐,相機,燈泡,熨斗,暖氣,TRUE,light,stair,towel,fence,cable,socket,,,,
word-catalog-v1,CREATE_DRAFT,,,,,light bulb,light bulb,noun,A2,home-household,燈泡,,,,,,,,,,TRUE,開關,暖爐,坐廁,窗簾,走廊,地毯,TRUE,dishwasher,flashlight,electricity,toothpaste,telephone,alarm clock,,,,
word-catalog-v1,CREATE_DRAFT,,,,,switch,switch,noun,A2,home-household,開關,,,,,,,,,,TRUE,裝置,煤氣,電筒,風扇,設備,電纜,TRUE,socket,device,tissue,carpet,camera,heater,,,,
word-catalog-v1,CREATE_DRAFT,,,,,socket,socket,noun,A2,home-household,電源插座,,,,,,,outlet,,,TRUE,小型焗爐,揚聲器,咖啡機,收音機,緊急出口,吸塵器,TRUE,heater,device,carpet,camera,tissue,mirror,,,,
word-catalog-v1,CREATE_DRAFT,,,,,scissors,scissors,noun,A2,home-household,剪刀,,,,,,,,,,TRUE,餐巾,裝置,傢俱,坐廁,暖氣,電話,TRUE,entrance,bookshelf,mailbox,telephone,curtain,furniture,,,,
word-catalog-v1,CREATE_DRAFT,,,,,toilet,toilet,noun,A2,home-household,坐廁,,,,,,,,,,TRUE,窗簾,鬧鐘,燈泡,設備,電話,線路,TRUE,device,socket,carpet,heater,mirror,cushion,,,,
word-catalog-v1,CREATE_DRAFT,,,,,sink,sink,noun,A2,home-household,洗手盆,,,,,,,,,,TRUE,遙控器,洗衣機,咖啡機,信箱,浴缸,冷氣機,TRUE,hall,work,line,oven,radio,iron,,,,
word-catalog-v1,CREATE_DRAFT,,,,,bathtub,bathtub,noun,A2,home-household,浴缸,,,,,,,,,,TRUE,入口,暖爐,牙膏,暖氣,風扇,烤箱,TRUE,mailbox,heater,system,switch,mirror,cushion,,,,
word-catalog-v1,CREATE_DRAFT,,,,,towel,towel,noun,A2,home-household,毛巾,,,,,,,,,,TRUE,電話,烤箱,墊子,裝置,坐廁,電筒,TRUE,cable,razor,fence,light,stair,toilet,,,,
word-catalog-v1,CREATE_DRAFT,,,,,mirror,mirror,noun,A2,home-household,鏡子,,,,,,,,,,TRUE,坐廁,開關,墊子,地毯,鬧鐘,剃刀,TRUE,system,tissue,carpet,socket,heater,switch,,,,
word-catalog-v1,CREATE_DRAFT,,,,,key,key,noun,A2,home-household,鑰匙,,,,,,,,,,TRUE,暖爐,燈泡,電纜,風筒,入口,墊子,TRUE,gas,fan,line,iron,heat,razor,,,,
word-catalog-v1,CREATE_DRAFT,,,,,lock,lock,noun,A2,home-household,鎖,,,,,,,,,,TRUE,電,層,門,窗簾,鏡子,燈泡,TRUE,gate,hall,heat,iron,level,towel,,,,
word-catalog-v1,CREATE_DRAFT,,,,,cushion,cushion,noun,A2,home-household,墊子,,,,,,,,,,TRUE,煤氣,紙巾,樓梯,開關,剪刀,鑰匙,TRUE,bathtub,camera,mirror,device,system,carpet,,,,
word-catalog-v1,CREATE_DRAFT,,,,,countryside,countryside,noun,A2,places-community,鄉村,,,,,,,,,,TRUE,油站,污染,路徑,村莊,小巷,噪音,TRUE,city centre,traffic jam,pollution,underpass,expressway,city hall,,,,
word-catalog-v1,CREATE_DRAFT,,,,,village,village,noun,A2,places-community,村莊,,,,,,,,,,TRUE,油站,噪音,污染,鄉村,道路,市場,TRUE,library,traffic,highway,market,avenue,prison,,,,
word-catalog-v1,CREATE_DRAFT,,,,,the country,the country,noun,A2,places-community,鄉村,,,,,,,,,,TRUE,路徑,油站,小巷,市場,監獄,噪音,TRUE,city centre,traffic jam,expressway,city hall,underpass,police station,,,,
word-catalog-v1,CREATE_DRAFT,,,,,rural,rural,adjective,A2,places-community,鄉村的,,,,,,,,,,TRUE,挪威的,城市的,波蘭的,澳洲的,越南的,希臘的,TRUE,Swiss,noisy,Dutch,urban,local,Greek,,,,
word-catalog-v1,CREATE_DRAFT,,,,,district,district,noun,A2,places-community,區,,,,,,,,,,TRUE,小巷,橋,寺廟,鄉村,監獄,村莊,TRUE,library,highway,traffic,village,city hall,temple,,,,
word-catalog-v1,CREATE_DRAFT,,,,,urban,urban,adjective,A2,places-community,城市的,,,,,,,,,,TRUE,希臘的,鄉村的,埃及的,瑞典的,當地的,沙特的,TRUE,noisy,Greek,Saudi,local,rural,Swiss,,,,
word-catalog-v1,CREATE_DRAFT,,,,,city centre,city centre,noun,A2,places-community,市中心,,,,,,,downtown,,,TRUE,警察局,清真寺,圖書館,高速公路,監獄,遊樂園,TRUE,traffic jam,countryside,the country,expressway,pollution,underpass,,,,
word-catalog-v1,CREATE_DRAFT,,,,,amusement park,amusement park,noun,A2,places-community,遊樂園,,,,,,,,,,TRUE,市政廳,清真寺,警察局,村莊,大道,監獄,TRUE,police station,petrol station,traffic jam,countryside,city centre,expressway,,,,
word-catalog-v1,CREATE_DRAFT,,,,,petrol station,petrol station,noun,A2,places-community,油站,,,,,,,gas station,,,TRUE,交通,村莊,鄉村,噪音,市場,道路,TRUE,amusement park,police station,traffic jam,city centre,the country,countryside,,,,
word-catalog-v1,CREATE_DRAFT,,,,,police station,police station,noun,A2,places-community,警察局,,,,,,,,,,TRUE,圖書館,遊樂園,清真寺,市政廳,鄉村,交通,TRUE,amusement park,petrol station,countryside,the country,city centre,traffic jam,,,,
word-catalog-v1,CREATE_DRAFT,,,,,prison,prison,noun,A2,places-community,監獄,,,,,,,,,,TRUE,鄉村,交通,污染,教堂,市場,噪音,TRUE,temple,mosque,bridge,avenue,market,church,,,,
word-catalog-v1,CREATE_DRAFT,,,,,city hall,city hall,noun,A2,places-community,市政廳,,,,,,,,,,TRUE,遊樂園,圖書館,交通擠塞,噪音,市中心,清真寺,TRUE,pollution,expressway,underpass,district,traffic jam,the country,,,,
word-catalog-v1,CREATE_DRAFT,,,,,market,market,noun,A2,places-community,市場,,,,,,,,,,TRUE,污染,監獄,小巷,寺廟,交通,道路,TRUE,bridge,mosque,church,temple,avenue,prison,,,,
word-catalog-v1,CREATE_DRAFT,,,,,library,library,noun,A2,places-community,圖書館,,,,,,,,,,TRUE,清真寺,遊樂園,市中心,大道,道路,警察局,TRUE,highway,traffic,temple,district,church,village,,,,
word-catalog-v1,CREATE_DRAFT,,,,,church,church,noun,A2,places-community,教堂,,,,,,,,,,TRUE,噪音,監獄,寺廟,油站,村莊,交通,TRUE,temple,avenue,market,tower,village,prison,,,,
word-catalog-v1,CREATE_DRAFT,,,,,mosque,mosque,noun,A2,places-community,清真寺,,,,,,,,,,TRUE,警察局,市政廳,路徑,監獄,市中心,高速公路,TRUE,church,market,avenue,bridge,noise,prison,,,,
word-catalog-v1,CREATE_DRAFT,,,,,temple,temple,noun,A2,places-community,寺廟,,,,,,,,,,TRUE,市場,交通,油站,村莊,鄉村,道路,TRUE,mosque,prison,avenue,bridge,noise,market,,,,
word-catalog-v1,CREATE_DRAFT,,,,,avenue,avenue,noun,A2,places-community,大道,,,,,,,,,,TRUE,村莊,小巷,市場,油站,噪音,寺廟,TRUE,temple,prison,church,market,bridge,alley,,,,
word-catalog-v1,CREATE_DRAFT,,,,,alley,alley,noun,A2,places-community,小巷,,,,,,,,,,TRUE,道路,噪音,村莊,污染,鄉村,市場,TRUE,noise,tower,cross,path,avenue,road,,,,
word-catalog-v1,CREATE_DRAFT,,,,,traffic,traffic,noun,A2,places-community,交通,,,,,,,,,,TRUE,污染,監獄,路徑,噪音,鄉村,大道,TRUE,library,market,mosque,village,district,highway,,,,
word-catalog-v1,CREATE_DRAFT,,,,,traffic jam,traffic jam,noun,A2,places-community,交通擠塞,,,,,,,,,,TRUE,高速公路,警察局,市政廳,市中心,圖書館,地下通道,TRUE,the country,countryside,city centre,expressway,underpass,city hall,,,,
word-catalog-v1,CREATE_DRAFT,,,,,road,road,noun,A2,places-community,道路,,,,,,,,,,TRUE,路徑,油站,交通,噪音,市場,橋,TRUE,tower,cross,noise,alley,path,church,,,,
word-catalog-v1,CREATE_DRAFT,,,,,highway,highway,noun,A2,places-community,高速公路,,,,,,,,,,TRUE,地下通道,遊樂園,交通擠塞,市政廳,小巷,噪音,TRUE,traffic,avenue,library,prison,village,mosque,,,,
word-catalog-v1,CREATE_DRAFT,,,,,expressway,expressway,noun,A2,places-community,高速公路,,,,,,,,,,TRUE,地下通道,遊樂園,清真寺,圖書館,交通擠塞,路徑,TRUE,underpass,pollution,traffic jam,the country,countryside,city centre,,,,
word-catalog-v1,CREATE_DRAFT,,,,,bridge,bridge,noun,A2,places-community,橋,,,,,,,,,,TRUE,塔,區,污染,道路,噪音,監獄,TRUE,temple,church,market,avenue,noise,mosque,,,,
word-catalog-v1,CREATE_DRAFT,,,,,path,path,noun,A2,places-community,路徑,,,,,,,,,,TRUE,噪音,鄉村,監獄,油站,大道,教堂,TRUE,road,cross,alley,tower,market,noise,,,,
word-catalog-v1,CREATE_DRAFT,,,,,underpass,underpass,noun,A2,places-community,地下通道,,,,,,,,,,TRUE,清真寺,交通擠塞,市政廳,高速公路,市中心,污染,TRUE,city hall,pollution,expressway,district,city centre,traffic jam,,,,
word-catalog-v1,CREATE_DRAFT,,,,,noise,noise,noun,A2,places-community,噪音,,,,,,,,,,TRUE,道路,市場,監獄,寺廟,油站,路徑,TRUE,cross,alley,avenue,temple,path,prison,,,,
word-catalog-v1,CREATE_DRAFT,,,,,pollution,pollution,noun,A2,places-community,污染,,,,,,,,,,TRUE,市場,噪音,寺廟,監獄,村莊,小巷,TRUE,city hall,underpass,expressway,countryside,traffic jam,district,,,,
word-catalog-v1,CREATE_DRAFT,,,,,cross,cross,verb,A2,places-community,穿過,,,,,Use the bridge to cross the river.,使用這座橋穿過河流。,,,,TRUE,移動,著陸,唱歌,跳舞,想念,擦乾,TRUE,move,plant,score,apply,point,react,,,,
word-catalog-v1,CREATE_DRAFT,,,,,move,move,verb,A2,places-community,移動,,,,,,,,,,TRUE,穿過,下雪,保護,舉起,預訂,泊車,TRUE,cross,grow,look,lead,lift,test,,,,
word-catalog-v1,CREATE_DRAFT,,,,,noisy,noisy,adjective,A2,places-community,嘈雜的,,,,,,,,,,TRUE,當地的,鄉村的,澳洲的,城市的,沙特的,希臘的,TRUE,Saudi,urban,Swiss,Dutch,Greek,Polish,,,,
word-catalog-v1,CREATE_DRAFT,,,,,local,local,adjective,A2,places-community,當地的,,,,,,,,,,TRUE,澳洲的,瑞典的,希臘的,埃及的,波蘭的,瑞士的,TRUE,rural,Dutch,Saudi,Polish,Greek,noisy,,,,
word-catalog-v1,CREATE_DRAFT,,,,,tower,tower,noun,A2,places-community,塔,,,,,,,,,,TRUE,市場,區,油站,噪音,交通,路徑,TRUE,cross,noise,temple,avenue,alley,bridge,,,,
word-catalog-v1,CREATE_DRAFT,,,,,measurement,measurement,noun,A2,numbers-quantity,測量,,,,,,,,,,TRUE,高度,寬度,公里,長度,品質,單位,TRUE,centimetre,millilitre,millimetre,kilometre,quantity,quality,,,,
word-catalog-v1,CREATE_DRAFT,,,,,measure,measure,verb,A2,numbers-quantity,測量,,,,,,,,,,TRUE,增加,減少,跟隨,咳嗽,擁有,影響,TRUE,decrease,increase,compare,discuss,connect,produce,,,,
word-catalog-v1,CREATE_DRAFT,,,,,quality,quality,noun,A2,numbers-quantity,品質,,,,,,,,,,TRUE,重量,尺寸,毫米,測量,高度,寬度,TRUE,height,length,amount,average,degree,pound,,,,
word-catalog-v1,CREATE_DRAFT,,,,,quantity,quantity,noun,A2,numbers-quantity,數量,,,,,,,,,,TRUE,重量,品質,英里,長度,單位,尺寸,TRUE,average,quality,degree,weight,centimetre,height,,,,
word-catalog-v1,CREATE_DRAFT,,,,,increase,increase,verb,A2,numbers-quantity,增加,,,,,,,,,decrease,TRUE,測量,減少,開始,決定,解僱,替換,TRUE,decrease,measure,research,sightsee,disagree,identify,,,,
word-catalog-v1,CREATE_DRAFT,,,,,decrease,decrease,verb,A2,numbers-quantity,減少,,,,,,,,,increase,TRUE,增加,測量,拍攝,拒絕,解決,做夢,TRUE,increase,measure,download,multiply,sightsee,remember,,,,
word-catalog-v1,CREATE_DRAFT,,,,,unit,unit,noun,A2,numbers-quantity,單位,,,,,,,,,,TRUE,英里,公里,毫升,寬度,英尺,數量,TRUE,gram,mile,foot,metre,size,pound,,,,
word-catalog-v1,CREATE_DRAFT,,,,,degree,degree,noun,A2,numbers-quantity,度,,,,,,,,,,TRUE,克,升,碼,英里,寬度,釐米,TRUE,weight,length,metre,average,litre,amount,,,,
word-catalog-v1,CREATE_DRAFT,,,,,metre,metre,noun,A2,numbers-quantity,米,,,,,,,meter,,,TRUE,克,磅,升,毫升,測量,高度,TRUE,pound,litre,length,weight,width,foot,,,,
word-catalog-v1,CREATE_DRAFT,,,,,centimetre,centimetre,noun,A2,numbers-quantity,釐米,,,,,,,centimeter,,,TRUE,毫米,英里,長度,英尺,重量,尺寸,TRUE,millilitre,millimetre,kilometre,quantity,measurement,average,,,,
word-catalog-v1,CREATE_DRAFT,,,,,millimetre,millimetre,noun,A2,numbers-quantity,毫米,,,,,,,millimeter,,,TRUE,寬度,長度,數量,英里,毫升,公里,TRUE,centimetre,millilitre,measurement,quantity,kilometre,quality,,,,
word-catalog-v1,CREATE_DRAFT,,,,,kilometre,kilometre,noun,A2,numbers-quantity,公里,,,,,,,kilometer,,,TRUE,重量,單位,英尺,數量,英里,尺寸,TRUE,millimetre,quantity,measurement,average,millilitre,quality,,,,
word-catalog-v1,CREATE_DRAFT,,,,,gram,gram,noun,A2,numbers-quantity,克,,,,,,,,,,TRUE,度,單位,測量,升,毫米,米,TRUE,mile,size,yard,foot,pound,metre,,,,
word-catalog-v1,CREATE_DRAFT,,,,,litre,litre,noun,A2,numbers-quantity,升,,,,,,,liter,,,TRUE,米,度,克,英里,測量,毫米,TRUE,width,pound,metre,length,mile,unit,,,,
word-catalog-v1,CREATE_DRAFT,,,,,millilitre,millilitre,noun,A2,numbers-quantity,毫升,,,,,,,milliliter,,,TRUE,品質,重量,單位,尺寸,毫米,英尺,TRUE,centimetre,millimetre,kilometre,measurement,quantity,average,,,,
word-catalog-v1,CREATE_DRAFT,,,,,foot,foot,noun,A2,numbers-quantity,英尺,,,,,,,,,,TRUE,數量,測量,寬度,公里,釐米,毫升,TRUE,size,yard,unit,metre,litre,mile,,,,
word-catalog-v1,CREATE_DRAFT,,,,,mile,mile,noun,A2,numbers-quantity,英里,,,,,,,,,,TRUE,測量,毫升,單位,尺寸,碼,英尺,TRUE,unit,size,foot,gram,metre,litre,,,,
word-catalog-v1,CREATE_DRAFT,,,,,pound,pound,noun,A2,numbers-quantity,磅,,,,,,,,,,TRUE,米,單位,品質,高度,克,毫升,TRUE,metre,litre,width,yard,mile,gram,,,,
word-catalog-v1,CREATE_DRAFT,,,,,width,width,noun,A2,numbers-quantity,寬度,,,,,,,,,,TRUE,高度,釐米,毫升,品質,英里,測量,TRUE,litre,pound,weight,height,gram,metre,,,,
word-catalog-v1,CREATE_DRAFT,,,,,length,length,noun,A2,numbers-quantity,長度,,,,,,,,,,TRUE,單位,毫米,尺寸,釐米,品質,數量,TRUE,height,weight,amount,width,pound,average,,,,
word-catalog-v1,CREATE_DRAFT,,,,,height,height,noun,A2,numbers-quantity,高度,,,,,,,,,,TRUE,公里,長度,毫米,毫升,釐米,重量,TRUE,weight,degree,quality,average,amount,length,,,,
word-catalog-v1,CREATE_DRAFT,,,,,weight,weight,noun,A2,numbers-quantity,重量,,,,,,,,,,TRUE,數量,測量,長度,品質,釐米,高度,TRUE,length,degree,amount,average,height,size,,,,
word-catalog-v1,CREATE_DRAFT,,,,,size,size,noun,A2,numbers-quantity,尺寸,,,,,,,,,,TRUE,高度,毫米,英尺,數量,長度,公里,TRUE,unit,foot,mile,yard,gram,metre,,,,
word-catalog-v1,CREATE_DRAFT,,,,,large,large,adjective,A2,numbers-quantity,大的,,,,,,,,,,TRUE,薄的,中等,厚的,近的,長的,寬的,TRUE,thick,thin,close,wide,long,narrow,,,,
word-catalog-v1,CREATE_DRAFT,,,,,medium,medium,adjective,A2,numbers-quantity,中等,,,,,,,,,,TRUE,寬的,厚的,長的,近的,大的,薄的,TRUE,large,narrow,close,wide,thick,long,,,,
word-catalog-v1,CREATE_DRAFT,,,,,long,long,adjective,A2,numbers-quantity,長的,,,,,,,,,,TRUE,薄的,厚的,中等,近的,大的,平均的,TRUE,wide,thin,large,close,thick,medium,,,,
word-catalog-v1,CREATE_DRAFT,,,,,thin,thin,adjective,A2,numbers-quantity,薄的,,,,,,,,,,TRUE,大的,近的,長的,中等,厚的,寬的,TRUE,long,wide,thick,close,large,medium,,,,
word-catalog-v1,CREATE_DRAFT,,,,,wide,wide,adjective,A2,numbers-quantity,寬的,,,,,,,,,,TRUE,中等,長的,近的,薄的,大的,厚的,TRUE,long,thin,close,thick,medium,large,,,,
word-catalog-v1,CREATE_DRAFT,,,,,narrow,narrow,adjective,A2,numbers-quantity,狹窄的,,,,,,,,,,TRUE,大的,長的,厚的,平均的,中等,薄的,TRUE,medium,average,thick,large,close,long,,,,
word-catalog-v1,CREATE_DRAFT,,,,,thick,thick,adjective,A2,numbers-quantity,厚的,,,,,,,,,,TRUE,寬的,中等,近的,長的,大的,薄的,TRUE,close,large,narrow,long,medium,thin,,,,
word-catalog-v1,CREATE_DRAFT,,,,,yard,yard,noun,A2,numbers-quantity,碼,,,,,,,,,,TRUE,度,磅,升,毫升,克,數量,TRUE,gram,unit,foot,litre,mile,pound,,,,
word-catalog-v1,CREATE_DRAFT,,,,,amount,amount,noun,A2,numbers-quantity,數量,,,,,,,,,,TRUE,品質,長度,單位,尺寸,寬度,高度,TRUE,height,weight,length,average,degree,pound,,,,
word-catalog-v1,CREATE_DRAFT,,,,,close,close,adjective,A2,numbers-quantity,近的,,,,,,,,near,,TRUE,薄的,寬的,平均的,長的,大的,中等,TRUE,thick,long,medium,large,wide,thin,,,,
word-catalog-v1,CREATE_DRAFT,,,,,average,average,adjective,A2,numbers-quantity,平均的,平均,,,,The average score was seventy marks.,平均分是七十分。,,,,TRUE,近的,狹窄的,長的,大的,寬的,厚的,TRUE,narrow,thick,close,long,large,thin,,,,
word-catalog-v1,CREATE_DRAFT,,,,,mind,mind,noun,A2,abstract-concepts,思想,頭腦,,,,Reading can open your mind.,閱讀可以開闊思想。,,,,TRUE,猜測,經驗,危險,決定,選擇,知識,TRUE,hope,idea,skill,goal,power,belief,,,,
word-catalog-v1,CREATE_DRAFT,,,,,talent,talent,noun,A2,abstract-concepts,天賦,,,,,,,,,,TRUE,危險,記憶,信念,經驗,知識,技能,TRUE,memory,choice,belief,power,matter,danger,,,,
word-catalog-v1,CREATE_DRAFT,,,,,skill,skill,noun,A2,abstract-concepts,技能,,,,,,,,,,TRUE,建議,記憶,猜測,危險,決定,權力,TRUE,power,belief,idea,goal,danger,memory,,,,
word-catalog-v1,CREATE_DRAFT,,,,,knowledge,knowledge,noun,A2,abstract-concepts,知識,,,,,,,,,,TRUE,記憶,權力,目標,建議,技能,天賦,TRUE,experience,suggestion,decision,choice,danger,belief,,,,
word-catalog-v1,CREATE_DRAFT,,,,,guess,guess,noun,A2,abstract-concepts,猜測,估計,,,,My answer was only a guess.,我的答案只是一個猜測。,,,,TRUE,建議,決定,經驗,記憶,思想,信念,TRUE,skill,power,matter,memory,talent,mind,,,,
word-catalog-v1,CREATE_DRAFT,,,,,guess,guess,verb,A2,abstract-concepts,猜／估,估計,,,,Can you guess the answer?,你可以猜到答案嗎？,,,,TRUE,提醒,建議,記得,享受,想像,忘記,TRUE,enjoy,matter,dream,decide,remind,suggest,,,,
word-catalog-v1,CREATE_DRAFT,,,,,believe,believe,verb,A2,abstract-concepts,相信,,,,,,,,,,TRUE,想像,記得,決定,希望,提醒,忘記,TRUE,matter,remind,decide,forget,suggest,imagine,,,,
word-catalog-v1,CREATE_DRAFT,,,,,belief,belief,noun,A2,abstract-concepts,信念,,,,,,,,,,TRUE,想法,技能,權力,建議,猜測,目標,TRUE,danger,choice,talent,matter,memory,skill,,,,
word-catalog-v1,CREATE_DRAFT,,,,,memory,memory,noun,A2,abstract-concepts,記憶,,,,,,,,,,TRUE,知識,危險,建議,決定,技能,權力,TRUE,choice,danger,power,skill,belief,matter,,,,
word-catalog-v1,CREATE_DRAFT,,,,,remember,remember,verb,A2,abstract-concepts,記得,,,,,,,,,,TRUE,相信,希望,決定,做夢,享受,建議,TRUE,believe,suggest,forget,decide,matter,imagine,,,,
word-catalog-v1,CREATE_DRAFT,,,,,forget,forget,verb,A2,abstract-concepts,忘記,,,,,,,,,,TRUE,提醒,想像,決定,做夢,記得,享受,TRUE,remind,decide,imagine,believe,matter,suggest,,,,
word-catalog-v1,CREATE_DRAFT,,,,,idea,idea,noun,A2,abstract-concepts,想法,,,,,,,,,,TRUE,決定,天賦,目標,經驗,危險,思想,TRUE,mind,hope,skill,goal,power,danger,,,,
word-catalog-v1,CREATE_DRAFT,,,,,favourite,favourite,adjective,A2,abstract-concepts,最喜愛的,,,,,,,favorite,,,TRUE,清晰,冷靜的,害怕,擔心的,緊張的,不安全的,TRUE,nervous,worried,afraid,clear,calm,talkative,,,,
word-catalog-v1,CREATE_DRAFT,,,,,suggestion,suggestion,noun,A2,abstract-concepts,建議,,,,,,,,,,TRUE,危險,權力,信念,記憶,技能,目標,TRUE,experience,knowledge,decision,talent,belief,matter,,,,
word-catalog-v1,CREATE_DRAFT,,,,,suggest,suggest,verb,A2,abstract-concepts,建議,,,,,,,,,,TRUE,記得,忘記,提醒,相信,決定,做夢,TRUE,decide,believe,remind,imagine,forget,remember,,,,
word-catalog-v1,CREATE_DRAFT,,,,,goal,goal,noun,A2,abstract-concepts,目標,,,,,,,,,,TRUE,知識,經驗,建議,危險,技能,選擇,TRUE,hope,idea,mind,power,guess,belief,,,,
word-catalog-v1,CREATE_DRAFT,,,,,hope,hope,verb,A2,abstract-concepts,希望,願望,,,,I hope you feel better soon.,我希望你很快康復。,,,,TRUE,做夢,忘記,享受,想像,建議,提醒,TRUE,mind,enjoy,decide,forget,guess,dream,,,,
word-catalog-v1,CREATE_DRAFT,,,,,hope,hope,noun,A2,abstract-concepts,希望／願望,願望,,,,There is still hope of success.,事情仍有成功的希望。,,,,TRUE,經驗,決定,權力,天賦,思想,記憶,TRUE,mind,goal,skill,guess,idea,power,,,,
word-catalog-v1,CREATE_DRAFT,,,,,imagine,imagine,verb,A2,abstract-concepts,想像,,,,,,,,,,TRUE,決定,記得,忘記,相信,享受,希望,TRUE,believe,suggest,forget,decide,matter,guess,,,,
word-catalog-v1,CREATE_DRAFT,,,,,dream,dream,verb,A2,abstract-concepts,做夢,,,,,,,,,,TRUE,希望,提醒,享受,想像,建議,記得,TRUE,enjoy,guess,remind,decide,forget,mind,,,,
word-catalog-v1,CREATE_DRAFT,,,,,enjoy,enjoy,verb,A2,abstract-concepts,享受,,,,,,,,,,TRUE,忘記,提醒,希望,想像,相信,記得,TRUE,guess,dream,decide,remind,matter,forget,,,,
word-catalog-v1,CREATE_DRAFT,,,,,worried,worried,adjective,A2,abstract-concepts,擔心的,,,,,,,,,,TRUE,冷靜的,緊張的,最喜愛的,清晰,害怕,偉大的,TRUE,nervous,favourite,afraid,clear,calm,unknown,,,,
word-catalog-v1,CREATE_DRAFT,,,,,nervous,nervous,adjective,A2,abstract-concepts,緊張的,,,,,,,,,,TRUE,擔心的,冷靜的,最喜愛的,清晰,害怕,偉大的,TRUE,worried,afraid,favourite,calm,clear,natural,,,,
word-catalog-v1,CREATE_DRAFT,,,,,calm,calm,adjective,A2,abstract-concepts,冷靜的,,,,,,,,,,TRUE,擔心的,緊張的,最喜愛的,害怕,清晰,懶惰的,TRUE,afraid,clear,nervous,worried,favourite,kind,,,,
word-catalog-v1,CREATE_DRAFT,,,,,afraid,afraid,adjective,A2,abstract-concepts,害怕,,,,,,,,,,TRUE,緊張的,清晰,冷靜的,擔心的,最喜愛的,辣的,TRUE,nervous,calm,worried,clear,favourite,severe,,,,
word-catalog-v1,CREATE_DRAFT,,,,,experience,experience,noun,A2,abstract-concepts,經驗,,,,,,,,,,TRUE,目標,選擇,權力,猜測,記憶,問題,TRUE,knowledge,suggestion,decision,danger,talent,skill,,,,
word-catalog-v1,CREATE_DRAFT,,,,,matter,matter,noun,A2,abstract-concepts,問題,,,,,,,,,,TRUE,猜測,經驗,想法,思想,信念,技能,TRUE,memory,belief,choice,guess,power,danger,,,,
word-catalog-v1,CREATE_DRAFT,,,,,decide,decide,verb,A2,abstract-concepts,決定,,,,,,,,,,TRUE,做夢,忘記,記得,相信,享受,提醒,TRUE,forget,remind,matter,suggest,dream,guess,,,,
word-catalog-v1,CREATE_DRAFT,,,,,decision,decision,noun,A2,abstract-concepts,決定,,,,,,,,,,TRUE,技能,權力,建議,目標,知識,信念,TRUE,knowledge,belief,danger,experience,suggestion,choice,,,,
word-catalog-v1,CREATE_DRAFT,,,,,power,power,noun,A2,abstract-concepts,權力,,,,,,,,,,TRUE,猜測,問題,決定,記憶,經驗,選擇,TRUE,guess,skill,idea,mind,goal,hope,,,,
word-catalog-v1,CREATE_DRAFT,,,,,clear,clear,adjective,A2,abstract-concepts,清晰,,,,,,,,,,TRUE,害怕,擔心的,緊張的,冷靜的,最喜愛的,深的,TRUE,calm,afraid,worried,nervous,favourite,scary,,,,
word-catalog-v1,CREATE_DRAFT,,,,,choice,choice,noun,A2,abstract-concepts,選擇,,,,,,,,,,TRUE,目標,記憶,信念,經驗,猜測,想法,TRUE,matter,talent,belief,memory,skill,danger,,,,
word-catalog-v1,CREATE_DRAFT,,,,,remind,remind,verb,A2,abstract-concepts,提醒,,,,,,,,,,TRUE,想像,享受,建議,記得,決定,做夢,TRUE,forget,decide,suggest,imagine,enjoy,matter,,,,
word-catalog-v1,CREATE_DRAFT,,,,,danger,danger,noun,A2,abstract-concepts,危險,,,,,,,,,,TRUE,經驗,想法,知識,選擇,目標,權力,TRUE,choice,memory,matter,talent,belief,hope,,,,
word-catalog-v1,CREATE_DRAFT,,,,,maybe,maybe,adverb,A2,function-words,也許,,,,,,,,,,TRUE,某處,大約,然後,越過,至少,一次,TRUE,ahead,twice,around,then,slowly,past,,,,
word-catalog-v1,CREATE_DRAFT,,,,,probably,probably,adverb,A2,function-words,可能,,,,,,,,,,TRUE,到處,兩次,大約,幾乎,無處,越過,TRUE,anywhere,actually,finally,greatly,somewhere,at last,,,,
word-catalog-v1,CREATE_DRAFT,,,,,around,around,adverb,A2,function-words,大約,,,,,,,,,,TRUE,一次,終於,經過,仍然,隨時,前面,TRUE,almost,slowly,exactly,sadly,twice,finally,,,,
word-catalog-v1,CREATE_DRAFT,,,,,out,out,adverb,A2,function-words,外,,,,,,,,,,TRUE,好,幾乎,兩次,一次,仍然,尤其,TRUE,yet,also,only,just,in,once,,,,
word-catalog-v1,CREATE_DRAFT,,,,,in,in,adverb,A2,function-words,裡面,,,,,,,,,,TRUE,無處,兩次,前面,到處,至少,隨時,TRUE,so,yet,also,over,past,out,,,,
word-catalog-v1,CREATE_DRAFT,,,,,also,also,adverb,A2,function-words,也,還,,,,,,,,,TRUE,仍然,也許,到處,好,外,尤其,TRUE,once,over,just,then,out,only,,,,
word-catalog-v1,CREATE_DRAFT,,,,,actually,actually,adverb,A2,function-words,實際上,,,,,,,,,,TRUE,確切地,慢慢地,容易地,仔細地,通常,隨時,TRUE,probably,at least,at last,carefully,anywhere,anytime,,,,
word-catalog-v1,CREATE_DRAFT,,,,,exactly,exactly,adverb,A2,function-words,確切地,,,,,,,,,,TRUE,悲傷地,實際上,容易地,慢慢地,無處,也許,TRUE,at last,easily,nowhere,almost,finally,anywhere,,,,
word-catalog-v1,CREATE_DRAFT,,,,,almost,almost,adverb,A2,function-words,幾乎,,,,,,,,,,TRUE,裡面,前面,無處,尤其,至少,也許,TRUE,around,easily,nowhere,slowly,ahead,exactly,,,,
word-catalog-v1,CREATE_DRAFT,,,,,greatly,greatly,adverb,A2,function-words,大大地,,,,,,,,,,TRUE,快速地,慢慢地,悲傷地,容易地,尤其,實際上,TRUE,anytime,nowhere,at last,slowly,around,anywhere,,,,
word-catalog-v1,CREATE_DRAFT,,,,,especially,especially,adverb,A2,function-words,尤其,,,,,,,,,,TRUE,裡面,一次,前面,可能,至少,然後,TRUE,everywhere,carefully,at least,somewhere,actually,probably,,,,
word-catalog-v1,CREATE_DRAFT,,,,,generally,generally,adverb,A2,function-words,通常,,,,,,,,,,TRUE,經過,一次,仍然,到處,某處,兩次,TRUE,somewhere,carefully,at least,everywhere,exactly,probably,,,,
word-catalog-v1,CREATE_DRAFT,,,,,finally,finally,adverb,A2,function-words,終於,,,,,,,,,,TRUE,也許,幾乎,至少,通常,尤其,越過,TRUE,anytime,around,nowhere,greatly,easily,slowly,,,,
word-catalog-v1,CREATE_DRAFT,,,,,only,only,adverb,A2,function-words,只,,,,,,,,,,TRUE,外,也,好,越過,大約,終於,TRUE,over,fast,then,also,past,well,,,,
word-catalog-v1,CREATE_DRAFT,,,,,just,just,adverb,A2,function-words,只,,,,,,,,,,TRUE,也,好,大約,終於,尤其,可能,TRUE,well,also,past,then,over,out,,,,
word-catalog-v1,CREATE_DRAFT,,,,,over,over,adverb,A2,function-words,越過,,,,,,,,,,TRUE,至少,某處,幾乎,經過,到處,終於,TRUE,fast,well,only,once,past,also,,,,
word-catalog-v1,CREATE_DRAFT,,,,,at least,at least,adverb,A2,function-words,至少,,,,,,,,,,TRUE,然後,前面,隨時,大約,尤其,可能,TRUE,anywhere,probably,generally,exactly,carefully,nowhere,,,,
word-catalog-v1,CREATE_DRAFT,,,,,at last,at last,adverb,A2,function-words,終於,,,,,,,,,,TRUE,尤其,經過,前面,然後,兩次,仍然,TRUE,exactly,anytime,nowhere,probably,greatly,easily,,,,
word-catalog-v1,CREATE_DRAFT,,,,,ahead,ahead,adverb,A2,function-words,前面,,,,,,,,,,TRUE,隨時,尤其,可能,經過,至少,幾乎,TRUE,sadly,twice,still,fast,also,once,,,,
word-catalog-v1,CREATE_DRAFT,,,,,past,past,adverb,A2,function-words,經過,,,,,,,,,,TRUE,越過,仍然,裡面,一次,通常,某處,TRUE,well,just,then,only,once,twice,,,,
word-catalog-v1,CREATE_DRAFT,,,,,easily,easily,adverb,A2,function-words,容易地,,,,,,,,,,TRUE,仔細地,大大地,確切地,慢慢地,悲傷地,無處,TRUE,around,anytime,almost,nowhere,twice,exactly,,,,
word-catalog-v1,CREATE_DRAFT,,,,,carefully,carefully,adverb,A2,function-words,仔細地,,,,,,,,,,TRUE,悲傷地,大大地,確切地,實際上,慢慢地,容易地,TRUE,generally,actually,anywhere,probably,somewhere,everywhere,,,,
word-catalog-v1,CREATE_DRAFT,,,,,well,well,adverb,A2,function-words,好,,,,,,,,,,TRUE,也,幾乎,終於,通常,越過,外,TRUE,also,over,once,just,past,fast,,,,
word-catalog-v1,CREATE_DRAFT,,,,,still,still,adverb,A2,function-words,仍然,,,,,,,,,,TRUE,隨時,可能,無處,一次,也許,經過,TRUE,ahead,sadly,easily,maybe,fast,also,,,,
word-catalog-v1,CREATE_DRAFT,,,,,then,then,adverb,A2,function-words,然後,,,,,,,,,,TRUE,終於,也許,到處,越過,大約,可能,TRUE,well,only,also,over,past,twice,,,,
word-catalog-v1,CREATE_DRAFT,,,,,sadly,sadly,adverb,A2,function-words,悲傷地,,,,,,,,,,TRUE,實際上,快速地,容易地,也許,通常,越過,TRUE,maybe,still,ahead,twice,once,slowly,,,,
word-catalog-v1,CREATE_DRAFT,,,,,slowly,slowly,adverb,A2,function-words,慢慢地,,,,,,,,,,TRUE,仔細地,確切地,實際上,容易地,悲傷地,快速地,TRUE,easily,ahead,still,finally,almost,sadly,,,,
word-catalog-v1,CREATE_DRAFT,,,,,once,once,adverb,A2,function-words,一次,,,,,,,,,,TRUE,尤其,經過,到處,裡面,前面,也許,TRUE,also,past,then,just,twice,ahead,,,,
word-catalog-v1,CREATE_DRAFT,,,,,twice,twice,adverb,A2,function-words,兩次,,,,,,,,,,TRUE,至少,越過,經過,仍然,某處,前面,TRUE,ahead,sadly,still,maybe,over,past,,,,
word-catalog-v1,CREATE_DRAFT,,,,,anytime,anytime,adverb,A2,function-words,隨時,,,,,,,,,,TRUE,至少,某處,終於,也許,通常,幾乎,TRUE,at last,finally,nowhere,around,probably,slowly,,,,
word-catalog-v1,CREATE_DRAFT,,,,,fast,fast,adverb,A2,function-words,快速地,,,,,,,,,,TRUE,容易地,大大地,隨時,然後,尤其,裡面,TRUE,past,well,then,just,also,over,,,,
word-catalog-v1,CREATE_DRAFT,,,,,full,full,adjective,A2,descriptions-qualities,滿的,,,,,,,,,empty,TRUE,死的,遠的,空的,直的,深的,健康,TRUE,flat,deep,safe,dead,hard,near,,,,
word-catalog-v1,CREATE_DRAFT,,,,,empty,empty,adjective,A2,descriptions-qualities,空的,,,,,,,,,full,TRUE,淺的,平的,整個,遠的,難的,健康,TRUE,alive,dead,hard,bright,common,lazy,,,,
word-catalog-v1,CREATE_DRAFT,,,,,necessary,necessary,adjective,A2,descriptions-qualities,必要的,,,,,,,,,,TRUE,金色的,安全的,空閒的,最小的,著名的,間接的,TRUE,unpopular,informal,complete,stressful,unpleasant,careless,,,,
word-catalog-v1,CREATE_DRAFT,,,,,unnecessary,unnecessary,adjective,A2,descriptions-qualities,不必要的,,,,,,,,,,TRUE,不舒服的,不安全的,不重要的,有壓力的,有禮貌的,不友好的,TRUE,intelligent,impossible,hardworking,comfortable,unimportant,unfriendly,,,,
word-catalog-v1,CREATE_DRAFT,,,,,simple,simple,adjective,A2,descriptions-qualities,簡單,,,,,,,,,,TRUE,健康,圓的,平的,死的,直的,放鬆的,TRUE,common,unsafe,silver,golden,unlucky,popular,,,,
word-catalog-v1,CREATE_DRAFT,,,,,hard,hard,adjective,A2,descriptions-qualities,難的,,,,,,,,,,TRUE,近的,直的,圓的,深的,整個,滿的,TRUE,free,well,gold,flat,safe,busy,,,,
word-catalog-v1,CREATE_DRAFT,,,,,maximum,maximum,adjective,A2,descriptions-qualities,最大的,,,,,,,,,,TRUE,友好的,活著的,不舒服,愉快的,鮮豔的,銀色的,TRUE,unusual,unknown,minimum,careful,direct,relaxing,,,,
word-catalog-v1,CREATE_DRAFT,,,,,minimum,minimum,adjective,A2,descriptions-qualities,最小的,,,,,,,,,,TRUE,可能的,粗心的,重要的,健康的,不幸的,直接的,TRUE,careful,shallow,unusual,maximum,unknown,special,,,,
word-catalog-v1,CREATE_DRAFT,,,,,near,near,adjective,A2,descriptions-qualities,近的,,,,,,,,close,,TRUE,特別,遠的,淺的,死的,空的,平的,TRUE,lazy,dead,full,gold,deep,far,,,,
word-catalog-v1,CREATE_DRAFT,,,,,far,far,adjective,A2,descriptions-qualities,遠的,,,,,,,,,,TRUE,深的,死的,特別,空的,健康,小心的,TRUE,free,full,flat,deep,dead,lazy,,,,
word-catalog-v1,CREATE_DRAFT,,,,,common,common,adjective,A2,descriptions-qualities,普通的,,,,,,,,,,TRUE,銀色的,鮮豔的,直接的,聰明的,必要的,正式的,TRUE,direct,silver,famous,unwell,formal,golden,,,,
word-catalog-v1,CREATE_DRAFT,,,,,uncommon,uncommon,adjective,A2,descriptions-qualities,不常見的,,,,,,,,,,TRUE,不重要的,有壓力的,不舒服的,有禮貌的,不禮貌的,最小的,TRUE,impolite,careless,coloured,straight,complete,pleasant,,,,
word-catalog-v1,CREATE_DRAFT,,,,,busy,busy,adjective,A2,descriptions-qualities,忙碌的,,,,,,,,,,TRUE,最大的,間接的,安全的,完整的,通常的,多彩的,TRUE,hard,near,lucky,flat,full,free,,,,
word-catalog-v1,CREATE_DRAFT,,,,,free,free,adjective,A2,descriptions-qualities,空閒的,,,,,Are you free after school?,你放學後有空嗎？,,,,TRUE,普通的,直接的,完整的,活著的,懶惰的,最大的,TRUE,full,hard,well,near,deep,busy,,,,
word-catalog-v1,CREATE_DRAFT,,,,,lazy,lazy,adjective,A2,descriptions-qualities,懶惰的,,,,,,,,,,TRUE,著名的,鮮豔的,金色的,健康的,小心的,勤奮的,TRUE,pale,free,gold,flat,near,busy,,,,
word-catalog-v1,CREATE_DRAFT,,,,,hardworking,hardworking,adjective,A2,descriptions-qualities,勤奮的,,,,,,,,,,TRUE,直接的,不尋常,完整的,彩色的,忙碌的,普通的,TRUE,unnecessary,intelligent,unimportant,comfortable,unpleasant,colourful,,,,
word-catalog-v1,CREATE_DRAFT,,,,,relaxing,relaxing,adjective,A2,descriptions-qualities,放鬆的,,,,,,,,,,TRUE,必要的,不舒服,勤奮的,友好的,懶惰的,重要的,TRUE,pleasant,possible,complete,informal,straight,stressful,,,,
word-catalog-v1,CREATE_DRAFT,,,,,stressful,stressful,adjective,A2,descriptions-qualities,有壓力的,,,,,,,,,,TRUE,有禮貌的,不常見的,非正式的,重要的,粗心的,完整的,TRUE,necessary,important,straight,impolite,indirect,colourful,,,,
word-catalog-v1,CREATE_DRAFT,,,,,comfortable,comfortable,adjective,A2,descriptions-qualities,舒適的,,,,,,,,,,TRUE,間接的,最大的,忙碌的,著名的,不可能,不舒服,TRUE,hardworking,unnecessary,incomplete,intelligent,unimportant,necessary,,,,
word-catalog-v1,CREATE_DRAFT,,,,,uncomfortable,uncomfortable,adjective,A2,descriptions-qualities,不舒服的,,,,,,,,,,TRUE,受歡迎的,不常見的,不愉快的,不重要的,不必要的,非正式的,TRUE,unnecessary,comfortable,hardworking,intelligent,unimportant,important,,,,
word-catalog-v1,CREATE_DRAFT,,,,,direct,direct,adjective,A2,descriptions-qualities,直接的,,,,,,,,,,TRUE,健康的,最大的,活著的,重要的,可能的,著名的,TRUE,unwell,common,silver,simple,golden,formal,,,,
word-catalog-v1,CREATE_DRAFT,,,,,indirect,indirect,adjective,A2,descriptions-qualities,間接的,,,,,,,,,,TRUE,空閒的,忙碌的,懶惰的,聰明的,彩色的,著名的,TRUE,possible,impolite,complete,informal,careless,coloured,,,,
word-catalog-v1,CREATE_DRAFT,,,,,special,special,adjective,A2,descriptions-qualities,特別,,,,,,,,,,TRUE,空的,整個,淺的,直的,圓的,死的,TRUE,healthy,unlucky,unusual,unknown,minimum,careless,,,,
word-catalog-v1,CREATE_DRAFT,,,,,ordinary,ordinary,adjective,A2,descriptions-qualities,普通的,,,,,,,,,,TRUE,不舒服,直接的,聰明的,放鬆的,最小的,鮮豔的,TRUE,complete,indirect,unusual,uncommon,straight,important,,,,
word-catalog-v1,CREATE_DRAFT,,,,,famous,famous,adjective,A2,descriptions-qualities,著名的,,,,,,,,,,TRUE,間接的,不幸的,友好的,勤奮的,通常的,未知的,TRUE,unsafe,polite,common,silver,formal,bright,,,,
word-catalog-v1,CREATE_DRAFT,,,,,unknown,unknown,adjective,A2,descriptions-qualities,未知的,,,,,,,,,,TRUE,不可能,活著的,普通的,直接的,粗心的,不舒服,TRUE,minimum,unlucky,unusual,healthy,careless,common,,,,
word-catalog-v1,CREATE_DRAFT,,,,,deep,deep,adjective,A2,descriptions-qualities,深的,,,,,,,,,,TRUE,直的,空的,平的,簡單,遠的,淺的,TRUE,dead,pale,gold,busy,full,near,,,,
word-catalog-v1,CREATE_DRAFT,,,,,shallow,shallow,adjective,A2,descriptions-qualities,淺的,,,,,,,,,,TRUE,特別,死的,空的,簡單,圓的,整個,TRUE,unknown,minimum,unusual,special,relaxing,careless,,,,
word-catalog-v1,CREATE_DRAFT,,,,,emotion,emotion,noun,A2,emotions-personality,情感,,,,,,,,,,TRUE,善良,恐懼,行為,幸福,性格,信任,TRUE,sadness,anger,amusement,happiness,surprise,trust,,,,
word-catalog-v1,CREATE_DRAFT,,,,,fear,fear,noun,A2,emotions-personality,恐懼,,,,,,,,,,TRUE,性格,情感,憤怒,善良,悲傷,樂趣,TRUE,kind,smile,anger,trust,joy,sadness,,,,
word-catalog-v1,CREATE_DRAFT,,,,,anger,anger,noun,A2,emotions-personality,憤怒,,,,,,,,,,TRUE,情感,恐懼,樂趣,個性,幸福,快樂,TRUE,trust,smile,fear,kind,joy,emotion,,,,
word-catalog-v1,CREATE_DRAFT,,,,,sadness,sadness,noun,A2,emotions-personality,悲傷,,,,,,,,,,TRUE,樂趣,信任,情感,善良,恐懼,憤怒,TRUE,emotion,kindness,behaviour,surprise,amusement,trust,,,,
word-catalog-v1,CREATE_DRAFT,,,,,happiness,happiness,noun,A2,emotions-personality,幸福,,,,,,,,,,TRUE,信任,快樂,性格,樂趣,恐懼,善良,TRUE,behaviour,amusement,character,sadness,kindness,surprise,,,,
word-catalog-v1,CREATE_DRAFT,,,,,joy,joy,noun,A2,emotions-personality,快樂,,,,,,,,,,TRUE,憤怒,信任,驚訝,善良,情感,性格,TRUE,kind,fear,trust,smile,anger,sadness,,,,
word-catalog-v1,CREATE_DRAFT,,,,,surprise,surprise,noun,A2,emotions-personality,驚訝,,,,,,,,,,TRUE,情感,快樂,憤怒,恐懼,善良,行為,TRUE,kindness,amusement,sadness,behaviour,character,happiness,,,,
word-catalog-v1,CREATE_DRAFT,,,,,trust,trust,noun,A2,emotions-personality,信任,,,,,,,,,,TRUE,憤怒,情感,悲傷,善良,恐懼,性格,TRUE,smile,anger,kind,fear,sadness,joy,,,,
word-catalog-v1,CREATE_DRAFT,,,,,kindness,kindness,noun,A2,emotions-personality,善良,,,,,,,,,,TRUE,性格,信任,樂趣,驚訝,個性,快樂,TRUE,surprise,character,sadness,happiness,behaviour,emotion,,,,
word-catalog-v1,CREATE_DRAFT,,,,,amusement,amusement,noun,A2,emotions-personality,樂趣,,,,,,,,,,TRUE,信任,憤怒,悲傷,恐懼,個性,性格,TRUE,happiness,behaviour,character,kindness,sadness,personality,,,,
word-catalog-v1,CREATE_DRAFT,,,,,laugh,laugh,verb,A2,emotions-personality,笑,,,,,,,,,,TRUE,皺眉,想念,惹惱,哭,擔心,微笑,TRUE,annoy,smile,frown,worry,miss,cry,,,,
word-catalog-v1,CREATE_DRAFT,,,,,cry,cry,verb,A2,emotions-personality,哭,,,,,,,,,,TRUE,微笑,笑,惹惱,擔心,想念,皺眉,TRUE,own,miss,worry,smile,frown,laugh,,,,
word-catalog-v1,CREATE_DRAFT,,,,,smile,smile,verb,A2,emotions-personality,微笑,,,,,He smiled at his classmates.,他向同學微笑。,,,,TRUE,皺眉,擔心,惹惱,哭,想念,使驚訝,TRUE,annoy,laugh,worry,frown,miss,own,,,,
word-catalog-v1,CREATE_DRAFT,,,,,frown,frown,verb,A2,emotions-personality,皺眉,,,,,,,,,,TRUE,想念,微笑,擔心,笑,使驚訝,惹惱,TRUE,laugh,annoy,smile,worry,miss,cry,,,,
word-catalog-v1,CREATE_DRAFT,,,,,miss,miss,verb,A2,emotions-personality,想念,,,,,,,,,,TRUE,皺眉,微笑,惹惱,擔心,哭,笑,TRUE,smile,frown,laugh,own,worry,annoy,,,,
word-catalog-v1,CREATE_DRAFT,,,,,worry,worry,verb,A2,emotions-personality,擔心,,,,,,,,,,TRUE,皺眉,惹惱,微笑,想念,使驚訝,哭,TRUE,smile,laugh,annoy,frown,miss,cry,,,,
word-catalog-v1,CREATE_DRAFT,,,,,surprise,surprise,verb,A2,emotions-personality,使驚訝,,,,,,,,,,TRUE,想念,皺眉,擔心,惹惱,微笑,哭,TRUE,laugh,frown,worry,miss,annoy,smile,,,,
word-catalog-v1,CREATE_DRAFT,,,,,surprised,surprised,adjective,A2,emotions-personality,驚訝的,,,,,,,,,,TRUE,出色的,堅強的,嚴肅的,極好的,害怕的,健談的,TRUE,talkative,brilliant,confident,excellent,wonderful,creative,,,,
word-catalog-v1,CREATE_DRAFT,,,,,annoy,annoy,verb,A2,emotions-personality,惹惱,,,,,,,,,,TRUE,皺眉,笑,想念,使驚訝,哭,擔心,TRUE,smile,laugh,frown,miss,worry,own,,,,
word-catalog-v1,CREATE_DRAFT,,,,,scared,scared,adjective,A2,emotions-personality,害怕的,,,,,,,,,,TRUE,嫉妒的,自信的,愚蠢的,極好的,完美的,活躍的,TRUE,active,boring,unique,awesome,quiet,strange,,,,
word-catalog-v1,CREATE_DRAFT,,,,,mean,mean,verb,A2,actions-events,意思是,,,,,,,,,,TRUE,注意到,意識到,似乎,組織,介意,修理,TRUE,hold,name,park,pick,save,joke,,,,
word-catalog-v1,CREATE_DRAFT,,,,,check,check,verb,A2,actions-events,檢查,,,,,Check your answers before you submit.,提交前檢查答案。,,,,TRUE,發展,滑雪,組織,打破,戰鬥,修理,TRUE,allow,greet,print,light,knock,shake,,,,
word-catalog-v1,CREATE_DRAFT,,,,,carry,carry,verb,A2,actions-events,攜帶,,,,,,,,,,TRUE,搖動,贈送,拍照,丟下,擦乾,搜尋,TRUE,allow,fight,greet,cause,shout,enter,,,,
word-catalog-v1,CREATE_DRAFT,,,,,keep,keep,verb,A2,actions-events,保留,,,,,,,,,,TRUE,趕快,期待,上升,影響,擁有,重複,TRUE,pack,sign,shut,hold,pull,pick,,,,
word-catalog-v1,CREATE_DRAFT,,,,,wait,wait,verb,A2,actions-events,等待,,,,,,,,,,TRUE,嘗試,擦乾,介意,行動,識別,推薦,TRUE,pack,link,joke,drop,lift,hold,,,,
word-catalog-v1,CREATE_DRAFT,,,,,compare,compare,verb,A2,actions-events,比較,,,,,,,,,,TRUE,控制,喊叫,殺死,覆蓋,引起,攜帶,TRUE,destroy,arrange,respond,collect,realise,mention,,,,
word-catalog-v1,CREATE_DRAFT,,,,,improve,improve,verb,A2,actions-events,改善,,,,,,,,,,TRUE,拯救,擦乾,返回,趕快,發展,發現,TRUE,arrange,control,develop,replace,promise,collect,,,,
word-catalog-v1,CREATE_DRAFT,,,,,try,try,verb,A2,actions-events,嘗試,,,,,,,,,,TRUE,收集,喊叫,跟隨,替換,點燃,允許,TRUE,own,fix,set,ski,dry,star,,,,
word-catalog-v1,CREATE_DRAFT,,,,,prefer,prefer,verb,A2,actions-events,更喜歡,,,,,,,,,,TRUE,開玩笑,取決於,發短訊,替換,覆蓋,減少,TRUE,follow,behave,expect,refuse,notice,depend,,,,
word-catalog-v1,CREATE_DRAFT,,,,,repeat,repeat,verb,A2,actions-events,重複,,,,,,,,,,TRUE,假設,比較,行動,允許,戰鬥,檢查,TRUE,prefer,expect,follow,matter,affect,number,,,,
word-catalog-v1,CREATE_DRAFT,,,,,follow,follow,verb,A2,actions-events,跟隨,,,,,,,,,,TRUE,期待,收集,攻擊,移除,破壞,等待,TRUE,prefer,attack,matter,number,refuse,repeat,,,,
word-catalog-v1,CREATE_DRAFT,,,,,allow,allow,verb,A2,actions-events,允許,,,,,,,,,,TRUE,問候,返回,標記,煮沸,搖動,消失,TRUE,check,carry,guide,raise,steal,hurry,,,,
word-catalog-v1,CREATE_DRAFT,,,,,hurry,hurry,verb,A2,actions-events,趕快,,,,,,,,,,TRUE,影響,主演,控制,設置,煮沸,消失,TRUE,raise,knock,shake,point,steal,print,,,,
word-catalog-v1,CREATE_DRAFT,,,,,complete,complete,verb,A2,actions-events,完成,,,,,,,,,,TRUE,覆蓋,丟下,設置,允許,嘗試,拯救,TRUE,identify,continue,express,organise,replace,collect,,,,
word-catalog-v1,CREATE_DRAFT,,,,,pick,pick,verb,A2,actions-events,挑選,,,,,,,,,,TRUE,記錄,引導,檢查,參加,提供,覆蓋,TRUE,beat,push,text,shut,star,boil,,,,
word-catalog-v1,CREATE_DRAFT,,,,,drop,drop,verb,A2,actions-events,丟下,,,,,,,,,,TRUE,打敗,握住,舉起,行動,指向,上升,TRUE,pick,joke,name,burn,hold,pull,,,,
word-catalog-v1,CREATE_DRAFT,,,,,reduce,reduce,verb,A2,actions-events,減少,,,,,,,,,,TRUE,打敗,鎖上,繼續,安排,擁有,破壞,TRUE,refuse,return,remove,prefer,depend,affect,,,,
word-catalog-v1,CREATE_DRAFT,,,,,continue,continue,verb,A2,actions-events,繼續,,,,,,,,,,TRUE,殺死,保持,喊叫,修理,假設,報告,TRUE,identify,complete,recognise,develop,realise,destroy,,,,
word-catalog-v1,CREATE_DRAFT,,,,,point,point,verb,A2,actions-events,指向,,,,,,,,,,TRUE,存在,替換,破壞,設置,似乎,假設,TRUE,raise,greet,check,steal,print,enter,,,,
word-catalog-v1,CREATE_DRAFT,,,,,enter,enter,verb,A2,actions-events,進入,,,,,,,,,,TRUE,鎖上,控制,攜帶,攻擊,承諾,報告,TRUE,shake,react,break,fight,hurry,guide,,,,
word-catalog-v1,CREATE_DRAFT,,,,,refuse,refuse,verb,A2,actions-events,拒絕,,,,,,,,,,TRUE,編號,丟下,滑雪,重複,進入,反應,TRUE,affect,prefer,record,notice,matter,report,,,,
word-catalog-v1,CREATE_DRAFT,,,,,return,return,verb,A2,actions-events,返回,,,,,,,,,,TRUE,引起,煮沸,跟隨,推薦,搖動,連接,TRUE,reduce,affect,number,attend,expect,search,,,,
word-catalog-v1,CREATE_DRAFT,,,,,break,break,verb,A2,actions-events,打破,,,,,The ball broke the window.,球打破了窗戶。,,,,TRUE,挑選,發展,破壞,安排,編號,存在,TRUE,apply,hurry,check,allow,avoid,fight,,,,
word-catalog-v1,CREATE_DRAFT,,,,,take care,take care,phrase,A2,actions-events,保重,,,,,,,,,,TRUE,趕快,戰鬥,簽名,嘗試,攻擊,安排,TRUE,recognise,calm down,switch on,turn down,deal with,carry out,,,,
word-catalog-v1,CREATE_DRAFT,,,,,calculate,calculate,verb,A2,science-mathematics,計算,,,,,,,,,,TRUE,研究,減去,發明,發現,等於,數,TRUE,research,multiply,subtract,discover,number,focus,,,,
word-catalog-v1,CREATE_DRAFT,,,,,calculation,calculation,noun,A2,science-mathematics,計算,,,,,,,,,,TRUE,方法,符號,十億,發現,液體,數據,TRUE,mathematics,technology,minus sign,laboratory,discovery,plus sign,,,,
word-catalog-v1,CREATE_DRAFT,,,,,add up,add up,phrasal_verb,A2,science-mathematics,加起來,,,,,Add up the prices before you pay.,付款前把價錢加起來。,,,,TRUE,發現,研究,計算,減去,等於,乘,TRUE,invent,divide,number,count,equal,subtract,,,,
word-catalog-v1,CREATE_DRAFT,,,,,subtract,subtract,verb,A2,science-mathematics,減去,,,,,,,,,,TRUE,發明,等於,計算,乘,發現,研究,TRUE,research,multiply,discover,calculate,number,divide,,,,
word-catalog-v1,CREATE_DRAFT,,,,,multiply,multiply,verb,A2,science-mathematics,乘,,,,,,,,,,TRUE,減去,發現,除,數,研究,等於,TRUE,research,calculate,discover,subtract,equal,divide,,,,
word-catalog-v1,CREATE_DRAFT,,,,,divide,divide,verb,A2,science-mathematics,除,,,,,,,,,,TRUE,乘,減去,計算,數,發現,等於,TRUE,number,invent,subtract,focus,discover,multiply,,,,
word-catalog-v1,CREATE_DRAFT,,,,,count,count,verb,A2,science-mathematics,數,,,,,,,,,,TRUE,乘,發明,除,研究,發現,減去,TRUE,focus,equal,divide,invent,number,sign,,,,
word-catalog-v1,CREATE_DRAFT,,,,,count,count,noun,A2,science-mathematics,計數,,,,,,,,,,TRUE,十億,原子,技術,材料,氣體,減號,TRUE,sound,metal,focus,iron,total,reason,,,,
word-catalog-v1,CREATE_DRAFT,,,,,average,average,noun,A2,science-mathematics,平均數,平均|平均值,,,,The average of four and six is five.,四和六的平均數是五。,,,,TRUE,百分比,實驗室,減號,發動機,發現,專注,TRUE,million,plastic,billion,percent,reason,thousand,,,,
word-catalog-v1,CREATE_DRAFT,,,,,equal,equal,verb,A2,science-mathematics,等於,,,,,,,,,,TRUE,發明,計算,減去,研究,發現,乘,TRUE,count,invent,number,divide,focus,sign,,,,
word-catalog-v1,CREATE_DRAFT,,,,,figure,figure,noun,A2,science-mathematics,數字,,,,,The report contains several important figures.,報告載有幾個重要數字。,,,,TRUE,解答,計算,氣體,專注,運算,黃金,TRUE,oxygen,reason,method,silver,liquid,symbol,,,,
word-catalog-v1,CREATE_DRAFT,,,,,mathematics,mathematics,noun,A2,science-mathematics,數學,,,,,,,,,,TRUE,總和,計算,固體,原子,減號,計數,TRUE,minus sign,laboratory,calculation,technology,operation,plus sign,,,,
word-catalog-v1,CREATE_DRAFT,,,,,thousand,thousand,noun,A2,science-mathematics,千,,,,,,,,,,TRUE,符號,結果,銀,碳,固體,減號,TRUE,material,research,example,million,inventor,discovery,,,,
word-catalog-v1,CREATE_DRAFT,,,,,million,million,noun,A2,science-mathematics,百萬,,,,,,,,,,TRUE,數字,總數,計數,方法,液體,材料,TRUE,carbon,method,thousand,average,engine,inventor,,,,
word-catalog-v1,CREATE_DRAFT,,,,,billion,billion,noun,A2,science-mathematics,十億,,,,,,,,,,TRUE,計算,石頭,數學,解答,塑膠,例子,TRUE,example,percent,plastic,reason,solution,million,,,,
word-catalog-v1,CREATE_DRAFT,,,,,minus sign,minus sign,noun,A2,science-mathematics,減號,,,,,,,,,,TRUE,金屬,黃金,數學,原因,石頭,液體,TRUE,laboratory,calculation,plus sign,technology,operation,discovery,,,,
word-catalog-v1,CREATE_DRAFT,,,,,plus sign,plus sign,noun,A2,science-mathematics,加號,,,,,,,,,,TRUE,發現,十億,專注,數據,黃金,固體,TRUE,operation,solution,inventor,research,laboratory,minus sign,,,,
word-catalog-v1,CREATE_DRAFT,,,,,negative,negative,adjective,A2,science-mathematics,負的,,,,,,,,,,TRUE,電的,正的,真實的,化學的,甜的,更好,TRUE,positive,electric,chemical,average,silver,gold,,,,
word-catalog-v1,CREATE_DRAFT,,,,,positive,positive,adjective,A2,science-mathematics,正的,,,,,,,,,,TRUE,電的,化學的,真實的,負的,空的,緊的,TRUE,negative,chemical,average,electric,silver,real,,,,
word-catalog-v1,CREATE_DRAFT,,,,,number,number,noun,A2,science-mathematics,數字,,,,,Seven is an odd number.,七是一個奇數。,,,,TRUE,數學,計數,黃金,工具,技術,液體,TRUE,result,symbol,silver,reason,engine,oxygen,,,,
word-catalog-v1,CREATE_DRAFT,,,,,operation,operation,noun,A2,science-mathematics,運算,,,,,,,,,,TRUE,原子,數據,加號,解答,百萬,結果,TRUE,discovery,laboratory,minus sign,inventor,research,plus sign,,,,
word-catalog-v1,CREATE_DRAFT,,,,,sign,sign,noun,A2,science-mathematics,符號,,,,,A plus sign means addition.,加號代表加法。,,,,TRUE,金屬,塑膠,氧氣,技術,計算,方法,TRUE,fact,atom,iron,count,gold,sound,,,,
word-catalog-v1,CREATE_DRAFT,,,,,symbol,symbol,noun,A2,science-mathematics,符號,,,,,,,,,,TRUE,例子,材料,固體,計算,氣體,事實,TRUE,result,reason,method,engine,oxygen,figure,,,,
word-catalog-v1,CREATE_DRAFT,,,,,solution,solution,noun,A2,science-mathematics,解答,,,,,,,,,,TRUE,計算,工具,發現,氧氣,石頭,黃金,TRUE,thousand,research,material,inventor,example,average,,,,
word-catalog-v1,CREATE_DRAFT,,,,,sum,sum,noun,A2,science-mathematics,總和,,,,,,,,,,TRUE,總數,方法,原子,例子,結果,技術,TRUE,gas,iron,tool,count,data,solid,,,,
word-catalog-v1,CREATE_DRAFT,,,,,total,total,noun,A2,science-mathematics,總數,,,,,,,,,,TRUE,專注,原因,氧氣,十億,百萬,加號,TRUE,metal,focus,atom,gold,stone,method,,,,
word-catalog-v1,CREATE_DRAFT,,,,,percent,percent,noun,A2,science-mathematics,百分比,,,,,,,,,,TRUE,發明家,平均數,實驗室,原子,計算,工具,TRUE,billion,average,solution,liquid,plastic,million,,,,
word-catalog-v1,CREATE_DRAFT,,,,,atom,atom,noun,A2,science-mathematics,原子,,,,,,,,,,TRUE,塑膠,解答,例子,石頭,總和,計算,TRUE,iron,data,sum,gas,fact,focus,,,,
word-catalog-v1,CREATE_DRAFT,,,,,chemical,chemical,adjective,A2,science-mathematics,化學的,,,,,,,,,,TRUE,真實的,負的,正的,電的,善良的,空閒的,TRUE,electric,positive,average,negative,silver,gold,,,,
word-catalog-v1,CREATE_DRAFT,,,,,gas,gas,noun,A2,science-mathematics,氣體,,,,,,,,,,TRUE,氧氣,原因,黃金,總數,結果,發現,TRUE,iron,sum,sign,tool,gold,data,,,,
word-catalog-v1,CREATE_DRAFT,,,,,liquid,liquid,noun,A2,science-mathematics,液體,,,,,,,,,,TRUE,例子,減號,方法,氣體,計算,數據,TRUE,oxygen,result,engine,carbon,symbol,figure,,,,
word-catalog-v1,CREATE_DRAFT,,,,,solid,solid,noun,A2,science-mathematics,固體,,,,,,,,,,TRUE,黃金,數學,塑膠,氣體,總數,加號,TRUE,sound,oxygen,atom,total,metal,focus,,,,
word-catalog-v1,CREATE_DRAFT,,,,,material,material,noun,A2,science-mathematics,材料,,,,,,,,,,TRUE,聲音,例子,原子,氣體,工具,總和,TRUE,research,thousand,inventor,plastic,solution,percent,,,,
word-catalog-v1,CREATE_DRAFT,,,,,electric,electric,adjective,A2,science-mathematics,電的,,,,,,,,,,TRUE,負的,正的,化學的,真實的,圓的,害怕,TRUE,negative,chemical,positive,average,silver,real,,,,
word-catalog-v1,CREATE_DRAFT,,,,,real,real,adjective,A2,science-mathematics,真實的,,,,,,,,,,TRUE,負的,化學的,電的,正的,嚴重的,確定的,TRUE,gold,silver,average,negative,chemical,positive,,,,
word-catalog-v1,CREATE_DRAFT,,,,,metal,metal,noun,A2,science-mathematics,金屬,,,,,,,,,,TRUE,運算,例子,計數,計算,減號,材料,TRUE,total,focus,count,solid,engine,carbon,,,,
word-catalog-v1,CREATE_DRAFT,,,,,plastic,plastic,noun,A2,science-mathematics,塑膠,,,,,,,,,,TRUE,計數,方法,黃金,聲音,材料,固體,TRUE,million,reason,number,silver,oxygen,solution,,,,
word-catalog-v1,CREATE_DRAFT,,,,,iron,iron,noun,A2,science-mathematics,鐵,,,,,The gate is made of iron.,大門由鐵製成。,,,,TRUE,銀,碳,例子,原因,氧氣,材料,TRUE,gold,fact,tool,total,gas,sum,,,,
word-catalog-v1,CREATE_DRAFT,,,,,gold,gold,noun,A2,science-mathematics,黃金,,,,,,,,,,TRUE,數學,結果,百萬,解答,十億,數據,TRUE,tool,data,sound,fact,stone,count,,,,
word-catalog-v1,CREATE_DRAFT,,,,,silver,silver,noun,A2,science-mathematics,銀,,,,,,,,,,TRUE,鐵,數字,黃金,運算,技術,原因,TRUE,result,oxygen,engine,method,symbol,count,,,,
word-catalog-v1,CREATE_DRAFT,,,,,carbon,carbon,noun,A2,science-mathematics,碳,,,,,,,,,,TRUE,數據,發現,銀,總和,千,原子,TRUE,reason,method,liquid,number,focus,metal,,,,
word-catalog-v1,CREATE_DRAFT,,,,,oxygen,oxygen,noun,A2,science-mathematics,氧氣,,,,,,,,,,TRUE,數據,氣體,材料,原因,聲音,加號,TRUE,symbol,figure,reason,silver,engine,count,,,,
word-catalog-v1,CREATE_DRAFT,,,,,stone,stone,noun,A2,science-mathematics,石頭,,,,,,,,,,TRUE,數學,金屬,事實,氧氣,工具,結果,TRUE,solid,total,silver,symbol,sign,method,,,,
word-catalog-v1,CREATE_DRAFT,,,,,research,research,verb,A2,science-mathematics,研究,,,,,Students researched the topic online.,學生在網上研究這個課題。,,,,TRUE,發明,發現,等於,減去,數,計算,TRUE,subtract,multiply,discover,calculate,number,divide,,,,
word-catalog-v1,CREATE_DRAFT,,,,,method,method,noun,A2,science-mathematics,方法,,,,,,,,,,TRUE,加號,工具,塑膠,十億,百萬,原子,TRUE,reason,result,number,carbon,engine,figure,,,,
word-catalog-v1,CREATE_DRAFT,,,,,example,example,noun,A2,science-mathematics,例子,,,,,,,,,,TRUE,方法,材料,十億,原子,發現,技術,TRUE,average,plastic,million,liquid,number,thousand,,,,
word-catalog-v1,CREATE_DRAFT,,,,,invent,invent,verb,A2,science-mathematics,發明,,,,,,,,,,TRUE,發現,除,研究,數,計算,減去,TRUE,number,divide,equal,count,focus,research,,,,
word-catalog-v1,CREATE_DRAFT,,,,,inventor,inventor,noun,A2,science-mathematics,發明家,,,,,,,,,,TRUE,發動機,原因,百萬,液體,數據,原子,TRUE,thousand,solution,research,percent,material,example,,,,
word-catalog-v1,CREATE_DRAFT,,,,,discover,discover,verb,A2,science-mathematics,發現,,,,,,,,,,TRUE,計算,等於,減去,發明,乘,研究,TRUE,multiply,research,calculate,subtract,invent,divide,,,,
word-catalog-v1,CREATE_DRAFT,,,,,discovery,discovery,noun,A2,science-mathematics,發現,,,,,,,,,,TRUE,工具,結果,例子,數據,總和,技術,TRUE,plus sign,operation,technology,solution,inventor,calculation,,,,
word-catalog-v1,CREATE_DRAFT,,,,,tool,tool,noun,A2,science-mathematics,工具,,,,,,,,,,TRUE,加號,計算,氣體,塑膠,液體,發現,TRUE,gold,sum,fact,atom,sound,data,,,,
word-catalog-v1,CREATE_DRAFT,,,,,fact,fact,noun,A2,science-mathematics,事實,,,,,,,,,,TRUE,工具,聲音,數字,運算,總和,技術,TRUE,sign,iron,atom,focus,gold,gas,,,,
word-catalog-v1,CREATE_DRAFT,,,,,reason,reason,noun,A2,science-mathematics,原因,,,,,,,,,,TRUE,運算,塑膠,黃金,數學,加號,計算,TRUE,number,silver,oxygen,figure,solid,engine,,,,
word-catalog-v1,CREATE_DRAFT,,,,,technology,technology,noun,A2,science-mathematics,技術,,,,,,,,,,TRUE,原因,液體,總數,事實,結果,黃金,TRUE,laboratory,calculation,discovery,mathematics,minus sign,research,,,,
word-catalog-v1,CREATE_DRAFT,,,,,data,data,noun,A2,science-mathematics,數據,,,,,,,,,,TRUE,技術,結果,材料,黃金,原因,事實,TRUE,fact,tool,atom,iron,count,sign,,,,
word-catalog-v1,CREATE_DRAFT,,,,,focus,focus,noun,A2,science-mathematics,專注,,,,,,,,,,TRUE,結果,原子,計數,計算,減號,石頭,TRUE,metal,stone,data,sign,total,carbon,,,,
word-catalog-v1,CREATE_DRAFT,,,,,engine,engine,noun,A2,science-mathematics,發動機,,,,,,,,,,TRUE,實驗室,百分比,金屬,數學,氧氣,例子,TRUE,silver,reason,liquid,result,carbon,number,,,,
word-catalog-v1,CREATE_DRAFT,,,,,sound,sound,noun,A2,science-mathematics,聲音,,,,,,,,,,TRUE,黃金,計數,石頭,氧氣,技術,方法,TRUE,metal,solid,total,stone,count,engine,,,,
word-catalog-v1,CREATE_DRAFT,,,,,laboratory,laboratory,noun,A2,science-mathematics,實驗室,,,,,,,,,,TRUE,符號,金屬,發現,總和,液體,發明家,TRUE,minus sign,discovery,mathematics,plus sign,technology,calculation,,,,
word-catalog-v1,CREATE_DRAFT,,,,,result,result,noun,A2,science-mathematics,結果,,,,,,,,,,TRUE,原子,材料,數字,專注,計數,氧氣,TRUE,liquid,method,figure,reason,silver,oxygen,,,,
word-catalog-v1,CREATE_DRAFT,,,,,act,act,verb,A2,actions-events,行動,,,,,,,,,,TRUE,主演,推薦,比較,跟隨,表現,問候,TRUE,ski,pick,sign,dry,kill,race,,,,
word-catalog-v1,CREATE_DRAFT,,,,,affect,affect,verb,A2,actions-events,影響,,,,,,,,,,TRUE,發展,引起,完成,比較,期待,提供,TRUE,follow,expect,remove,refuse,depend,behave,,,,
word-catalog-v1,CREATE_DRAFT,,,,,apply,apply,verb,A2,actions-events,申請,,,,,,,,,,TRUE,回答,燃燒,跟隨,記錄,表達,行動,TRUE,steal,carry,avoid,enter,guide,light,,,,
word-catalog-v1,CREATE_DRAFT,,,,,arrange,arrange,verb,A2,actions-events,安排,,,,,,,,,,TRUE,擁有,喊叫,重複,問候,滑雪,提到,TRUE,connect,collect,express,present,improve,provide,,,,
word-catalog-v1,CREATE_DRAFT,,,,,avoid,avoid,verb,A2,actions-events,避免,,,,,,,,,,TRUE,引導,引起,回答,組織,攜帶,替換,TRUE,carry,point,fight,cause,allow,shake,,,,
word-catalog-v1,CREATE_DRAFT,,,,,beat,beat,verb,A2,actions-events,打敗,,,,,,,,,,TRUE,承諾,丟下,攻擊,發現,鎖上,喊叫,TRUE,star,race,push,pick,text,mark,,,,
word-catalog-v1,CREATE_DRAFT,,,,,behave,behave,verb,A2,actions-events,表現,,,,,,,,,,TRUE,滑雪,煮沸,參加,返回,發現,拯救,TRUE,remove,prefer,number,matter,return,expect,,,,
word-catalog-v1,CREATE_DRAFT,,,,,boil,boil,verb,A2,actions-events,煮沸,,,,,,,,,,TRUE,發現,關閉,滑雪,舉起,提供,表現,TRUE,wait,mean,name,text,save,link,,,,
word-catalog-v1,CREATE_DRAFT,,,,,burn,burn,verb,A2,actions-events,燃燒,,,,,,,,,,TRUE,行動,嘗試,消失,標記,保留,跟隨,TRUE,link,kill,mean,hold,sign,lift,,,,
word-catalog-v1,CREATE_DRAFT,,,,,cause,cause,verb,A2,actions-events,引起,,,,,,,,,,TRUE,保持,上升,期待,存在,趕快,打印,TRUE,greet,apply,exist,react,shout,guide,,,,
word-catalog-v1,CREATE_DRAFT,,,,,collect,collect,verb,A2,actions-events,收集,,,,,,,,,,TRUE,丟下,泊車,修理,指向,拒絕,比較,TRUE,express,suppose,control,present,arrange,realise,,,,
word-catalog-v1,CREATE_DRAFT,,,,,connect,connect,verb,A2,actions-events,連接,,,,,,,,,,TRUE,打包,握住,保持,進入,表現,移除,TRUE,collect,arrange,realise,suppose,mention,control,,,,
word-catalog-v1,CREATE_DRAFT,,,,,control,control,verb,A2,actions-events,控制,,,,,,,,,,TRUE,回答,拯救,允許,主演,打破,申請,TRUE,replace,compare,express,provide,destroy,realise,,,,
word-catalog-v1,CREATE_DRAFT,,,,,cover,cover,verb,A2,actions-events,覆蓋,,,,,,,,,,TRUE,組織,表現,比較,反應,消失,擦乾,TRUE,react,shake,shout,guide,avoid,allow,,,,
word-catalog-v1,CREATE_DRAFT,,,,,depend,depend,verb,A2,actions-events,取決於,,,,,,,,,,TRUE,發短訊,更喜歡,意識到,趕快,避免,推薦,TRUE,reduce,search,notice,remove,affect,refuse,,,,
word-catalog-v1,CREATE_DRAFT,,,,,destroy,destroy,verb,A2,actions-events,破壞,,,,,,,,,,TRUE,安排,覆蓋,拒絕,趕快,介意,表現,TRUE,replace,respond,present,connect,improve,express,,,,
word-catalog-v1,CREATE_DRAFT,,,,,develop,develop,verb,A2,actions-events,發展,,,,,,,,,,TRUE,指向,殺死,戰鬥,消失,允許,跟隨,TRUE,arrange,connect,respond,control,improve,replace,,,,
word-catalog-v1,CREATE_DRAFT,,,,,dry,dry,verb,A2,actions-events,擦乾,,,,,,,,,,TRUE,進入,修理,安排,拯救,存在,燃燒,TRUE,fix,try,save,tie,beat,lead,,,,
word-catalog-v1,CREATE_DRAFT,,,,,exist,exist,verb,A2,actions-events,存在,,,,,,,,,,TRUE,改善,認出,打印,保持,引導,滑雪,TRUE,greet,break,knock,cover,react,fight,,,,
word-catalog-v1,CREATE_DRAFT,,,,,expect,expect,verb,A2,actions-events,期待,,,,,,,,,,TRUE,戰鬥,檢查,攻擊,標記,報告,編號,TRUE,matter,return,behave,prefer,reduce,refuse,,,,
word-catalog-v1,CREATE_DRAFT,,,,,express,express,verb,A2,actions-events,表達,,,,,,,,,,TRUE,存在,移除,編號,繼續,等待,關閉,TRUE,mention,replace,collect,compare,connect,provide,,,,
word-catalog-v1,CREATE_DRAFT,,,,,fight,fight,verb,A2,actions-events,戰鬥,,,,,,,,,,TRUE,拍照,報告,標記,舉起,擁有,打敗,TRUE,greet,carry,enter,react,cover,allow,,,,
word-catalog-v1,CREATE_DRAFT,,,,,fix,fix,verb,A2,actions-events,修理,,,,,,,,,,TRUE,喊叫,贈送,攜帶,允許,期待,跟隨,TRUE,try,own,set,dry,sail,act,,,,
word-catalog-v1,CREATE_DRAFT,,,,,greet,greet,verb,A2,actions-events,問候,,,,,,,,,,TRUE,期待,組織,戰鬥,認出,拍照,引導,TRUE,point,carry,enter,allow,shake,fight,,,,
word-catalog-v1,CREATE_DRAFT,,,,,carry out,carry out,phrasal_verb,A2,actions-events,執行,,,,,The class carried out a science experiment.,全班進行了一項科學實驗。,,,,TRUE,查找,長大,返回,關閉,調高,出去,TRUE,turn down,switch on,get back,deal with,calm down,slow down,,,,
word-catalog-v1,CREATE_DRAFT,,,,,look for,look for,phrasal_verb,A2,actions-events,尋找,,,,,I am looking for my keys.,我正在尋找鎖匙。,,,,TRUE,趕快,打開,登上,上車,長大,執行,TRUE,hurry up,put down,get back,slow down,pick up,look up,,,,
word-catalog-v1,CREATE_DRAFT,,,,,disappear,disappear,verb,A2,actions-events,消失,,,,,,,,,,TRUE,檢查,避免,完成,標記,提到,握住,TRUE,recognise,recommend,identify,complete,continue,replace,,,,
word-catalog-v1,CREATE_DRAFT,,,,,name,name,verb,A2,actions-events,命名,,,,,,,,,,TRUE,滑雪,關閉,航行,申請,允許,引導,TRUE,push,shut,pick,boil,drop,sail,,,,
word-catalog-v1,CREATE_DRAFT,,,,,raise,raise,verb,A2,actions-events,舉起,,,,,Raise your hand if you know the answer.,知道答案便舉手。,,,,TRUE,承諾,返回,關閉,握住,控制,減少,TRUE,knock,guide,apply,enter,break,point,,,,
word-catalog-v1,CREATE_DRAFT,,,,,react,react,verb,A2,actions-events,反應,,,,,,,,,,TRUE,簽名,認出,推薦,控制,編號,標記,TRUE,cover,avoid,knock,apply,print,allow,,,,
word-catalog-v1,CREATE_DRAFT,,,,,realise,realise,verb,A2,actions-events,意識到,,,,,,,realize,,,TRUE,取決於,發短訊,記錄,回答,期待,返回,TRUE,replace,improve,express,control,promise,develop,,,,
word-catalog-v1,CREATE_DRAFT,,,,,recognise,recognise,verb,A2,actions-events,認出,,,,,,,recognize,,,TRUE,泊車,打印,挑選,鎖上,完成,申請,TRUE,disappear,recommend,complete,photograph,continue,organise,,,,
word-catalog-v1,CREATE_DRAFT,,,,,recommend,recommend,verb,A2,actions-events,推薦,,,,,,,,,,TRUE,比較,行動,嘗試,介意,打敗,記錄,TRUE,recognise,complete,photograph,organise,disappear,identify,,,,
word-catalog-v1,CREATE_DRAFT,,,,,record,record,verb,A2,actions-events,記錄,,,,,Please record the result carefully.,請仔細記錄結果。,,,,TRUE,編號,發展,避免,拯救,參加,拒絕,TRUE,return,expect,follow,report,notice,depend,,,,
word-catalog-v1,CREATE_DRAFT,,,,,remove,remove,verb,A2,actions-events,移除,,,,,,,,,,TRUE,跟隨,發現,重複,標記,編號,比較,TRUE,number,attend,notice,affect,search,behave,,,,
word-catalog-v1,CREATE_DRAFT,,,,,replace,replace,verb,A2,actions-events,替換,,,,,,,,,,TRUE,認出,控制,比較,主演,假設,行動,TRUE,realise,mention,respond,develop,connect,compare,,,,
word-catalog-v1,CREATE_DRAFT,,,,,report,report,verb,A2,actions-events,報告,,,,,,,,,,TRUE,連接,點燃,承諾,問候,控制,改善,TRUE,attend,notice,search,attack,control,greet,,,,
word-catalog-v1,CREATE_DRAFT,,,,,respond,respond,verb,A2,actions-events,回答,,,,,,,,reply,,TRUE,假設,燃燒,繼續,介意,破壞,改善,TRUE,realise,suppose,provide,arrange,compare,present,,,,
word-catalog-v1,CREATE_DRAFT,,,,,rise,rise,verb,A2,actions-events,上升,,,,,,,,,,TRUE,允許,提到,移除,保持,申請,挑選,TRUE,mean,text,park,pack,sign,star,,,,
word-catalog-v1,CREATE_DRAFT,,,,,sail,sail,verb,A2,actions-events,航行,,,,,,,,,,TRUE,消失,煮沸,覆蓋,燃燒,關閉,表現,TRUE,mind,save,keep,wait,pick,lift,,,,
word-catalog-v1,CREATE_DRAFT,,,,,save,save,verb,A2,actions-events,拯救,,,,,,,,,,TRUE,修理,減少,攻擊,殺死,進入,問候,TRUE,push,drop,mark,boil,mean,sign,,,,
word-catalog-v1,CREATE_DRAFT,,,,,seem,seem,verb,A2,actions-events,似乎,,,,,,,,,,TRUE,參加,行動,替換,消失,打包,握住,TRUE,mind,mean,boil,rise,pack,kill,,,,
word-catalog-v1,CREATE_DRAFT,,,,,shake,shake,verb,A2,actions-events,搖動,抖動,,,,,,,,,TRUE,消失,記錄,提供,引起,行動,保持,TRUE,carry,steal,cover,point,check,apply,,,,
word-catalog-v1,CREATE_DRAFT,,,,,shout,shout,verb,A2,actions-events,喊叫,,,,,,,,,,TRUE,繼續,贈送,發展,檢查,嘗試,擦乾,TRUE,raise,hurry,cover,check,shake,carry,,,,
word-catalog-v1,CREATE_DRAFT,,,,,sign,sign,verb,A2,actions-events,簽名,,,,,Please sign your name here.,請在這裡簽名。,,,,TRUE,嘗試,完成,握住,打敗,贈送,表達,TRUE,name,push,beat,kill,burn,link,,,,
word-catalog-v1,CREATE_DRAFT,,,,,ski,ski,verb,A2,actions-events,滑雪,,,,,,,,,,TRUE,破壞,替換,介意,擦乾,存在,報告,TRUE,try,dry,tie,own,pack,race,,,,
word-catalog-v1,CREATE_DRAFT,,,,,star,star,verb,A2,actions-events,主演,,,,,She will star in the school play.,她將主演學校話劇。,,,,TRUE,重複,檢查,表達,表現,擦乾,泊車,TRUE,burn,sign,mark,lead,race,hold,,,,
word-catalog-v1,CREATE_DRAFT,,,,,steal,steal,verb,A2,actions-events,偷,,,,,,,,,,TRUE,綁,引導,移除,記錄,攻擊,敲,TRUE,print,react,knock,enter,fight,apply,,,,
word-catalog-v1,CREATE_DRAFT,,,,,suppose,suppose,verb,A2,actions-events,假設,,,,,,,,,,TRUE,趕快,拯救,搖動,申請,拍照,繼續,TRUE,promise,arrange,compare,develop,destroy,collect,,,,
word-catalog-v1,CREATE_DRAFT,,,,,text,text,verb,A2,actions-events,發短訊,,,,,,,,,,TRUE,更喜歡,注意到,意識到,主演,贈送,意思是,TRUE,hold,wait,boil,push,shut,save,,,,
word-catalog-v1,CREATE_DRAFT,,,,,tie,tie,verb,A2,actions-events,綁,,,,,,,,,,TRUE,推,替換,控制,進入,反應,比較,TRUE,own,dry,fix,set,ski,try,,,,
word-catalog-v1,CREATE_DRAFT,,,,,notice,notice,verb,A2,actions-events,注意到,,,,,,,,,,TRUE,開玩笑,意思是,推薦,點燃,跟隨,關閉,TRUE,depend,number,reduce,attack,repeat,remove,,,,
word-catalog-v1,CREATE_DRAFT,,,,,attend,attend,verb,A2,actions-events,參加,,,,,,,,,,TRUE,允許,申請,表現,設置,介意,嘗試,TRUE,report,repeat,attack,reduce,prefer,depend,,,,
word-catalog-v1,CREATE_DRAFT,,,,,attack,attack,verb,A2,actions-events,攻擊,,,,,,,,,,TRUE,滑雪,搖動,保留,發現,組織,贈送,TRUE,attend,report,number,repeat,prefer,follow,,,,
word-catalog-v1,CREATE_DRAFT,,,,,provide,provide,verb,A2,actions-events,提供,,,,,,,,,,TRUE,表現,似乎,引導,贈送,泊車,組織,TRUE,mention,replace,control,present,develop,destroy,,,,
word-catalog-v1,CREATE_DRAFT,,,,,search,search,verb,A2,actions-events,搜尋,,,,,,,,,,TRUE,等待,燃燒,提供,挑選,回答,假設,TRUE,remove,behave,number,matter,affect,attend,,,,
word-catalog-v1,CREATE_DRAFT,,,,,keep,keep,verb,A2,actions-events,保持,,,,,,,,,,TRUE,鎖上,航行,簽名,跟隨,改善,攻擊,TRUE,beat,save,mind,wait,mark,sail,,,,
word-catalog-v1,CREATE_DRAFT,,,,,pull,pull,verb,A2,actions-events,拉,,,,,,,,,,TRUE,綁,偷,敲,推,改善,完成,TRUE,pick,text,joke,lead,park,race,,,,
word-catalog-v1,CREATE_DRAFT,,,,,push,push,verb,A2,actions-events,推,,,,,,,,,,TRUE,敲,偷,提供,表達,認出,標記,TRUE,pull,lead,park,pack,mark,sign,,,,
word-catalog-v1,CREATE_DRAFT,,,,,hold,hold,verb,A2,actions-events,握住,,,,,,,,,,TRUE,搖動,連接,檢查,提到,控制,移除,TRUE,mark,beat,shut,park,pick,race,,,,
word-catalog-v1,CREATE_DRAFT,,,,,identify,identify,verb,A2,actions-events,識別,,,,,,,,,,TRUE,進入,發現,擦乾,簽名,丟下,關閉,TRUE,control,complete,provide,present,organise,replace,,,,
word-catalog-v1,CREATE_DRAFT,,,,,joke,joke,verb,A2,actions-events,開玩笑,,,,,,,,,,TRUE,意思是,意識到,發短訊,更喜歡,舉起,記錄,TRUE,drop,star,shut,keep,boil,kill,,,,
word-catalog-v1,CREATE_DRAFT,,,,,knock,knock,verb,A2,actions-events,敲,,,,,,,,,,TRUE,推,拉,完成,行動,戰鬥,打包,TRUE,shake,allow,break,cause,print,guide,,,,
word-catalog-v1,CREATE_DRAFT,,,,,lead,lead,verb,A2,actions-events,引導,,,,,,,,,,TRUE,趕快,推薦,重複,提到,改善,發現,TRUE,lock,shut,beat,hold,park,sign,,,,
word-catalog-v1,CREATE_DRAFT,,,,,lift,lift,verb,A2,actions-events,舉起,,,,,,,,,,TRUE,行動,連接,設置,編號,打破,引起,TRUE,lead,mind,kill,keep,joke,sail,,,,
word-catalog-v1,CREATE_DRAFT,,,,,light,light,verb,A2,actions-events,點燃,,,,,She used a match to light the candle.,她用火柴點燃蠟燭。,,,,TRUE,參加,推薦,喊叫,攻擊,戰鬥,識別,TRUE,allow,print,point,react,raise,cover,,,,
word-catalog-v1,CREATE_DRAFT,,,,,link,link,verb,A2,actions-events,連接,,,,,,,,,,TRUE,打破,設置,搖動,簽名,檢查,打包,TRUE,sail,hold,mean,drop,mark,joke,,,,
word-catalog-v1,CREATE_DRAFT,,,,,lock,lock,verb,A2,actions-events,鎖上,,,,,,,,,,TRUE,報告,保持,破壞,泊車,移除,命名,TRUE,star,mark,kill,hold,mind,lift,,,,
word-catalog-v1,CREATE_DRAFT,,,,,mark,mark,verb,A2,actions-events,標記,,,,,,,,,,TRUE,簽名,承諾,消失,趕快,上升,影響,TRUE,seem,lift,shut,burn,push,wait,,,,
word-catalog-v1,CREATE_DRAFT,,,,,matter,matter,verb,A2,actions-events,重要,,,,,,,,,,TRUE,問候,打包,保留,連接,搖動,減少,TRUE,attack,follow,search,remove,behave,repeat,,,,
word-catalog-v1,CREATE_DRAFT,,,,,mention,mention,verb,A2,actions-events,提到,,,,,,,,,,TRUE,擦乾,替換,安排,趕快,泊車,破壞,TRUE,control,compare,connect,suppose,destroy,promise,,,,
word-catalog-v1,CREATE_DRAFT,,,,,mind,mind,verb,A2,actions-events,介意,,,,,Do you mind opening the window?,你介意打開窗戶嗎？,,,,TRUE,滑雪,參加,識別,提到,喊叫,挑選,TRUE,star,kill,shut,race,name,mean,,,,
word-catalog-v1,CREATE_DRAFT,,,,,number,number,verb,A2,actions-events,編號,,,,,,,,,,TRUE,標記,識別,引導,攻擊,檢查,影響,TRUE,reduce,follow,attack,remove,behave,prefer,,,,
word-catalog-v1,CREATE_DRAFT,,,,,organise,organise,verb,A2,actions-events,組織,,,,,,,organize,,,TRUE,打包,攻擊,保留,提到,避免,引起,TRUE,identify,continue,develop,improve,recognise,present,,,,
word-catalog-v1,CREATE_DRAFT,,,,,own,own,verb,A2,actions-events,擁有,,,,,,,,,,TRUE,繼續,趕快,引導,承諾,覆蓋,安排,TRUE,dry,ski,set,shut,fix,mark,,,,
word-catalog-v1,CREATE_DRAFT,,,,,pack,pack,verb,A2,actions-events,打包,,,,,,,,,,TRUE,消失,破壞,問候,航行,打印,完成,TRUE,joke,shut,link,lock,keep,sign,,,,
word-catalog-v1,CREATE_DRAFT,,,,,photograph,photograph,verb,A2,actions-events,拍照,,,,,,,,,,TRUE,跟隨,收集,編號,重要,發展,握住,TRUE,recommend,complete,recognise,disappear,control,provide,,,,
word-catalog-v1,CREATE_DRAFT,,,,,present,present,verb,A2,actions-events,贈送,,,,,They presented a prize to the winner.,他們向勝出者贈送獎品。,,,,TRUE,重複,命名,鎖上,反應,握住,允許,TRUE,improve,suppose,develop,express,connect,provide,,,,
word-catalog-v1,CREATE_DRAFT,,,,,print,print,verb,A2,actions-events,打印,,,,,,,,,,TRUE,挑選,申請,記錄,簽名,搖動,參加,TRUE,hurry,shout,exist,cause,knock,shake,,,,
word-catalog-v1,CREATE_DRAFT,,,,,promise,promise,verb,A2,actions-events,承諾,,,,,,,,,,TRUE,推薦,移除,簽名,打印,替換,假設,TRUE,present,develop,realise,collect,arrange,connect,,,,
word-catalog-v1,CREATE_DRAFT,,,,,race,race,verb,A2,actions-events,參加速度比賽,,,,,,,,,,TRUE,意識到,更喜歡,取決於,意思是,回答,假設,TRUE,text,wait,lock,mind,drop,joke,,,,
word-catalog-v1,CREATE_DRAFT,,,,,shut,shut,verb,A2,actions-events,關閉,,,,,,,,,,TRUE,丟下,消失,影響,搖動,返回,指向,TRUE,lift,mean,text,keep,beat,race,,,,
word-catalog-v1,CREATE_DRAFT,,,,,guide,guide,verb,A2,actions-events,引導,,,,,,,,,,TRUE,破壞,存在,打包,航行,重複,舉起,TRUE,enter,break,raise,check,print,carry,,,,
word-catalog-v1,CREATE_DRAFT,,,,,kill,kill,verb,A2,actions-events,殺死,,,,,,,,,,TRUE,消失,行動,煮沸,引起,趕快,贈送,TRUE,keep,sign,rise,link,mean,pull,,,,
word-catalog-v1,CREATE_DRAFT,,,,,set,set,verb,A2,actions-events,設置,,,,,,,,,,TRUE,修理,消失,改善,等待,簽名,反應,TRUE,fix,ski,try,tie,act,text,,,,
word-catalog-v1,CREATE_DRAFT,,,,,park,park,verb,A2,actions-events,泊車,,,,,,,,,,TRUE,行動,比較,消失,申請,允許,記錄,TRUE,race,lock,joke,push,hold,seem,,,,
word-catalog-v1,CREATE_DRAFT,,,,,everyone,everyone,pronoun,A2,function-words,每個人,,,,,,,,,,TRUE,沒有人,任何人,任何東西,某物,什麼都沒有,一切,TRUE,anything,nothing,no one,something,someone,anyone,,,,
word-catalog-v1,CREATE_DRAFT,,,,,everything,everything,pronoun,A2,function-words,一切,,,,,,,,,,TRUE,沒有,某人,其他,某物,沒有人,任何人,TRUE,something,everyone,anything,anyone,nothing,no one,,,,
word-catalog-v1,CREATE_DRAFT,,,,,everywhere,everywhere,adverb,A2,function-words,到處,,,,,,,,,,TRUE,一次,通常,終於,至少,可能,然後,TRUE,especially,carefully,actually,anywhere,at least,generally,,,,
word-catalog-v1,CREATE_DRAFT,,,,,someone,someone,pronoun,A2,function-words,某人,,,,,,,,,,TRUE,沒有,某物,其他,一切,每個人,任何人,TRUE,nothing,no one,everyone,anyone,something,other,,,,
word-catalog-v1,CREATE_DRAFT,,,,,something,something,pronoun,A2,function-words,某物,,,,,,,,,,TRUE,某人,其他,每個人,一切,沒有,任何人,TRUE,everyone,anything,everything,nothing,no one,someone,,,,
word-catalog-v1,CREATE_DRAFT,,,,,somewhere,somewhere,adverb,A2,function-words,某處,,,,,,,,,,TRUE,無處,仍然,通常,幾乎,裡面,到處,TRUE,carefully,at least,generally,probably,anywhere,nowhere,,,,
word-catalog-v1,CREATE_DRAFT,,,,,no one,no one,pronoun,A2,function-words,沒有人,,,,,,,,,,TRUE,任何人,某物,每個人,一切,其他,什麼都沒有,TRUE,anyone,nothing,other,none,someone,something,,,,
word-catalog-v1,CREATE_DRAFT,,,,,nothing,nothing,pronoun,A2,function-words,什麼都沒有,,,,,,,,,,TRUE,每個人,任何東西,任何人,一切,沒有人,某物,TRUE,someone,no one,anyone,everyone,anything,something,,,,
word-catalog-v1,CREATE_DRAFT,,,,,nowhere,nowhere,adverb,A2,function-words,無處,,,,,,,,,,TRUE,終於,某處,一次,仍然,可能,幾乎,TRUE,at last,greatly,anytime,slowly,probably,anywhere,,,,
word-catalog-v1,CREATE_DRAFT,,,,,anyone,anyone,pronoun,A2,function-words,任何人,,,,,,,,,,TRUE,沒有人,每個人,某物,其他,某人,一切,TRUE,no one,other,nothing,anything,someone,everyone,,,,
word-catalog-v1,CREATE_DRAFT,,,,,anything,anything,pronoun,A2,function-words,任何東西,,,,,,,,,,TRUE,任何人,什麼都沒有,一切,每個人,某物,其他,TRUE,everyone,something,nothing,everything,no one,someone,,,,
word-catalog-v1,CREATE_DRAFT,,,,,anywhere,anywhere,adverb,A2,function-words,任何地方,,,,,,,,,,TRUE,快速地,容易地,慢慢地,實際上,確切地,大約,TRUE,probably,carefully,at least,exactly,somewhere,nowhere,,,,
word-catalog-v1,CREATE_DRAFT,,,,,other,other,pronoun,A2,function-words,其他,,,,,,,,,,TRUE,某人,一切,沒有,任何人,某物,每個人,TRUE,none,no one,anyone,nothing,someone,everyone,,,,
word-catalog-v1,CREATE_DRAFT,,,,,none,none,pronoun,A2,function-words,沒有,,,,,,,,,,TRUE,其他,某物,某人,一切,沒有人,每個人,TRUE,no one,other,someone,anyone,nothing,anything,,,,
word-catalog-v1,CREATE_DRAFT,,,,,either,either,determiner,A2,function-words,兩者中的任何一個,,,,,,,,,,TRUE,誰的,幾個,哪個,什麼都沒有,任何東西,任何人,TRUE,which,whose,several,anyone,no one,someone,,,,
word-catalog-v1,CREATE_DRAFT,,,,,several,several,determiner,A2,function-words,幾個,,,,,,,,,,TRUE,哪個,誰的,兩者中的任何一個,一切,沒有,某物,TRUE,either,which,whose,nothing,everyone,someone,,,,
word-catalog-v1,CREATE_DRAFT,,,,,whose,whose,determiner,A2,function-words,誰的,,,,,,,,,,TRUE,幾個,哪個,兩者中的任何一個,沒有,其他,某物,TRUE,which,either,several,other,no one,anyone,,,,
word-catalog-v1,CREATE_DRAFT,,,,,which,which,determiner,A2,function-words,哪個,,,,,,,,,,TRUE,誰的,幾個,兩者中的任何一個,一切,其他,每個人,TRUE,whose,either,several,other,anyone,none,,,,
