schema_version,requested_action,catalog_key,sense_key,record_revision,catalog_status,term,lemma,part_of_speech,level,category,definition_zh,accepted_answers_zh,prompt_en,prompt_zh,phonetic_ipa,example_en,example_zh,accepted_forms_en,synonyms_en,antonyms_en,enable_en_to_zh,distractor_zh_1,distractor_zh_2,distractor_zh_3,distractor_zh_4,distractor_zh_5,distractor_zh_6,enable_zh_to_en,distractor_en_1,distractor_en_2,distractor_en_3,distractor_en_4,distractor_en_5,distractor_en_6,source_reference,contributor_ref,change_note,retirement_reason
word-catalog-v1,CREATE_DRAFT,,,,,relation,relation,noun,B1,people-family,親戚,關係,,,,,,,,,TRUE,父親身份,友誼,母性,婚姻,新娘,新郎,FALSE,,,,,,,,,,
word-catalog-v1,CREATE_DRAFT,,,,,relationship,relationship,noun,B1,people-family,關係,,,,,,,,,,TRUE,友誼,親戚,母性,婚姻,配偶,岳母,FALSE,,,,,,,,,,
word-catalog-v1,CREATE_DRAFT,,,,,friendship,friendship,noun,B1,people-family,友誼,,,,,,,,,,TRUE,關係,親戚,母性,婚姻,新娘,岳父,TRUE,relationship,motherhood,relation,fatherhood,relative,marriage,,,,
word-catalog-v1,CREATE_DRAFT,,,,,motherhood,motherhood,noun,B1,people-family,母性,,,,,,,,,,TRUE,岳父母,關係,友誼,親戚,新郎,婚姻,TRUE,friendship,fatherhood,relationship,relative,bride,groom,,,,
word-catalog-v1,CREATE_DRAFT,,,,,fatherhood,fatherhood,noun,B1,people-family,父親身份,,,,,,,,,,TRUE,親戚,岳父母,關係,母性,配偶,嫂子,TRUE,motherhood,friendship,marriage,relative,spouse,bride,,,,
word-catalog-v1,CREATE_DRAFT,,,,,relative,relative,noun,B1,people-family,親戚,,,,,,,,,,FALSE,,,,,,,FALSE,,,,,,,,,,
word-catalog-v1,CREATE_DRAFT,,,,,marriage,marriage,noun,B1,people-family,婚姻,,,,,,,,,,TRUE,新娘,新郎,配偶,親戚,友誼,姐夫,TRUE,fatherhood,groom,motherhood,relation,spouse,friendship,,,,
word-catalog-v1,CREATE_DRAFT,,,,,unmarried,unmarried,adjective,B1,people-family,未婚的,,,,,,,,,,TRUE,已訂婚的,分居的,親密的,相關的,年長的,父母的,TRUE,engaged,separated,close,related,elderly,parental,,,,
word-catalog-v1,CREATE_DRAFT,,,,,engaged,engaged,adjective,B1,people-family,已訂婚的,,,,,,,,,,TRUE,未婚的,分居的,親密的,相關的,出生的,專業的,TRUE,unmarried,separated,close,related,born,senior,,,,
word-catalog-v1,CREATE_DRAFT,,,,,separated,separated,adjective,B1,people-family,分居的,,,,,,,,,,TRUE,未婚的,已訂婚的,親密的,相關的,商業的,財務的,TRUE,engaged,unmarried,close,related,professional,commercial,,,,
word-catalog-v1,CREATE_DRAFT,,,,,bride,bride,noun,B1,people-family,新娘,,,,,,,,,,TRUE,新郎,岳母,岳父,兒媳,配偶,嫂子,TRUE,mother-in-law,groom,father-in-law,spouse,sister-in-law,brother-in-law,,,,
word-catalog-v1,CREATE_DRAFT,,,,,groom,groom,noun,B1,people-family,新郎,,,,,,,,,,TRUE,新娘,女婿,岳母,姐夫,岳父,兒媳,FALSE,,,,,,,,,,
word-catalog-v1,CREATE_DRAFT,,,,,spouse,spouse,noun,B1,people-family,配偶,,,,,,,,,,TRUE,一代,嫂子,女婿,新郎,岳母,姐夫,TRUE,mother-in-law,bride,father-in-law,daughter-in-law,sister-in-law,son-in-law,,,,
word-catalog-v1,CREATE_DRAFT,,,,,single parent,single parent,noun,B1,people-family,單親,,,,,,,,,,TRUE,家譜,獨生子女,老年,中年,商業計劃,親戚,TRUE,only child,family tree,old age,middle age,business plan,flight attendant,,,,
word-catalog-v1,CREATE_DRAFT,,,,,only child,only child,noun,B1,people-family,獨生子女,,,,,,,,,,TRUE,單親,家譜,老年,中年,空乘人員,愛情生活,TRUE,single parent,family tree,old age,middle age,love letter,love life,,,,
word-catalog-v1,CREATE_DRAFT,,,,,family tree,family tree,noun,B1,people-family,家譜,,,,,,,,,,TRUE,單親,獨生子女,老年,中年,情書,盲約,TRUE,only child,single parent,old age,middle age,blind date,double date,,,,
word-catalog-v1,CREATE_DRAFT,,,,,mother-in-law,mother-in-law,noun,B1,people-family,岳母,,,,,,,,,,TRUE,岳父母,岳父,兒媳,一代,嫂子,女婿,TRUE,brother-in-law,parents-in-law,father-in-law,daughter-in-law,sister-in-law,generation,,,,
word-catalog-v1,CREATE_DRAFT,,,,,father-in-law,father-in-law,noun,B1,people-family,岳父,公公,,,,,,,,,TRUE,岳父母,岳母,姐夫,兒媳,一代,配偶,TRUE,mother-in-law,son-in-law,brother-in-law,parents-in-law,daughter-in-law,spouse,,,,
word-catalog-v1,CREATE_DRAFT,,,,,sister-in-law,sister-in-law,noun,B1,people-family,嫂子,,,,,,,,,,TRUE,女婿,岳父,姐夫,一代,配偶,婚姻,TRUE,son-in-law,father-in-law,brother-in-law,parents-in-law,groom,bride,,,,
word-catalog-v1,CREATE_DRAFT,,,,,brother-in-law,brother-in-law,noun,B1,people-family,姐夫,,,,,,,,,,TRUE,嫂子,兒媳,女婿,岳母,父親身份,關係,TRUE,sister-in-law,daughter-in-law,son-in-law,parents-in-law,marriage,groom,,,,
word-catalog-v1,CREATE_DRAFT,,,,,daughter-in-law,daughter-in-law,noun,B1,people-family,兒媳,,,,,,,,,,TRUE,一代,姐夫,女婿,岳父母,新娘,母性,TRUE,brother-in-law,son-in-law,mother-in-law,sister-in-law,generation,marriage,,,,
word-catalog-v1,CREATE_DRAFT,,,,,son-in-law,son-in-law,noun,B1,people-family,女婿,,,,,,,,,,TRUE,兒媳,一代,嫂子,姐夫,新娘,婚姻,TRUE,daughter-in-law,parents-in-law,father-in-law,mother-in-law,groom,relative,,,,
word-catalog-v1,CREATE_DRAFT,,,,,parents-in-law,parents-in-law,noun,B1,people-family,岳父母,公婆,,,,,,,,,TRUE,岳父,岳母,母性,父親身份,女婿,一代,FALSE,,,,,,,,,,
word-catalog-v1,CREATE_DRAFT,,,,,generation,generation,noun,B1,people-family,一代,,,,,,,,,,TRUE,岳父母,兒媳,女婿,姐夫,新郎,友誼,TRUE,parents-in-law,son-in-law,daughter-in-law,father-in-law,fatherhood,relationship,,,,
word-catalog-v1,CREATE_DRAFT,,,,,abandon,abandon,verb,B1,people-family,拋棄,,,,,,,,,,FALSE,,,,,,,FALSE,,,,,,,,,,
word-catalog-v1,CREATE_DRAFT,,,,,bring up,bring up,phrasal_verb,B1,people-family,撫養,,,,,,,,,,TRUE,拋棄,欺騙,分開,退學,認真用功讀書,到達,FALSE,,,,,,,,,,
word-catalog-v1,CREATE_DRAFT,,,,,cheat,cheat,verb,B1,people-family,欺騙,,,,,,,,,,FALSE,,,,,,,FALSE,,,,,,,,,,
word-catalog-v1,CREATE_DRAFT,,,,,leave,leave,verb,B1,people-family,拋棄,,,,,,,,,,TRUE,欺騙,分開,變老,出口,進口,晉升,FALSE,,,,,,,,,,
word-catalog-v1,CREATE_DRAFT,,,,,separate,separate,verb,B1,people-family,分開,,,,,,,,,,TRUE,拋棄,欺騙,變老,投資,交易,出口,FALSE,,,,,,,,,,
word-catalog-v1,CREATE_DRAFT,,,,,close,close,adjective,B1,people-family,親密的,緊密的,,,,,,,,,FALSE,,,,,,,FALSE,,,,,,,,,,
word-catalog-v1,CREATE_DRAFT,,,,,related,related,adjective,B1,people-family,相關的,,,,,,,,,,TRUE,親密的,分居的,未婚的,已訂婚的,失業的,合格的,FALSE,,,,,,,,,,
word-catalog-v1,CREATE_DRAFT,,,,,alligator,alligator,noun,B1,animals-plants,鱷魚,,,,,,,,,,TRUE,金魚,章魚,鮭魚,螞蟻,蝙蝠,老鼠,FALSE,,,,,,,,,,
word-catalog-v1,CREATE_DRAFT,,,,,ant,ant,noun,B1,animals-plants,螞蟻,,,,,,,,,,TRUE,鱷魚,蝙蝠,烏龜,老鼠,公牛,狼,TRUE,alligator,bat,rat,wolf,turtle,goldfish,,,,
word-catalog-v1,CREATE_DRAFT,,,,,bat,bat,noun,B1,animals-plants,蝙蝠,,,,,,,,,,TRUE,螞蟻,鱷魚,烏龜,老鼠,金魚,黑猩猩,TRUE,ant,rat,alligator,wolf,bull,chimpanzee,,,,
word-catalog-v1,CREATE_DRAFT,,,,,rat,rat,noun,B1,animals-plants,老鼠,,,,,,,,,,TRUE,袋鼠,蝙蝠,公牛,螞蟻,烏龜,金魚,FALSE,,,,,,,,,,
word-catalog-v1,CREATE_DRAFT,,,,,wolf,wolf,noun,B1,animals-plants,狼,,,,,,,,,,TRUE,驢,公雞,公牛,老鼠,烏龜,長頸鹿,TRUE,turtle,bat,goldfish,donkey,ant,bull,,,,
word-catalog-v1,CREATE_DRAFT,,,,,turtle,turtle,noun,B1,animals-plants,烏龜,,,,,,,,,,TRUE,烏鴉,狼,蝸牛,金魚,公雞,黑猩猩,FALSE,,,,,,,,,,
word-catalog-v1,CREATE_DRAFT,,,,,goldfish,goldfish,noun,B1,animals-plants,金魚,,,,,,,,,,TRUE,鱷魚,章魚,鮭魚,大猩猩,蜥蜴,公牛,TRUE,giraffe,chimpanzee,gorilla,donkey,rooster,turtle,,,,
word-catalog-v1,CREATE_DRAFT,,,,,bull,bull,noun,B1,animals-plants,公牛,,,,,,,,,,TRUE,蝸牛,公雞,驢,袋鼠,長頸鹿,黑猩猩,TRUE,giraffe,kangaroo,goldfish,chimpanzee,gorilla,snail,,,,
word-catalog-v1,CREATE_DRAFT,,,,,chimpanzee,chimpanzee,noun,B1,animals-plants,黑猩猩,,,,,,,,,,TRUE,大猩猩,長頸鹿,眼鏡蛇,蜥蜴,驢,袋鼠,TRUE,bull,donkey,rooster,lizard,giraffe,kangaroo,,,,
word-catalog-v1,CREATE_DRAFT,,,,,donkey,donkey,noun,B1,animals-plants,驢,,,,,,,,,,TRUE,狼,龍蝦,蝸牛,天鵝,公雞,大猩猩,TRUE,gorilla,snail,octopus,rooster,lizard,salmon,,,,
word-catalog-v1,CREATE_DRAFT,,,,,giraffe,giraffe,noun,B1,animals-plants,長頸鹿,,,,,,,,,,TRUE,大猩猩,黑猩猩,眼鏡蛇,蜥蜴,龍蝦,浣熊,TRUE,kangaroo,lobster,donkey,gorilla,snail,octopus,,,,
word-catalog-v1,CREATE_DRAFT,,,,,gorilla,gorilla,noun,B1,animals-plants,大猩猩,,,,,,,,,,TRUE,黑猩猩,長頸鹿,袋鼠,章魚,眼鏡蛇,天鵝,TRUE,swan,giraffe,rooster,lizard,salmon,cobra,,,,
word-catalog-v1,CREATE_DRAFT,,,,,rooster,rooster,noun,B1,animals-plants,公雞,,,,,,,,,,TRUE,火雞,公牛,蝸牛,斑馬,蜥蜴,鮭魚,TRUE,kangaroo,lobster,raccoon,snail,swan,zebra,,,,
word-catalog-v1,CREATE_DRAFT,,,,,kangaroo,kangaroo,noun,B1,animals-plants,袋鼠,,,,,,,,,,TRUE,老鼠,海豹,龍蝦,浣熊,豪豬,公雞,TRUE,octopus,lizard,salmon,cobra,seal,lobster,,,,
word-catalog-v1,CREATE_DRAFT,,,,,snail,snail,noun,B1,animals-plants,蝸牛,,,,,,,,,,TRUE,公牛,章魚,天鵝,斑馬,袋鼠,蜥蜴,TRUE,raccoon,porcupine,octopus,swan,zebra,turkey,,,,
word-catalog-v1,CREATE_DRAFT,,,,,lizard,lizard,noun,B1,animals-plants,蜥蜴,,,,,,,,,,TRUE,鮭魚,海豹,蝸牛,龍蝦,浣熊,章魚,TRUE,salmon,cobra,seal,goose,snail,raccoon,,,,
word-catalog-v1,CREATE_DRAFT,,,,,guinea pig,guinea pig,noun,B1,animals-plants,豚鼠,,,,,,,,,,TRUE,牛鯊,袋鼠,老鼠,熱浪,酸雨,山脈,TRUE,bull shark,heat wave,acid rain,mountain range,sea level,national park,,,,
word-catalog-v1,CREATE_DRAFT,,,,,octopus,octopus,noun,B1,animals-plants,章魚,,,,,,,,,,TRUE,鮭魚,金魚,鱷魚,豪豬,天鵝,斑馬,TRUE,lobster,porcupine,crow,swan,zebra,pigeon,,,,
word-catalog-v1,CREATE_DRAFT,,,,,salmon,salmon,noun,B1,animals-plants,鮭魚,,,,,,,,,,TRUE,章魚,金魚,鱷魚,火雞,鴿子,海豹,TRUE,turkey,cobra,seal,goose,cricket,octopus,,,,
word-catalog-v1,CREATE_DRAFT,,,,,lobster,lobster,noun,B1,animals-plants,龍蝦,,,,,,,,,,TRUE,蟋蟀,浣熊,豪豬,烏鴉,生物,鵝,TRUE,raccoon,porcupine,crow,creature,salmon,swan,,,,
word-catalog-v1,CREATE_DRAFT,,,,,swan,swan,noun,B1,animals-plants,天鵝,,,,,,,,,,TRUE,鵝,斑馬,火雞,鴿子,龍蝦,海豹,TRUE,zebra,turkey,pigeon,lobster,cobra,seal,,,,
word-catalog-v1,CREATE_DRAFT,,,,,cobra,cobra,noun,B1,animals-plants,眼鏡蛇,,,,,,,,,,TRUE,蟋蟀,陷阱,天鵝,浣熊,豪豬,斑馬,TRUE,goose,cricket,trap,raccoon,porcupine,crow,,,,
word-catalog-v1,CREATE_DRAFT,,,,,raccoon,raccoon,noun,B1,animals-plants,浣熊,,,,,,,,,,TRUE,烏鴉,生物,火雞,鴿子,貝類,海豹,TRUE,creature,zebra,turkey,pigeon,shellfish,goose,,,,
word-catalog-v1,CREATE_DRAFT,,,,,zebra,zebra,noun,B1,animals-plants,斑馬,,,,,,,,,,TRUE,蟋蟀,陷阱,豪豬,烏鴉,火雞,眼鏡蛇,TRUE,seal,cricket,trap,porcupine,creature,turkey,,,,
word-catalog-v1,CREATE_DRAFT,,,,,seal,seal,noun,B1,animals-plants,海豹,,,,,,,,,,TRUE,生物,鵝,鴿子,貝類,蟋蟀,陷阱,TRUE,crow,pigeon,shellfish,goose,cricket,cobra,,,,
word-catalog-v1,CREATE_DRAFT,,,,,porcupine,porcupine,noun,B1,animals-plants,豪豬,,,,,,,,,,TRUE,烏鴉,鵝,生物,海豹,斑馬,陷阱,TRUE,trap,crow,creature,seal,pigeon,shellfish,,,,
word-catalog-v1,CREATE_DRAFT,,,,,turkey,turkey,noun,B1,animals-plants,火雞,,,,,,,,,,TRUE,公雞,鴿子,貝類,豪豬,蟋蟀,烏鴉,TRUE,porcupine,goose,cricket,creature,zebra,swan,,,,
word-catalog-v1,CREATE_DRAFT,,,,,goose,goose,noun,B1,animals-plants,鵝,,,,,,,,,,TRUE,天鵝,火雞,生物,鴿子,蟋蟀,豪豬,TRUE,trap,turkey,crow,pigeon,cricket,zebra,,,,
word-catalog-v1,CREATE_DRAFT,,,,,crow,crow,noun,B1,animals-plants,烏鴉,,,,,,,,,,TRUE,烏龜,貝類,鵝,陷阱,火雞,浣熊,TRUE,shellfish,trap,creature,goose,cricket,lobster,,,,
word-catalog-v1,CREATE_DRAFT,,,,,pigeon,pigeon,noun,B1,animals-plants,鴿子,,,,,,,,,,TRUE,生物,貝類,烏鴉,蟋蟀,斑馬,眼鏡蛇,TRUE,shellfish,crow,trap,turkey,porcupine,cobra,,,,
word-catalog-v1,CREATE_DRAFT,,,,,cricket,cricket,noun,B1,animals-plants,蟋蟀,,,,,,,,,,TRUE,陷阱,鴿子,生物,烏鴉,豪豬,龍蝦,TRUE,pigeon,creature,shellfish,raccoon,porcupine,lizard,,,,
word-catalog-v1,CREATE_DRAFT,,,,,creature,creature,noun,B1,animals-plants,生物,,,,,,,,,,TRUE,貝類,陷阱,蟋蟀,海豹,火雞,鮭魚,FALSE,,,,,,,,,,
word-catalog-v1,CREATE_DRAFT,,,,,bite,bite,verb,B1,animals-plants,咬,,,,,,,,,,TRUE,傾瀉,氾濫,落下,升起,凍結,融化,TRUE,pour,flood,set,rise,freeze,melt,,,,
word-catalog-v1,CREATE_DRAFT,,,,,trap,trap,noun,B1,animals-plants,陷阱,,,,,,,,,,TRUE,貝類,生物,鴿子,浣熊,斑馬,天鵝,TRUE,shellfish,creature,cricket,pigeon,salmon,swan,,,,
word-catalog-v1,CREATE_DRAFT,,,,,bull shark,bull shark,noun,B1,animals-plants,牛鯊,,,,,,,,,,TRUE,豚鼠,蝸牛,公牛,熱浪,酸雨,山脈,TRUE,guinea pig,bull,fossil fuel,atomic energy,carbon footprint,carbon dioxide,,,,
word-catalog-v1,CREATE_DRAFT,,,,,shellfish,shellfish,noun,B1,animals-plants,貝類,,,,,,,,,,TRUE,陷阱,鵝,生物,火雞,眼鏡蛇,龍蝦,TRUE,trap,creature,crow,cricket,octopus,kangaroo,,,,
word-catalog-v1,CREATE_DRAFT,,,,,palace,palace,noun,B1,home-household,宮殿,,,,,,,,,,TRUE,小屋,工作室,臺階,壁爐,煙囪,車道,TRUE,cabin,studio,step,fireplace,chimney,driveway,,,,
word-catalog-v1,CREATE_DRAFT,,,,,cabin,cabin,noun,B1,home-household,小屋,,,,,,,,,,TRUE,宮殿,工作室,臺階,壁爐,走廊,走道,FALSE,,,,,,,,,,
word-catalog-v1,CREATE_DRAFT,,,,,studio,studio,noun,B1,home-household,工作室,,,,,,,,,,TRUE,儲藏室,小屋,宮殿,排水管,煙囪,臺階,TRUE,palace,cabin,step,fireplace,corridor,drain,,,,
word-catalog-v1,CREATE_DRAFT,,,,,guest house,guest house,noun,B1,home-household,客房,,,,,,,,,,TRUE,家庭房,公寓樓,鄉村別墅,後門,前門,游泳池,FALSE,,,,,,,,,,
word-catalog-v1,CREATE_DRAFT,,,,,apartment building,apartment building,noun,B1,home-household,公寓樓,,,,,,,,,,TRUE,客房,鄉村別墅,家庭房,後門,壓力鍋,沙發床,TRUE,guest house,country house,back door,front door,family room,guest room,,,,
word-catalog-v1,CREATE_DRAFT,,,,,country house,country house,noun,B1,home-household,鄉村別墅,,,,,,,,,,TRUE,公寓樓,客房,家庭房,前門,抽油煙機,垃圾處理器,TRUE,guest house,apartment building,back door,front door,swimming pool,bed sheet,,,,
word-catalog-v1,CREATE_DRAFT,,,,,step,step,noun,B1,home-household,臺階,,,,,,,,,,TRUE,車道,壁爐,走廊,煙囪,走道,排水管,TRUE,chimney,driveway,walkway,fireplace,corridor,drain,,,,
word-catalog-v1,CREATE_DRAFT,,,,,fireplace,fireplace,noun,B1,home-household,壁爐,,,,,,,,,,TRUE,車道,走廊,臺階,煙囪,書房,宮殿,TRUE,step,chimney,driveway,walkway,palace,storeroom,,,,
word-catalog-v1,CREATE_DRAFT,,,,,chimney,chimney,noun,B1,home-household,煙囪,,,,,,,,,,TRUE,壁爐,車道,走道,架子,小屋,門廊,TRUE,corridor,drain,studio,fireplace,study,storeroom,,,,
word-catalog-v1,CREATE_DRAFT,,,,,driveway,driveway,noun,B1,home-household,車道,,,,,,,,,,TRUE,走道,走廊,排水管,書房,居民,架子,TRUE,walkway,chimney,corridor,shelf,step,porch,,,,
word-catalog-v1,CREATE_DRAFT,,,,,corridor,corridor,noun,B1,home-household,走廊,,,,,,,,,,TRUE,走道,門廊,車道,住宿,煙囪,儲藏室,FALSE,,,,,,,,,,
word-catalog-v1,CREATE_DRAFT,,,,,drain,drain,noun,B1,home-household,排水管,,,,,,,,,,TRUE,儲藏室,工作室,走廊,租金,書房,居民,TRUE,walkway,driveway,study,resident,storeroom,shelf,,,,
word-catalog-v1,CREATE_DRAFT,,,,,walkway,walkway,noun,B1,home-household,走道,,,,,,,,,,TRUE,走廊,車道,排水管,架子,住宿,門廊,TRUE,drain,accommodations,porch,rent,study,resident,,,,
word-catalog-v1,CREATE_DRAFT,,,,,back door,back door,noun,B1,home-household,後門,,,,,,,,,,TRUE,前門,客房,游泳池,家庭房,床單,直髮器,TRUE,front door,family room,guest room,swimming pool,apartment building,kitchen hood,,,,
word-catalog-v1,CREATE_DRAFT,,,,,front door,front door,noun,B1,home-household,前門,,,,,,,,,,TRUE,後門,客房,游泳池,家庭房,抽油煙機,食物處理器,TRUE,back door,family room,guest room,swimming pool,garbage disposal,pressure cooker,,,,
word-catalog-v1,CREATE_DRAFT,,,,,family room,family room,noun,B1,home-household,家庭房,,,,,,,,,,TRUE,客房,游泳池,前門,後門,壓力鍋,垃圾處理器,TRUE,guest room,front door,back door,swimming pool,food processor,sofa bed,,,,
word-catalog-v1,CREATE_DRAFT,,,,,guest room,guest room,noun,B1,home-household,客房,,,,,,,,,,TRUE,家庭房,前門,後門,床單,沙發床,抽油煙機,FALSE,,,,,,,,,,
word-catalog-v1,CREATE_DRAFT,,,,,storeroom,storeroom,noun,B1,home-household,儲藏室,,,,,,,,,,TRUE,工作室,租金,書房,架子,住宿,門廊,TRUE,shelf,accommodations,porch,rent,walkway,driveway,,,,
word-catalog-v1,CREATE_DRAFT,,,,,swimming pool,swimming pool,noun,B1,home-household,游泳池,,,,,,,,,,TRUE,公寓樓,家庭房,客房,鄉村別墅,直髮器,食物處理器,TRUE,family room,guest room,front door,hair straighteners,bed sheet,garbage disposal,,,,
word-catalog-v1,CREATE_DRAFT,,,,,study,study,noun,B1,home-household,書房,,,,,,,,,,TRUE,居民,租金,架子,住宿,儲藏室,走道,TRUE,resident,shelf,accommodations,storeroom,porch,corridor,,,,
word-catalog-v1,CREATE_DRAFT,,,,,shelf,shelf,noun,B1,home-household,架子,,,,,,,,,,TRUE,居民,書房,門廊,租金,壁爐,排水管,TRUE,study,rent,resident,storeroom,chimney,studio,,,,
word-catalog-v1,CREATE_DRAFT,,,,,porch,porch,noun,B1,home-household,門廊,,,,,,,,,,TRUE,走廊,居民,住宿,租金,臺階,煙囪,TRUE,accommodations,rent,shelf,resident,fireplace,cabin,,,,
word-catalog-v1,CREATE_DRAFT,,,,,resident,resident,noun,B1,home-household,居民,,,,,,,,,,TRUE,門廊,住宿,架子,儲藏室,壁爐,臺階,TRUE,porch,accommodations,rent,storeroom,step,palace,,,,
word-catalog-v1,CREATE_DRAFT,,,,,accommodations,accommodations,noun,B1,home-household,住宿,,,,,,,,,,TRUE,居民,租金,書房,架子,小屋,車道,FALSE,,,,,,,,,,
word-catalog-v1,CREATE_DRAFT,,,,,rent,rent,noun,B1,home-household,租金,,,,,,,,,,FALSE,,,,,,,TRUE,accommodations,resident,study,shelf,chimney,step,,,,
word-catalog-v1,CREATE_DRAFT,,,,,rent,rent,verb,B1,home-household,出租,,,,,,,,,,FALSE,,,,,,,TRUE,install,quit,type,delete,drag,scroll,,,,
word-catalog-v1,CREATE_DRAFT,,,,,export,export,verb,B1,work-business,出口,,,,,,,,,,TRUE,進口,晉升,投資,交易,面試,管理,FALSE,,,,,,,,,,
word-catalog-v1,CREATE_DRAFT,,,,,import,import,verb,B1,work-business,進口,,,,,,,,,,TRUE,出口,晉升,投資,交易,收費,退回,TRUE,export,promote,invest,trade,interview,manage,,,,
word-catalog-v1,CREATE_DRAFT,,,,,promote,promote,verb,B1,work-business,晉升,,,,,,,,,,FALSE,,,,,,,TRUE,import,invest,export,trade,afford,charge,,,,
word-catalog-v1,CREATE_DRAFT,,,,,invest,invest,verb,B1,work-business,投資,,,,,,,,,,TRUE,進口,晉升,交易,出口,捐贈,屬於,FALSE,,,,,,,,,,
word-catalog-v1,CREATE_DRAFT,,,,,trade,trade,verb,B1,work-business,交易,,,,,,,,,,TRUE,投資,進口,面試,出口,收費,捐贈,FALSE,,,,,,,,,,
word-catalog-v1,CREATE_DRAFT,,,,,office,office,noun,B1,work-business,辦公室,,,,,,,,,,TRUE,公司,提議,職業,協議,合同,競爭,TRUE,deal,offer,profession,career,occupation,agreement,,,,
word-catalog-v1,CREATE_DRAFT,,,,,deal,deal,noun,B1,work-business,交易,,,,,,,,,,FALSE,,,,,,,FALSE,,,,,,,,,,
word-catalog-v1,CREATE_DRAFT,,,,,offer,offer,noun,B1,work-business,提議,,,,,,,,,,TRUE,協議,職業,辦公室,合同,機會,失業,TRUE,office,deal,profession,career,contract,competition,,,,
word-catalog-v1,CREATE_DRAFT,,,,,profession,profession,noun,B1,work-business,職業,,,,,,,,,,TRUE,失業,自由職業者,提議,協議,合同,物資,FALSE,,,,,,,,,,
word-catalog-v1,CREATE_DRAFT,,,,,career,career,noun,B1,work-business,職業,,,,,,,,,,TRUE,失業,自由職業者,提議,競爭,機會,辦公室,FALSE,,,,,,,,,,
word-catalog-v1,CREATE_DRAFT,,,,,occupation,occupation,noun,B1,work-business,職業,,,,,,,,,,TRUE,失業,自由職業者,協議,競爭,需求,服務,FALSE,,,,,,,,,,
word-catalog-v1,CREATE_DRAFT,,,,,agreement,agreement,noun,B1,work-business,協議,,,,,,,,,,TRUE,提議,職業,合同,機會,物資,需求,TRUE,occupation,contract,opportunity,offer,competition,career,,,,
word-catalog-v1,CREATE_DRAFT,,,,,contract,contract,noun,B1,work-business,合同,,,,,,,,,,TRUE,合夥人,職業,競爭,協議,機會,工廠,TRUE,agreement,opportunity,unemployment,occupation,competition,supply,,,,
word-catalog-v1,CREATE_DRAFT,,,,,business plan,business plan,noun,B1,work-business,商業計劃,,,,,,,,,,TRUE,空乘人員,獨生子女,家譜,單親,職業,失業,TRUE,flight attendant,family tree,only child,single parent,no way,in favor,,,,
word-catalog-v1,CREATE_DRAFT,,,,,interview,interview,verb,B1,work-business,面試,,,,,,,,,,FALSE,,,,,,,TRUE,promote,trade,import,invest,return,owe,,,,
word-catalog-v1,CREATE_DRAFT,,,,,competition,competition,noun,B1,work-business,競爭,,,,,,,,,,TRUE,服務,車間,物資,車庫,機會,需求,FALSE,,,,,,,,,,
word-catalog-v1,CREATE_DRAFT,,,,,opportunity,opportunity,noun,B1,work-business,機會,,,,,,,,,,TRUE,工廠,總部,礦,競爭,服務,車間,FALSE,,,,,,,,,,
word-catalog-v1,CREATE_DRAFT,,,,,professional,professional,adjective,B1,work-business,專業的,,,,,,,,,,TRUE,商業的,失業的,財務的,合格的,工作的,熟練的,TRUE,financial,commercial,unemployed,qualified,working,skilled,,,,
word-catalog-v1,CREATE_DRAFT,,,,,commercial,commercial,adjective,B1,work-business,商業的,,,,,,,,,,FALSE,,,,,,,TRUE,professional,financial,unemployed,qualified,inexpensive,related,,,,
word-catalog-v1,CREATE_DRAFT,,,,,unemployment,unemployment,noun,B1,work-business,失業,,,,,,,,,,TRUE,職業,自由職業者,物資,車庫,需求,工廠,TRUE,demand,service,supply,mine,plant,workshop,,,,
word-catalog-v1,CREATE_DRAFT,,,,,financial,financial,adjective,B1,work-business,財務的,,,,,,,,,,TRUE,專業的,商業的,失業的,合格的,實惠的,相關的,TRUE,commercial,professional,unemployed,qualified,close,separated,,,,
word-catalog-v1,CREATE_DRAFT,,,,,supply,supply,noun,B1,work-business,物資,,,,,,,,,,FALSE,,,,,,,TRUE,demand,unemployment,service,mine,garage,headquarters,,,,
word-catalog-v1,CREATE_DRAFT,,,,,demand,demand,noun,B1,work-business,需求,,,,,,,,,,TRUE,礦,總部,服務,車庫,團隊,消費者,FALSE,,,,,,,,,,
word-catalog-v1,CREATE_DRAFT,,,,,service,service,noun,B1,work-business,服務,,,,,,,,,,TRUE,車間,工廠,礦,資源,需求,車庫,TRUE,plant,workshop,demand,garage,consumer,headquarters,,,,
word-catalog-v1,CREATE_DRAFT,,,,,mine,mine,noun,B1,work-business,礦,,,,,,,,,,TRUE,總部,車間,團隊,服務,營銷,合夥人,TRUE,service,plant,partner,workshop,garage,crew,,,,
word-catalog-v1,CREATE_DRAFT,,,,,plant,plant,noun,B1,work-business,工廠,,,,,,,,,,TRUE,總部,消費者,車間,資源,車庫,公司,FALSE,,,,,,,,,,
word-catalog-v1,CREATE_DRAFT,,,,,workshop,workshop,noun,B1,work-business,車間,,,,,,,,,,TRUE,車庫,工廠,團隊,總部,營銷,資源,TRUE,consumer,mine,headquarters,partner,resource,plant,,,,
word-catalog-v1,CREATE_DRAFT,,,,,garage,garage,noun,B1,work-business,車庫,,,,,,,,,,TRUE,車間,消費者,合夥人,屠夫,團隊,公司,TRUE,consumer,crew,firm,workshop,headquarters,partner,,,,
word-catalog-v1,CREATE_DRAFT,,,,,headquarters,headquarters,noun,B1,work-business,總部,,,,,,,,,,TRUE,總裁,消費者,營銷,資源,合夥人,屠夫,TRUE,marketing,garage,resource,consumer,crew,firm,,,,
word-catalog-v1,CREATE_DRAFT,,,,,unemployed,unemployed,adjective,B1,work-business,失業的,,,,,,,,,,TRUE,專業的,商業的,合格的,工作的,丟失的,親密的,TRUE,qualified,working,skilled,professional,inexpensive,engaged,,,,
word-catalog-v1,CREATE_DRAFT,,,,,consumer,consumer,noun,B1,work-business,消費者,,,,,,,,,,TRUE,消防員,記者,自由職業者,理髮師,建築商,合夥人,TRUE,partner,marketing,barber,resource,butcher,crew,,,,
word-catalog-v1,CREATE_DRAFT,,,,,partner,partner,noun,B1,work-business,合夥人,,,,,,,,,,TRUE,僕人,合同,代理人,商人,理髮師,消費者,TRUE,firm,builder,marketing,barber,firefighter,consumer,,,,
word-catalog-v1,CREATE_DRAFT,,,,,qualified,qualified,adjective,B1,work-business,合格的,,,,,,,,,,TRUE,熟練的,失業的,工作的,專業的,實惠的,分居的,TRUE,unemployed,working,skilled,professional,related,unmarried,,,,
word-catalog-v1,CREATE_DRAFT,,,,,crew,crew,noun,B1,work-business,團隊,,,,,,,,,,TRUE,公司,園丁,營銷,警衛,資源,屠夫,TRUE,resource,butcher,mailman,firm,builder,gardener,,,,
word-catalog-v1,CREATE_DRAFT,,,,,manage,manage,verb,B1,work-business,管理,,,,,,,,,,FALSE,,,,,,,FALSE,,,,,,,,,,
word-catalog-v1,CREATE_DRAFT,,,,,resource,resource,noun,B1,work-business,資源,,,,,,,,,,TRUE,物資,裁縫,公司,園丁,郵遞員,水手,TRUE,marketing,barber,firefighter,guard,butcher,mailman,,,,
word-catalog-v1,CREATE_DRAFT,,,,,firm,firm,noun,B1,work-business,公司,,,,,,,,,,FALSE,,,,,,,FALSE,,,,,,,,,,
word-catalog-v1,CREATE_DRAFT,,,,,marketing,marketing,noun,B1,work-business,營銷,,,,,,,,,,TRUE,建築商,警衛,屠夫,理髮師,消防員,裁縫,TRUE,tailor,builder,gardener,sailor,barber,firefighter,,,,
word-catalog-v1,CREATE_DRAFT,,,,,working,working,adjective,B1,work-business,工作的,,,,,,,,,,TRUE,熟練的,合格的,失業的,專業的,未婚的,親密的,TRUE,skilled,qualified,unemployed,professional,disappointing,lost,,,,
word-catalog-v1,CREATE_DRAFT,,,,,skilled,skilled,adjective,B1,work-business,熟練的,,,,,,,,,,TRUE,工作的,合格的,失業的,專業的,已訂婚的,高薪的,FALSE,,,,,,,,,,
word-catalog-v1,CREATE_DRAFT,,,,,barber,barber,noun,B1,work-business,理髮師,,,,,,,,,,TRUE,攝影師,代理人,郵遞員,建築商,消防員,宇航員,FALSE,,,,,,,,,,
word-catalog-v1,CREATE_DRAFT,,,,,butcher,butcher,noun,B1,work-business,屠夫,,,,,,,,,,TRUE,保姆,園丁,水手,保鏢,警衛,裁縫,TRUE,guard,photographer,mailman,tailor,babysitter,builder,,,,
word-catalog-v1,CREATE_DRAFT,,,,,builder,builder,noun,B1,work-business,建築商,,,,,,,,,,TRUE,商人,郵遞員,消防員,攝影師,理髮師,保姆,TRUE,gardener,sailor,bodyguard,butcher,firefighter,guard,,,,
word-catalog-v1,CREATE_DRAFT,,,,,firefighter,firefighter,noun,B1,work-business,消防員,,,,,,,,,,TRUE,郵遞員,宇航員,運動員,技術員,程序員,消費者,TRUE,photographer,astronaut,mailman,tailor,agent,gardener,,,,
word-catalog-v1,CREATE_DRAFT,,,,,mailman,mailman,noun,B1,work-business,郵遞員,,,,,,,,,,TRUE,消防員,宇航員,運動員,技術員,建築商,園丁,TRUE,babysitter,sailor,bodyguard,reporter,guard,photographer,,,,
word-catalog-v1,CREATE_DRAFT,,,,,gardener,gardener,noun,B1,work-business,園丁,,,,,,,,,,TRUE,水手,保鏢,警衛,記者,僕人,法官,TRUE,astronaut,servant,tailor,babysitter,agent,housewife,,,,
word-catalog-v1,CREATE_DRAFT,,,,,guard,guard,noun,B1,work-business,警衛,,,,,,,,,,FALSE,,,,,,,TRUE,sailor,bodyguard,reporter,freelancer,astronaut,servant,,,,
word-catalog-v1,CREATE_DRAFT,,,,,tailor,tailor,noun,B1,work-business,裁縫,,,,,,,,,,TRUE,總裁,保姆,水手,保鏢,攝影師,記者,TRUE,photographer,judge,babysitter,agent,housewife,president,,,,
word-catalog-v1,CREATE_DRAFT,,,,,sailor,sailor,noun,B1,work-business,水手,,,,,,,,,,TRUE,裁縫,保姆,保鏢,顧問,僕人,法官,TRUE,bodyguard,reporter,freelancer,adviser,tailor,photographer,,,,
word-catalog-v1,CREATE_DRAFT,,,,,photographer,photographer,noun,B1,work-business,攝影師,,,,,,,,,,TRUE,理髮師,代理人,家庭主婦,宇航員,主管,郵遞員,TRUE,astronaut,servant,judge,director,sailor,babysitter,,,,
word-catalog-v1,CREATE_DRAFT,,,,,babysitter,babysitter,noun,B1,work-business,保姆,,,,,,,,,,TRUE,保鏢,翻譯,記者,顧問,水手,主管,TRUE,agent,housewife,president,translator,bodyguard,reporter,,,,
word-catalog-v1,CREATE_DRAFT,,,,,bodyguard,bodyguard,noun,B1,work-business,保鏢,,,,,,,,,,TRUE,保姆,僕人,法官,編輯,總裁,翻譯,TRUE,freelancer,adviser,sportsman,astronaut,servant,judge,,,,
word-catalog-v1,CREATE_DRAFT,,,,,astronaut,astronaut,noun,B1,work-business,宇航員,,,,,,,,,,TRUE,運動員,程序員,技術員,消防員,代理人,家庭主婦,FALSE,,,,,,,,,,
word-catalog-v1,CREATE_DRAFT,,,,,agent,agent,noun,B1,work-business,代理人,,,,,,,,,,TRUE,僕人,商人,理髮師,合夥人,宇航員,攝影師,TRUE,director,editor,housewife,president,translator,tutor,,,,
word-catalog-v1,CREATE_DRAFT,,,,,reporter,reporter,noun,B1,work-business,記者,,,,,,,,,,TRUE,消費者,自由職業者,家教,顧問,法官,主管,FALSE,,,,,,,,,,
word-catalog-v1,CREATE_DRAFT,,,,,servant,servant,noun,B1,work-business,僕人,,,,,,,,,,TRUE,商人,代理人,合夥人,編輯,記者,總裁,TRUE,freelancer,adviser,sportsman,trader,director,editor,,,,
word-catalog-v1,CREATE_DRAFT,,,,,housewife,housewife,noun,B1,work-business,家庭主婦,,,,,,,,,,TRUE,家教,主管,化學家,運動員,翻譯,顧問,TRUE,judge,technician,president,translator,tutor,programmer,,,,
word-catalog-v1,CREATE_DRAFT,,,,,freelancer,freelancer,noun,B1,work-business,自由職業者,,,,,,,,,,TRUE,職業,記者,家庭主婦,消費者,失業,法官,TRUE,adviser,sportsman,trader,housewife,judge,technician,,,,
word-catalog-v1,CREATE_DRAFT,,,,,judge,judge,noun,B1,work-business,法官,,,,,,,,,,TRUE,編輯,獸醫,總裁,翻譯,家教,秘書,TRUE,director,editor,veterinarian,freelancer,president,programmer,,,,
word-catalog-v1,CREATE_DRAFT,,,,,president,president,noun,B1,work-business,總裁,,,,,,,,,,FALSE,,,,,,,TRUE,translator,tutor,secretary,adviser,sportsman,trader,,,,
word-catalog-v1,CREATE_DRAFT,,,,,adviser,adviser,noun,B1,work-business,顧問,,,,,,,,,,TRUE,主管,編輯,獸醫,翻譯,法官,商人,TRUE,chemist,director,editor,technician,veterinarian,translator,,,,
word-catalog-v1,CREATE_DRAFT,,,,,director,director,noun,B1,work-business,主管,,,,,,,,,,TRUE,家庭主婦,顧問,家教,秘書,編輯,程序員,FALSE,,,,,,,,,,
word-catalog-v1,CREATE_DRAFT,,,,,translator,translator,noun,B1,work-business,翻譯,,,,,,,,,,TRUE,獸醫,家教,秘書,主管,顧問,技術員,FALSE,,,,,,,,,,
word-catalog-v1,CREATE_DRAFT,,,,,sportsman,sportsman,noun,B1,work-business,運動員,,,,,,,,,,TRUE,程序員,技術員,宇航員,消防員,化學家,翻譯,FALSE,,,,,,,,,,
word-catalog-v1,CREATE_DRAFT,,,,,editor,editor,noun,B1,work-business,編輯,,,,,,,,,,TRUE,獸醫,家教,秘書,商人,運動員,化學家,FALSE,,,,,,,,,,
word-catalog-v1,CREATE_DRAFT,,,,,tutor,tutor,noun,B1,work-business,家教,,,,,,,,,,TRUE,化學家,家庭主婦,編輯,獸醫,秘書,技術員,TRUE,programmer,secretary,trader,chemist,technician,veterinarian,,,,
word-catalog-v1,CREATE_DRAFT,,,,,trader,trader,noun,B1,work-business,商人,,,,,,,,,,TRUE,僕人,代理人,建築商,合夥人,程序員,家教,FALSE,,,,,,,,,,
word-catalog-v1,CREATE_DRAFT,,,,,technician,technician,noun,B1,work-business,技術員,,,,,,,,,,TRUE,程序員,運動員,宇航員,消防員,獸醫,商人,TRUE,programmer,secretary,tutor,chemist,editor,sportsman,,,,
word-catalog-v1,CREATE_DRAFT,,,,,programmer,programmer,noun,B1,work-business,程序員,,,,,,,,,,TRUE,技術員,運動員,宇航員,化學家,秘書,總裁,TRUE,veterinarian,secretary,technician,tutor,editor,adviser,,,,
word-catalog-v1,CREATE_DRAFT,,,,,flight attendant,flight attendant,noun,B1,work-business,空乘人員,,,,,,,,,,TRUE,商業計劃,獨生子女,家譜,單親,商人,程序員,TRUE,business plan,family tree,only child,single parent,old age,middle age,,,,
word-catalog-v1,CREATE_DRAFT,,,,,veterinarian,veterinarian,noun,B1,work-business,獸醫,,,,,,,,,,TRUE,秘書,化學家,編輯,家教,主管,法官,TRUE,chemist,secretary,programmer,translator,director,president,,,,
word-catalog-v1,CREATE_DRAFT,,,,,secretary,secretary,noun,B1,work-business,秘書,,,,,,,,,,TRUE,獸醫,化學家,翻譯,編輯,程序員,顧問,TRUE,veterinarian,chemist,trader,tutor,sportsman,director,,,,
word-catalog-v1,CREATE_DRAFT,,,,,chemist,chemist,noun,B1,work-business,化學家,,,,,,,,,,TRUE,家教,家庭主婦,技術員,秘書,運動員,翻譯,TRUE,secretary,veterinarian,programmer,tutor,translator,servant,,,,
word-catalog-v1,CREATE_DRAFT,,,,,trumpet,trumpet,noun,B1,arts-culture-media,小號,,,,,,,,,,TRUE,小提琴手,長笛,手風琴,大提琴,樂隊,單簧管,TRUE,accordion,cello,clarinet,flute,saxophone,band,,,,
word-catalog-v1,CREATE_DRAFT,,,,,accordion,accordion,noun,B1,arts-culture-media,手風琴,,,,,,,,,,TRUE,小提琴手,鼓手,大提琴,鋼琴家,麥克風,單簧管,TRUE,trumpet,cello,clarinet,flute,choir,conductor,,,,
word-catalog-v1,CREATE_DRAFT,,,,,cello,cello,noun,B1,arts-culture-media,大提琴,,,,,,,,,,TRUE,小提琴手,手風琴,鋼琴家,合唱團,小號,單簧管,TRUE,accordion,trumpet,saxophone,clarinet,performer,choir,,,,
word-catalog-v1,CREATE_DRAFT,,,,,clarinet,clarinet,noun,B1,arts-culture-media,單簧管,,,,,,,,,,TRUE,薩克斯管,表演者,大提琴,合唱團,手風琴,長笛,TRUE,band,cello,flute,pianist,conductor,violinist,,,,
word-catalog-v1,CREATE_DRAFT,,,,,flute,flute,noun,B1,arts-culture-media,長笛,,,,,,,,,,TRUE,指揮,樂隊,小號,專輯,磁帶,鼓手,TRUE,saxophone,band,performer,drummer,accordion,pianist,,,,
word-catalog-v1,CREATE_DRAFT,,,,,saxophone,saxophone,noun,B1,arts-culture-media,薩克斯管,,,,,,,,,,TRUE,單簧管,麥克風,表演者,合唱團,指揮,小提琴手,TRUE,choir,album,conductor,violinist,tape,flute,,,,
word-catalog-v1,CREATE_DRAFT,,,,,band,band,noun,B1,arts-culture-media,樂隊,,,,,,,,,,TRUE,長笛,指揮,專輯,副歌,磁帶,節拍,TRUE,performer,drummer,saxophone,choir,album,chorus,,,,
word-catalog-v1,CREATE_DRAFT,,,,,choir,choir,noun,B1,arts-culture-media,合唱團,,,,,,,,,,TRUE,表演者,鋼琴家,薩克斯管,樂隊,大提琴,指揮,FALSE,,,,,,,,,,
word-catalog-v1,CREATE_DRAFT,,,,,conductor,conductor,noun,B1,arts-culture-media,指揮,,,,,,,,,,TRUE,鼓手,歌詞,樂隊,專輯,副歌,節拍,FALSE,,,,,,,,,,
word-catalog-v1,CREATE_DRAFT,,,,,performer,performer,noun,B1,arts-culture-media,表演者,,,,,,,,,,TRUE,歌曲作者,鋼琴家,合唱團,薩克斯管,磁帶,耳機,TRUE,pianist,violinist,tape,beat,drummer,lyric,,,,
word-catalog-v1,CREATE_DRAFT,,,,,pianist,pianist,noun,B1,arts-culture-media,鋼琴家,,,,,,,,,,TRUE,手風琴,大提琴,小提琴手,表演者,鼓手,歌詞,TRUE,album,chorus,performer,violinist,tape,beat,,,,
word-catalog-v1,CREATE_DRAFT,,,,,violinist,violinist,noun,B1,arts-culture-media,小提琴手,,,,,,,,,,TRUE,手風琴,大提琴,鼓手,小號,鋼琴家,薩克斯管,TRUE,headphones,pianist,drummer,lyric,microphone,album,,,,
word-catalog-v1,CREATE_DRAFT,,,,,drummer,drummer,noun,B1,arts-culture-media,鼓手,,,,,,,,,,TRUE,手風琴,小提琴手,專輯,副歌,磁帶,耳機,TRUE,chorus,karaoke,tape,beat,headphones,lyric,,,,
word-catalog-v1,CREATE_DRAFT,,,,,album,album,noun,B1,arts-culture-media,專輯,,,,,,,,,,TRUE,節拍,歌詞,副歌,磁帶,耳機,麥克風,TRUE,microphone,songwriter,chorus,karaoke,drummer,tape,,,,
word-catalog-v1,CREATE_DRAFT,,,,,tape,tape,noun,B1,arts-culture-media,磁帶,,,,,,,,,,TRUE,節拍,專輯,歌詞,耳機,指揮,表演者,TRUE,beat,headphones,album,lyric,songwriter,violinist,,,,
word-catalog-v1,CREATE_DRAFT,,,,,publish,publish,verb,B1,arts-culture-media,發佈,,,,,,,,,,FALSE,,,,,,,FALSE,,,,,,,,,,
word-catalog-v1,CREATE_DRAFT,,,,,chorus,chorus,noun,B1,arts-culture-media,副歌,,,,,,,,,,TRUE,歌詞,歌曲作者,節拍,耳機,鼓手,長笛,TRUE,microphone,karaoke,beat,headphones,songwriter,conductor,,,,
word-catalog-v1,CREATE_DRAFT,,,,,beat,beat,noun,B1,arts-culture-media,節拍,,,,,,,,,,TRUE,副歌,歌詞,麥克風,專輯,歌曲作者,指揮,TRUE,chorus,lyric,microphone,karaoke,album,performer,,,,
word-catalog-v1,CREATE_DRAFT,,,,,lyric,lyric,noun,B1,arts-culture-media,歌詞,,,,,,,,,,TRUE,副歌,歌曲作者,節拍,耳機,專輯,鋼琴家,TRUE,headphones,microphone,songwriter,chorus,pianist,band,,,,
word-catalog-v1,CREATE_DRAFT,,,,,MP3 player,MP3 player,noun,B1,arts-culture-media,MP3播放器,,,,,,,,,,TRUE,唱片騎師,年輕的成人,電影製作人,建議專欄,藝術形式,平面藝術,TRUE,disc jockey,advice column,front page,soap opera,art form,graphic arts,,,,
word-catalog-v1,CREATE_DRAFT,,,,,headphones,headphones,noun,B1,arts-culture-media,耳機,,,,,,,,,,TRUE,麥克風,歌詞,節拍,歌曲作者,樂隊,合唱團,TRUE,karaoke,microphone,songwriter,lyric,violinist,pianist,,,,
word-catalog-v1,CREATE_DRAFT,,,,,microphone,microphone,noun,B1,arts-culture-media,麥克風,,,,,,,,,,TRUE,手風琴,薩克斯管,歌曲作者,耳機,副歌,表演者,TRUE,headphones,karaoke,songwriter,lyric,drummer,choir,,,,
word-catalog-v1,CREATE_DRAFT,,,,,karaoke,karaoke,noun,B1,arts-culture-media,卡拉OK,,,,,,,,,,TRUE,歌曲作者,麥克風,小提琴手,耳機,磁帶,表演者,TRUE,microphone,headphones,songwriter,tape,lyric,performer,,,,
word-catalog-v1,CREATE_DRAFT,,,,,disc jockey,disc jockey,noun,B1,arts-culture-media,唱片騎師,,,,,,,,,,TRUE,動作片,短篇小說,無聲電影,建議專欄,藝術形式,平面藝術,TRUE,MP3 player,fairy tale,short story,young adult,action movie,box office,,,,
word-catalog-v1,CREATE_DRAFT,,,,,songwriter,songwriter,noun,B1,arts-culture-media,歌曲作者,,,,,,,,,,TRUE,歌詞,副歌,表演者,麥克風,小提琴手,薩克斯管,TRUE,karaoke,beat,microphone,chorus,band,clarinet,,,,
word-catalog-v1,CREATE_DRAFT,,,,,bacon,bacon,noun,B1,food-drink,培根,,,,,,,,,,TRUE,翅膀,肋骨,兔子,肉丸,小牛肉,海鮮,TRUE,wing,veal,rib,rabbit,meatball,seafood,,,,
word-catalog-v1,CREATE_DRAFT,,,,,red meat,red meat,noun,B1,food-drink,紅肉,,,,,,,,,,TRUE,白肉,瑞士奶酪,藍紋奶酪,奶油奶酪,汽水,夏威夷果,TRUE,white meat,Swiss cheese,blue cheese,cream cheese,macadamia nut,soft drink,,,,
word-catalog-v1,CREATE_DRAFT,,,,,white meat,white meat,noun,B1,food-drink,白肉,,,,,,,,,,TRUE,紅肉,瑞士奶酪,藍紋奶酪,奶油奶酪,礦泉水,能量飲料,TRUE,red meat,Swiss cheese,blue cheese,cream cheese,mineral water,energy drink,,,,
word-catalog-v1,CREATE_DRAFT,,,,,wing,wing,noun,B1,food-drink,翅膀,,,,,,,,,,TRUE,培根,肋骨,兔子,蟹肉,肉丸,牡蠣,TRUE,bacon,veal,rib,rabbit,crab,oyster,,,,
word-catalog-v1,CREATE_DRAFT,,,,,veal,veal,noun,B1,food-drink,小牛肉,,,,,,,,,,TRUE,肉,蟹肉,肉丸,胸肉,大塊肉,翅膀,TRUE,wing,meatball,rib,bacon,joint,crab,,,,
word-catalog-v1,CREATE_DRAFT,,,,,rib,rib,noun,B1,food-drink,肋骨,,,,,,,,,,TRUE,海鮮,兔子,火腿,翅膀,培根,牡蠣,TRUE,seafood,veal,rabbit,ham,oyster,flesh,,,,
word-catalog-v1,CREATE_DRAFT,,,,,rabbit,rabbit,noun,B1,food-drink,兔子,,,,,,,,,,TRUE,鴨子,椰子,杏子,李子,橘子,栗子,TRUE,meatball,seafood,joint,duck,wing,ham,,,,
word-catalog-v1,CREATE_DRAFT,,,,,meatball,meatball,noun,B1,food-drink,肉丸,,,,,,,,,,TRUE,肉,蟹肉,胸肉,小牛肉,海鮮,肋骨,TRUE,crab,cut,oyster,flesh,breast,rabbit,,,,
word-catalog-v1,CREATE_DRAFT,,,,,seafood,seafood,noun,B1,food-drink,海鮮,,,,,,,,,,TRUE,火腿,牡蠣,鴨子,肉丸,蟹肉,大塊肉,TRUE,joint,duck,meatball,crab,cut,oyster,,,,
word-catalog-v1,CREATE_DRAFT,,,,,crab,crab,noun,B1,food-drink,蟹肉,,,,,,,,,,TRUE,肉,胸肉,肉丸,小牛肉,火腿,牡蠣,TRUE,ham,seafood,flesh,breast,Cheddar,joint,,,,
word-catalog-v1,CREATE_DRAFT,,,,,oyster,oyster,noun,B1,food-drink,牡蠣,,,,,,,,,,TRUE,塊,鴨子,海鮮,火腿,大塊肉,高達,TRUE,duck,ham,cut,Gouda,flesh,breast,,,,
word-catalog-v1,CREATE_DRAFT,,,,,joint,joint,noun,B1,food-drink,大塊肉,肉塊,,,,,,,,,TRUE,塊,肉,蟹肉,胸肉,切達乾酪,蛋黃,TRUE,Cheddar,yolk,duck,white,oyster,ham,,,,
word-catalog-v1,CREATE_DRAFT,,,,,ham,ham,noun,B1,food-drink,火腿,,,,,,,,,,TRUE,鴨子,蛋白,高達,塊,蛋黃,南瓜,TRUE,cut,Gouda,coconut,joint,flesh,Cheddar,,,,
word-catalog-v1,CREATE_DRAFT,,,,,flesh,flesh,noun,B1,food-drink,肉,,,,,,,,,,TRUE,胸肉,蟹肉,肉丸,小牛肉,塊,棗,FALSE,,,,,,,,,,
word-catalog-v1,CREATE_DRAFT,,,,,duck,duck,noun,B1,food-drink,鴨子,,,,,,,,,,TRUE,椰子,兔子,杏子,李子,蛋白,橄欖,TRUE,breast,yolk,pumpkin,white,olive,cut,,,,
word-catalog-v1,CREATE_DRAFT,,,,,cut,cut,noun,B1,food-drink,塊,,,,,,,,,,FALSE,,,,,,,FALSE,,,,,,,,,,
word-catalog-v1,CREATE_DRAFT,,,,,breast,breast,noun,B1,food-drink,胸肉,,,,,,,,,,TRUE,肉,蟹肉,肉丸,小牛肉,高達,蛋黃,TRUE,Gouda,coconut,date,Cheddar,yolk,pumpkin,,,,
word-catalog-v1,CREATE_DRAFT,,,,,Swiss cheese,Swiss cheese,noun,B1,food-drink,瑞士奶酪,,,,,,,,,,TRUE,奶油奶酪,藍紋奶酪,白肉,紅肉,水果沙拉,低脂飲食,TRUE,blue cheese,cream cheese,white meat,red meat,black pepper,bread roll,,,,
word-catalog-v1,CREATE_DRAFT,,,,,blue cheese,blue cheese,noun,B1,food-drink,藍紋奶酪,,,,,,,,,,TRUE,奶油奶酪,瑞士奶酪,白肉,紅肉,黑胡椒,麵包卷,TRUE,Swiss cheese,cream cheese,white meat,red meat,fruit salad,green bean,,,,
word-catalog-v1,CREATE_DRAFT,,,,,Cheddar,Cheddar,noun,B1,food-drink,切達乾酪,,,,,,,,,,TRUE,高達,無花果,南瓜,蛋白,橄欖,椰子,TRUE,fig,white,olive,apricot,Gouda,coconut,,,,
word-catalog-v1,CREATE_DRAFT,,,,,cream cheese,cream cheese,noun,B1,food-drink,奶油奶酪,,,,,,,,,,TRUE,藍紋奶酪,瑞士奶酪,夏威夷果,紅肉,水果沙拉,四季豆,TRUE,blue cheese,Swiss cheese,white meat,red meat,peanut butter,mashed potato,,,,
word-catalog-v1,CREATE_DRAFT,,,,,Gouda,Gouda,noun,B1,food-drink,高達,,,,,,,,,,TRUE,切達乾酪,蛋黃,南瓜,油桃,蛋白,橄欖,TRUE,date,plum,yolk,pumpkin,fig,nectarine,,,,
word-catalog-v1,CREATE_DRAFT,,,,,yolk,yolk,noun,B1,food-drink,蛋黃,,,,,,,,,,TRUE,蛋白,青檸,椰子,南瓜,棗,油桃,TRUE,white,olive,apricot,lime,date,plum,,,,
word-catalog-v1,CREATE_DRAFT,,,,,white,white,noun,B1,food-drink,蛋白,,,,,,,,,,TRUE,蛋黃,白蘭地,橘柚,橄欖,杏子,無花果,TRUE,coconut,tangerine,pumpkin,fig,nectarine,tangelo,,,,
word-catalog-v1,CREATE_DRAFT,,,,,coconut,coconut,noun,B1,food-drink,椰子,,,,,,,,,,TRUE,李子,橘子,杏子,兔子,青檸,櫻桃,TRUE,olive,apricot,lime,mandarin,tangerine,cherry,,,,
word-catalog-v1,CREATE_DRAFT,,,,,pumpkin,pumpkin,noun,B1,food-drink,南瓜,,,,,,,,,,TRUE,甜瓜,木瓜,哈密瓜,棗,油桃,橘柚,TRUE,date,plum,fig,tangelo,berry,coconut,,,,
word-catalog-v1,CREATE_DRAFT,,,,,olive,olive,noun,B1,food-drink,橄欖,,,,,,,,,,TRUE,漿果,無花果,青檸,南瓜,李子,橘子,TRUE,nectarine,apricot,lime,mandarin,cranberry,pumpkin,,,,
word-catalog-v1,CREATE_DRAFT,,,,,date,date,noun,B1,food-drink,棗,,,,,,,,,,TRUE,櫻桃,黑莓,橄欖,油桃,橘柚,漿果,TRUE,plum,tangerine,cherry,blackberry,olive,fig,,,,
word-catalog-v1,CREATE_DRAFT,,,,,fig,fig,noun,B1,food-drink,無花果,,,,,,,,,,TRUE,漿果,腰果,開心果,柑橘類水果,蔓越莓,哈密瓜,TRUE,nectarine,tangelo,berry,cantaloupe,date,apricot,,,,
word-catalog-v1,CREATE_DRAFT,,,,,apricot,apricot,noun,B1,food-drink,杏子,,,,,,,,,,TRUE,李子,橘子,椰子,兔子,黑莓,油桃,TRUE,lime,mandarin,cranberry,melon,plum,tangerine,,,,
word-catalog-v1,CREATE_DRAFT,,,,,plum,plum,noun,B1,food-drink,李子,,,,,,,,,,TRUE,杏子,橘子,栗子,兔子,橘柚,石榴,TRUE,cherry,blackberry,papaya,nectarine,tangelo,berry,,,,
word-catalog-v1,CREATE_DRAFT,,,,,nectarine,nectarine,noun,B1,food-drink,油桃,,,,,,,,,,TRUE,櫻桃,青檸,甜瓜,黑莓,蔓越莓,木瓜,TRUE,cantaloupe,pomegranate,lime,mandarin,cranberry,citrus,,,,
word-catalog-v1,CREATE_DRAFT,,,,,lime,lime,noun,B1,food-drink,青檸,,,,,,,,,,TRUE,檸檬水,櫻桃,橘柚,漿果,石榴,甜瓜,TRUE,melon,tangerine,cherry,blackberry,papaya,chestnut,,,,
word-catalog-v1,CREATE_DRAFT,,,,,tangerine,tangerine,noun,B1,food-drink,橘子,,,,,,,,,,TRUE,橘柚,李子,栗子,杏子,柑橘類水果,青檸,FALSE,,,,,,,,,,
word-catalog-v1,CREATE_DRAFT,,,,,tangelo,tangelo,noun,B1,food-drink,橘柚,,,,,,,,,,TRUE,橘子,柑橘類水果,櫻桃,黑莓,蔓越莓,漿果,TRUE,berry,cantaloupe,pomegranate,mandarin,melon,pistachio,,,,
word-catalog-v1,CREATE_DRAFT,,,,,mandarin,mandarin,noun,B1,food-drink,橘子,,,,,,,,,,FALSE,,,,,,,FALSE,,,,,,,,,,
word-catalog-v1,CREATE_DRAFT,,,,,cherry,cherry,noun,B1,food-drink,櫻桃,,,,,,,,,,TRUE,油桃,木瓜,石榴,飲料,甜瓜,黑莓,TRUE,cranberry,citrus,blackberry,papaya,chestnut,cashew,,,,
word-catalog-v1,CREATE_DRAFT,,,,,berry,berry,noun,B1,food-drink,漿果,,,,,,,,,,TRUE,腰果,開心果,無花果,柑橘類水果,木瓜,石榴,TRUE,cantaloupe,pomegranate,beverage,cherry,cranberry,melon,,,,
word-catalog-v1,CREATE_DRAFT,,,,,cranberry,cranberry,noun,B1,food-drink,蔓越莓,,,,,,,,,,TRUE,黑莓,哈密瓜,開心果,飲料,蘇打,甜瓜,TRUE,citrus,pistachio,berry,blackberry,papaya,cantaloupe,,,,
word-catalog-v1,CREATE_DRAFT,,,,,blackberry,blackberry,noun,B1,food-drink,黑莓,,,,,,,,,,TRUE,蔓越莓,哈密瓜,木瓜,栗子,腰果,石榴,TRUE,chestnut,cashew,pomegranate,beverage,soda,melon,,,,
word-catalog-v1,CREATE_DRAFT,,,,,cantaloupe,cantaloupe,noun,B1,food-drink,哈密瓜,,,,,,,,,,TRUE,甜瓜,木瓜,南瓜,蔓越莓,開心果,飲料,TRUE,citrus,pistachio,papaya,chestnut,pomegranate,beverage,,,,
word-catalog-v1,CREATE_DRAFT,,,,,melon,melon,noun,B1,food-drink,甜瓜,,,,,,,,,,TRUE,木瓜,南瓜,哈密瓜,蘇打,奶昔,冰沙,TRUE,cashew,soda,milkshake,citrus,pistachio,cantaloupe,,,,
word-catalog-v1,CREATE_DRAFT,,,,,papaya,papaya,noun,B1,food-drink,木瓜,,,,,,,,,,TRUE,甜瓜,南瓜,哈密瓜,栗子,腰果,飲料,TRUE,smoothie,chestnut,cashew,melon,lemonade,milkshake,,,,
word-catalog-v1,CREATE_DRAFT,,,,,pomegranate,pomegranate,noun,B1,food-drink,石榴,,,,,,,,,,TRUE,蘇打,奶昔,冰沙,栗子,拿鐵,腰果,TRUE,beverage,soda,papaya,citrus,espresso,smoothie,,,,
word-catalog-v1,CREATE_DRAFT,,,,,citrus,citrus,noun,B1,food-drink,柑橘類水果,,,,,,,,,,TRUE,開心果,腰果,檸檬水,漿果,橘子,橘柚,TRUE,pistachio,pomegranate,chestnut,latte,cashew,lemonade,,,,
word-catalog-v1,CREATE_DRAFT,,,,,chestnut,chestnut,noun,B1,food-drink,栗子,,,,,,,,,,TRUE,橘子,李子,杏子,可可,飲料,蘇打,TRUE,cocoa,beverage,soda,milkshake,espresso,pistachio,,,,
word-catalog-v1,CREATE_DRAFT,,,,,macadamia nut,macadamia nut,noun,B1,food-drink,夏威夷果,,,,,,,,,,TRUE,汽水,礦泉水,能量飲料,奶油奶酪,白肉,水果沙拉,TRUE,soft drink,mineral water,energy drink,cream cheese,white meat,low-fat diet,,,,
word-catalog-v1,CREATE_DRAFT,,,,,pistachio,pistachio,noun,B1,food-drink,開心果,,,,,,,,,,TRUE,腰果,漿果,無花果,柑橘類水果,濃縮咖啡,檸檬水,TRUE,smoothie,latte,cashew,lemonade,cocoa,beverage,,,,
word-catalog-v1,CREATE_DRAFT,,,,,cashew,cashew,noun,B1,food-drink,腰果,,,,,,,,,,TRUE,漿果,開心果,無花果,柑橘類水果,奶昔,冰沙,TRUE,alcohol,soda,milkshake,espresso,drink,smoothie,,,,
word-catalog-v1,CREATE_DRAFT,,,,,beverage,beverage,noun,B1,food-drink,飲料,,,,,,,,,,TRUE,酒精飲料,拿鐵,可可,酒精,蘇打,奶昔,TRUE,latte,beer,lemonade,cocoa,alcohol,Champagne,,,,
word-catalog-v1,CREATE_DRAFT,,,,,soft drink,soft drink,noun,B1,food-drink,汽水,軟飲品,,,,,,,,,TRUE,礦泉水,夏威夷果,能量飲料,藍紋奶酪,白肉,低碳水化合物飲食,TRUE,energy drink,macadamia nut,mineral water,blue cheese,white meat,low-carb diet,,,,
word-catalog-v1,CREATE_DRAFT,,,,,nonalcoholic,nonalcoholic,adjective,B1,food-drink,無酒精的,,,,,,,,,,TRUE,含酒精的,無氣泡的,氣泡的,生的,成熟的,醫療的,TRUE,alcoholic,still,sparkling,raw,ripe,medical,,,,
word-catalog-v1,CREATE_DRAFT,,,,,soda,soda,noun,B1,food-drink,蘇打,,,,,,,,,,TRUE,冰沙,拿鐵,啤酒,可可,酒精,香檳,TRUE,milkshake,espresso,drink,wine,latte,beer,,,,
word-catalog-v1,CREATE_DRAFT,,,,,Coca-Cola,Coca-Cola,proper_noun,B1,food-drink,可口可樂,,,,,,,,,,TRUE,果凍,超級碗,搜尋引擎,聖誕節,光明節,復活節,TRUE,Jell-O,Super Bowl,Christmas,God,Hanukkah,Easter,,,,
word-catalog-v1,CREATE_DRAFT,,,,,mineral water,mineral water,noun,B1,food-drink,礦泉水,,,,,,,,,,TRUE,汽水,能量飲料,夏威夷果,奶油奶酪,紅肉,低碳水化合物飲食,TRUE,soft drink,macadamia nut,energy drink,cream cheese,red meat,gluten-free diet,,,,
word-catalog-v1,CREATE_DRAFT,,,,,milkshake,milkshake,noun,B1,food-drink,奶昔,,,,,,,,,,TRUE,冰沙,拿鐵,啤酒,濃縮咖啡,檸檬水,葡萄酒,TRUE,smoothie,whiskey,lemonade,cocoa,alcohol,vodka,,,,
word-catalog-v1,CREATE_DRAFT,,,,,smoothie,smoothie,noun,B1,food-drink,冰沙,,,,,,,,,,TRUE,奶昔,可可,酒精,香檳,濃縮咖啡,威士忌,TRUE,Champagne,espresso,drink,wine,tequila,whiskey,,,,
word-catalog-v1,CREATE_DRAFT,,,,,lemonade,lemonade,noun,B1,food-drink,檸檬水,,,,,,,,,,TRUE,湯力水,青檸,柑橘類水果,伏特加,葡萄酒,濃縮咖啡,TRUE,latte,beer,brandy,cocoa,vodka,smoothie,,,,
word-catalog-v1,CREATE_DRAFT,,,,,espresso,espresso,noun,B1,food-drink,濃縮咖啡,,,,,,,,,,TRUE,酒精飲料,龍舌蘭酒,檸檬水,威士忌,伏特加,葡萄酒,TRUE,alcohol,Champagne,drink,wine,lemonade,brandy,,,,
word-catalog-v1,CREATE_DRAFT,,,,,latte,latte,noun,B1,food-drink,拿鐵,,,,,,,,,,TRUE,啤酒,可可,酒精,奶昔,白蘭地,伏特加,TRUE,tequila,beer,whiskey,espresso,cocoa,Tonic,,,,
word-catalog-v1,CREATE_DRAFT,,,,,cocoa,cocoa,noun,B1,food-drink,可可,,,,,,,,,,TRUE,香檳,拿鐵,啤酒,酒精飲料,威士忌,雞尾酒,TRUE,alcohol,Champagne,vodka,latte,cocktail,drink,,,,
word-catalog-v1,CREATE_DRAFT,,,,,energy drink,energy drink,noun,B1,food-drink,能量飲料,,,,,,,,,,TRUE,礦泉水,夏威夷果,汽水,瑞士奶酪,紅肉,低脂飲食,TRUE,soft drink,mineral water,macadamia nut,Swiss cheese,red meat,black pepper,,,,
word-catalog-v1,CREATE_DRAFT,,,,,alcoholic,alcoholic,adjective,B1,food-drink,含酒精的,,,,,,,,,,TRUE,無酒精的,氣泡的,無氣泡的,生的,痛苦的,心理的,TRUE,nonalcoholic,still,sparkling,raw,positive,negative,,,,
word-catalog-v1,CREATE_DRAFT,,,,,alcohol,alcohol,noun,B1,food-drink,酒精,,,,,,,,,,TRUE,酒精飲料,啤酒,葡萄酒,雞尾酒,龍舌蘭酒,可可,TRUE,wine,tequila,beer,whiskey,brandy,vodka,,,,
word-catalog-v1,CREATE_DRAFT,,,,,drink,drink,noun,B1,food-drink,酒精飲料,,,,,,,,,,TRUE,酒精,飲料,啤酒,葡萄酒,龍舌蘭酒,威士忌,TRUE,Tonic,Champagne,cocktail,wine,tequila,alcohol,,,,
word-catalog-v1,CREATE_DRAFT,,,,,beer,beer,noun,B1,food-drink,啤酒,,,,,,,,,,TRUE,酒精,雞尾酒,葡萄酒,酒精飲料,香檳,白蘭地,TRUE,whiskey,brandy,Tonic,drink,Champagne,vodka,,,,
word-catalog-v1,CREATE_DRAFT,,,,,Champagne,Champagne,noun,B1,food-drink,香檳,,,,,,,,,,TRUE,湯力水,伏特加,威士忌,白蘭地,啤酒,龍舌蘭酒,TRUE,cocktail,beer,wine,tequila,drink,cocoa,,,,
word-catalog-v1,CREATE_DRAFT,,,,,wine,wine,noun,B1,food-drink,葡萄酒,,,,,,,,,,TRUE,酒精,啤酒,雞尾酒,龍舌蘭酒,湯力水,香檳,TRUE,whiskey,brandy,Tonic,cocktail,tequila,latte,,,,
word-catalog-v1,CREATE_DRAFT,,,,,whiskey,whiskey,noun,B1,food-drink,威士忌,,,,,,,,,,TRUE,伏特加,白蘭地,湯力水,葡萄酒,雞尾酒,檸檬水,TRUE,vodka,brandy,Tonic,wine,cocktail,espresso,,,,
word-catalog-v1,CREATE_DRAFT,,,,,vodka,vodka,noun,B1,food-drink,伏特加,,,,,,,,,,TRUE,威士忌,白蘭地,湯力水,雞尾酒,香檳,濃縮咖啡,TRUE,whiskey,tequila,brandy,Champagne,alcohol,milkshake,,,,
word-catalog-v1,CREATE_DRAFT,,,,,tequila,tequila,noun,B1,food-drink,龍舌蘭酒,,,,,,,,,,TRUE,白蘭地,酒精,啤酒,雞尾酒,威士忌,檸檬水,TRUE,vodka,Tonic,cocktail,whiskey,beer,alcohol,,,,
word-catalog-v1,CREATE_DRAFT,,,,,brandy,brandy,noun,B1,food-drink,白蘭地,,,,,,,,,,TRUE,龍舌蘭酒,蛋白,伏特加,湯力水,葡萄酒,香檳,TRUE,Tonic,tequila,cocktail,vodka,drink,lemonade,,,,
word-catalog-v1,CREATE_DRAFT,,,,,still,still,adjective,B1,food-drink,無氣泡的,,,,,,,,,,FALSE,,,,,,,TRUE,sparkling,alcoholic,nonalcoholic,ripe,painful,mental,,,,
word-catalog-v1,CREATE_DRAFT,,,,,sparkling,sparkling,adjective,B1,food-drink,氣泡的,,,,,,,,,,TRUE,無氣泡的,含酒精的,無酒精的,生的,陽性,陰性,TRUE,still,alcoholic,nonalcoholic,raw,painful,Coca-Cola,,,,
word-catalog-v1,CREATE_DRAFT,,,,,Tonic,Tonic,noun,B1,food-drink,湯力水,,,,,,,,,,TRUE,檸檬水,柑橘類水果,雞尾酒,伏特加,龍舌蘭酒,香檳,TRUE,cocktail,brandy,tequila,wine,smoothie,milkshake,,,,
word-catalog-v1,CREATE_DRAFT,,,,,cocktail,cocktail,noun,B1,food-drink,雞尾酒,,,,,,,,,,TRUE,酒精,啤酒,葡萄酒,酒精飲料,湯力水,伏特加,TRUE,Tonic,brandy,vodka,beer,soda,lemonade,,,,
word-catalog-v1,CREATE_DRAFT,,,,,curious,curious,adjective,B1,descriptions-qualities,好奇的,,,,,,,,,,TRUE,勇敢的,愚蠢的,驕傲的,積極的,消極的,自私的,TRUE,brave,silly,proud,experienced,selfish,positive,,,,
word-catalog-v1,CREATE_DRAFT,,,,,brave,brave,adjective,B1,descriptions-qualities,勇敢的,,,,,,,,,,TRUE,好奇的,愚蠢的,驕傲的,積極的,耐心的,痛苦的,TRUE,curious,silly,proud,experienced,miserable,negative,,,,
word-catalog-v1,CREATE_DRAFT,,,,,silly,silly,adjective,B1,descriptions-qualities,愚蠢的,,,,,,,,,,TRUE,勇敢的,好奇的,驕傲的,消極的,敏銳的,誠實的,FALSE,,,,,,,,,,
word-catalog-v1,CREATE_DRAFT,,,,,proud,proud,adjective,B1,descriptions-qualities,驕傲的,,,,,,,,,,TRUE,愚蠢的,自私的,勇敢的,好奇的,耐心的,殘酷的,TRUE,brave,curious,talented,silly,experienced,patient,,,,
word-catalog-v1,CREATE_DRAFT,,,,,experienced,experienced,adjective,B1,descriptions-qualities,有經驗的,,,,,,,,,,TRUE,有才華的,有雄心的,積極的,消極的,自私的,痛苦的,TRUE,selfish,proud,positive,miserable,keen,negative,,,,
word-catalog-v1,CREATE_DRAFT,,,,,positive,positive,adjective,B1,descriptions-qualities,積極的,,,,,,,,,,FALSE,,,,,,,TRUE,talented,honest,selfish,patient,cruel,miserable,,,,
word-catalog-v1,CREATE_DRAFT,,,,,negative,negative,adjective,B1,descriptions-qualities,消極的,,,,,,,,,,FALSE,,,,,,,TRUE,keen,annoying,talented,honest,needy,positive,,,,
word-catalog-v1,CREATE_DRAFT,,,,,selfish,selfish,adjective,B1,descriptions-qualities,自私的,,,,,,,,,,TRUE,敏銳的,煩人的,誠實的,依賴的,耐心的,殘酷的,TRUE,patient,cruel,stubborn,negative,miserable,keen,,,,
word-catalog-v1,CREATE_DRAFT,,,,,miserable,miserable,adjective,B1,descriptions-qualities,痛苦的,,,,,,,,,,TRUE,固執的,敏銳的,煩人的,自私的,誠實的,獨立的,FALSE,,,,,,,,,,
word-catalog-v1,CREATE_DRAFT,,,,,talented,talented,adjective,B1,descriptions-qualities,有才華的,,,,,,,,,,TRUE,有經驗的,有雄心的,依賴的,痛苦的,耐心的,殘酷的,TRUE,annoying,honest,needy,independent,patient,cruel,,,,
word-catalog-v1,CREATE_DRAFT,,,,,patient,patient,adjective,B1,descriptions-qualities,耐心的,,,,,,,,,,TRUE,有雄心的,固執的,敏銳的,煩人的,熱情的,依賴的,TRUE,stubborn,ambitious,talented,keen,annoying,welcoming,,,,
word-catalog-v1,CREATE_DRAFT,,,,,keen,keen,adjective,B1,descriptions-qualities,敏銳的,,,,,,,,,,TRUE,誠實的,獨立的,殘酷的,固執的,慷慨的,熱情的,TRUE,honest,needy,independent,sociable,stubborn,ambitious,,,,
word-catalog-v1,CREATE_DRAFT,,,,,honest,honest,adjective,B1,descriptions-qualities,誠實的,,,,,,,,,,TRUE,煩人的,溫柔的,依賴的,獨立的,敏銳的,慷慨的,TRUE,cruel,generous,annoying,welcoming,gentle,needy,,,,
word-catalog-v1,CREATE_DRAFT,,,,,cruel,cruel,adjective,B1,descriptions-qualities,殘酷的,,,,,,,,,,TRUE,固執的,誠實的,煩人的,熱情的,溫柔的,和平的,TRUE,independent,sociable,understanding,stubborn,generous,skillful,,,,
word-catalog-v1,CREATE_DRAFT,,,,,annoying,annoying,adjective,B1,descriptions-qualities,煩人的,,,,,,,,,,TRUE,善解人意的,殘酷的,依賴的,獨立的,懷疑的,固執的,TRUE,ambitious,welcoming,gentle,peaceful,cruel,independent,,,,
word-catalog-v1,CREATE_DRAFT,,,,,needy,needy,adjective,B1,descriptions-qualities,依賴的,,,,,,,,,,TRUE,慷慨的,熱情的,溫柔的,和平的,獨立的,懷疑的,FALSE,,,,,,,,,,
word-catalog-v1,CREATE_DRAFT,,,,,stubborn,stubborn,adjective,B1,descriptions-qualities,固執的,,,,,,,,,,TRUE,慷慨的,依賴的,熱情的,溫柔的,殘酷的,耐心的,TRUE,sociable,understanding,doubtful,ambitious,generous,needy,,,,
word-catalog-v1,CREATE_DRAFT,,,,,cool,cool,noun,B1,descriptions-qualities,酷,,,,,,,,,,TRUE,霸凌者,慢,本性,個人,特徵,擔憂,TRUE,bully,nature,individual,characteristic,slow,concern,,,,
word-catalog-v1,CREATE_DRAFT,,,,,independent,independent,adjective,B1,descriptions-qualities,獨立的,,,,,,,,,,TRUE,和平的,懷疑的,慷慨的,熟練的,固執的,煩人的,TRUE,skillful,welcoming,gentle,peaceful,sociable,understanding,,,,
word-catalog-v1,CREATE_DRAFT,,,,,ambitious,ambitious,adjective,B1,descriptions-qualities,有雄心的,,,,,,,,,,TRUE,耐心的,有才華的,有經驗的,善於交際的,獨立的,熱情的,TRUE,doubtful,generous,skillful,independent,welcoming,gentle,,,,
word-catalog-v1,CREATE_DRAFT,,,,,welcoming,welcoming,adjective,B1,descriptions-qualities,熱情的,,,,,,,,,,TRUE,溫柔的,和平的,懷疑的,熟練的,依賴的,誠實的,FALSE,,,,,,,,,,
word-catalog-v1,CREATE_DRAFT,,,,,sociable,sociable,adjective,B1,descriptions-qualities,善於交際的,,,,,,,,,,TRUE,善解人意的,有雄心的,慷慨的,溫柔的,和平的,熟練的,TRUE,peaceful,understanding,doubtful,generous,skillful,annoying,,,,
word-catalog-v1,CREATE_DRAFT,,,,,generous,generous,adjective,B1,descriptions-qualities,慷慨的,大方的,,,,,,,,,TRUE,懷疑的,溫柔的,和平的,固執的,消極的,敏銳的,TRUE,sociable,gentle,peaceful,doubtful,ambitious,stubborn,,,,
word-catalog-v1,CREATE_DRAFT,,,,,gentle,gentle,adjective,B1,descriptions-qualities,溫柔的,,,,,,,,,,TRUE,慷慨的,懷疑的,熟練的,熱情的,痛苦的,積極的,TRUE,understanding,skillful,peaceful,ambitious,independent,needy,,,,
word-catalog-v1,CREATE_DRAFT,,,,,understanding,understanding,adjective,B1,descriptions-qualities,善解人意的,,,,,,,,,,TRUE,善於交際的,煩人的,有雄心的,和平的,懷疑的,溫柔的,TRUE,doubtful,gentle,skillful,peaceful,honest,keen,,,,
word-catalog-v1,CREATE_DRAFT,,,,,skillful,skillful,adjective,B1,descriptions-qualities,熟練的,,,,,,,,,,TRUE,和平的,懷疑的,慷慨的,殘酷的,自私的,依賴的,FALSE,,,,,,,,,,
word-catalog-v1,CREATE_DRAFT,,,,,peaceful,peaceful,adjective,B1,descriptions-qualities,和平的,,,,,,,,,,TRUE,熟練的,懷疑的,獨立的,溫柔的,固執的,驕傲的,TRUE,doubtful,understanding,skillful,sociable,cruel,patient,,,,
word-catalog-v1,CREATE_DRAFT,,,,,doubtful,doubtful,adjective,B1,descriptions-qualities,懷疑的,,,,,,,,,,TRUE,和平的,熟練的,熱情的,慷慨的,誠實的,消極的,TRUE,peaceful,generous,understanding,gentle,ambitious,selfish,,,,
word-catalog-v1,CREATE_DRAFT,,,,,bully,bully,noun,B1,descriptions-qualities,霸凌者,,,,,,,,,,FALSE,,,,,,,TRUE,cool,standard,super,nature,individual,characteristic,,,,
word-catalog-v1,CREATE_DRAFT,,,,,according to,according to,adverb,B1,function-words,根據,,,,,,,,,,TRUE,最有可能,像,向下,附近,向上,遠離,TRUE,most likely,very likely,as,downward,nearby,upward,,,,
word-catalog-v1,CREATE_DRAFT,,,,,as,as,adverb,B1,function-words,像,,,,,,,,,,TRUE,向下,附近,向上,旁邊,直接,地下,FALSE,,,,,,,,,,
word-catalog-v1,CREATE_DRAFT,,,,,within,within,preposition,B1,function-words,在……之內,,,,,,,,,,TRUE,在……之中,在……下面,下面,沿著,到……上,與……不同,TRUE,below,underneath,along,among,into,onto,,,,
word-catalog-v1,CREATE_DRAFT,,,,,below,below,preposition,B1,function-words,下面,,,,,,,,,,TRUE,在……下面,沿著,在……之內,離開,進,每,TRUE,within,underneath,along,among,off,per,,,,
word-catalog-v1,CREATE_DRAFT,,,,,underneath,underneath,preposition,B1,function-words,在……下面,,,,,,,,,,TRUE,下面,在……之內,在……之中,到……上,離開,進,FALSE,,,,,,,,,,
word-catalog-v1,CREATE_DRAFT,,,,,downward,downward,adverb,B1,function-words,向下,,,,,,,,,,TRUE,向上,地下,向後,附近,遠離,靠近,FALSE,,,,,,,,,,
word-catalog-v1,CREATE_DRAFT,,,,,nearby,nearby,adverb,B1,function-words,附近,,,,,,,,,,TRUE,靠近,向下,旁邊,直接,遠離,像,TRUE,away,downward,upward,by,directly,down,,,,
word-catalog-v1,CREATE_DRAFT,,,,,upward,upward,adverb,B1,function-words,向上,,,,,,,,,,TRUE,向下,加上,向後,旁邊,附近,遠離,FALSE,,,,,,,,,,
word-catalog-v1,CREATE_DRAFT,,,,,along,along,preposition,B1,function-words,沿著,,,,,,,,,,TRUE,下面,離開,進,通過,每,向,TRUE,below,within,underneath,into,off,toward,,,,
word-catalog-v1,CREATE_DRAFT,,,,,away,away,adverb,B1,function-words,遠離,,,,,,,,,,FALSE,,,,,,,TRUE,by,up,directly,underground,nearby,down,,,,
word-catalog-v1,CREATE_DRAFT,,,,,by,by,adverb,B1,function-words,旁邊,,,,,,,,,,TRUE,直接,地下,包括,向上,遠離,直到,FALSE,,,,,,,,,,
word-catalog-v1,CREATE_DRAFT,,,,,directly,directly,adverb,B1,function-words,直接,,,,,,,,,,TRUE,直到,旁邊,地下,包括,向下,靠近,TRUE,away,up,underground,by,including,upward,,,,
word-catalog-v1,CREATE_DRAFT,,,,,down,down,adverb,B1,function-words,向下,,,,,,,,,,TRUE,向上,地下,向後,直接,加上,除了,FALSE,,,,,,,,,,
word-catalog-v1,CREATE_DRAFT,,,,,up,up,adverb,B1,function-words,向上,,,,,,,,,,TRUE,加上,向下,向後,包括,直接,靠近,FALSE,,,,,,,,,,
word-catalog-v1,CREATE_DRAFT,,,,,underground,underground,adverb,B1,function-words,地下,,,,,,,,,,TRUE,向下,嚴重地,包括,直到,向上,加上,TRUE,up,down,plus,directly,including,till,,,,
word-catalog-v1,CREATE_DRAFT,,,,,among,among,preposition,B1,function-words,在……之中,被……環繞,,,,,,,,,TRUE,在……之內,在……下面,到……上,與……不同,離開,沒有,TRUE,onto,into,off,per,unlike,via,,,,
word-catalog-v1,CREATE_DRAFT,,,,,into,into,preposition,B1,function-words,進,,,,,,,,,,TRUE,每,向,通過,沿著,沒有,到……上,TRUE,among,onto,off,per,toward,without,,,,
word-catalog-v1,CREATE_DRAFT,,,,,onto,onto,preposition,B1,function-words,到……上,,,,,,,,,,TRUE,在……之中,與……不同,離開,進,通過,沒有,TRUE,into,among,unlike,via,toward,without,,,,
word-catalog-v1,CREATE_DRAFT,,,,,off,off,preposition,B1,function-words,離開,,,,,,,,,,TRUE,每,向,通過,在……之中,與……不同,在……下面,FALSE,,,,,,,,,,
word-catalog-v1,CREATE_DRAFT,,,,,close,close,adverb,B1,function-words,靠近,緊挨,,,,,,,,,FALSE,,,,,,,FALSE,,,,,,,,,,
word-catalog-v1,CREATE_DRAFT,,,,,including,including,adverb,B1,function-words,包括,,,,,,,,,,TRUE,直到,靠近,除了,加上,嚴重地,地下,TRUE,plus,till,badly,backward,but,underground,,,,
word-catalog-v1,CREATE_DRAFT,,,,,per,per,preposition,B1,function-words,每,,,,,,,,,,TRUE,向,進,沒有,通過,在……之內,在……下面,FALSE,,,,,,,,,,
word-catalog-v1,CREATE_DRAFT,,,,,plus,plus,adverb,B1,function-words,加上,,,,,,,,,,FALSE,,,,,,,TRUE,till,including,badly,backward,close,up,,,,
word-catalog-v1,CREATE_DRAFT,,,,,till,till,adverb,B1,function-words,直到,,,,,,,,,,TRUE,直接,除了,嚴重地,包括,加上,旁邊,FALSE,,,,,,,,,,
word-catalog-v1,CREATE_DRAFT,,,,,toward,toward,preposition,B1,function-words,向,,,,,,,,,,TRUE,每,沒有,通過,進,大約,過去的,TRUE,unlike,via,without,per,along,below,,,,
word-catalog-v1,CREATE_DRAFT,,,,,unlike,unlike,preposition,B1,function-words,與……不同,,,,,,,,,,TRUE,在……之中,到……上,向,沒有,離開,大約,TRUE,toward,via,without,per,within,underneath,,,,
word-catalog-v1,CREATE_DRAFT,,,,,via,via,preposition,B1,function-words,通過,,,,,,,,,,TRUE,沒有,向,每,與……不同,離開,過去的,FALSE,,,,,,,,,,
word-catalog-v1,CREATE_DRAFT,,,,,badly,badly,adverb,B1,function-words,嚴重地,,,,,,,,,,TRUE,地下,除了,向後,直到,包括,附近,FALSE,,,,,,,,,,
word-catalog-v1,CREATE_DRAFT,,,,,without,without,preposition,B1,function-words,沒有,,,,,,,,,,TRUE,通過,向,每,在……之內,大約,自始至終,FALSE,,,,,,,,,,
word-catalog-v1,CREATE_DRAFT,,,,,backward,backward,adverb,B1,function-words,向後,,,,,,,,,,TRUE,向上,向下,除了,嚴重地,靠近,旁邊,TRUE,but,badly,plus,including,close,down,,,,
word-catalog-v1,CREATE_DRAFT,,,,,but,but,adverb,B1,function-words,除了,,,,,,,,,,TRUE,向後,嚴重地,直到,加上,遠離,直接,FALSE,,,,,,,,,,
word-catalog-v1,CREATE_DRAFT,,,,,education,education,noun,B1,school-education,教育,,,,,,,,,,TRUE,作業,校園,文憑,課堂作業,畢業,幼兒園,FALSE,,,,,,,,,,
word-catalog-v1,CREATE_DRAFT,,,,,educate,educate,verb,B1,school-education,教育,,,,,,,,,,TRUE,畢業,複習,教育的,作業,學術的,校園,FALSE,,,,,,,,,,
word-catalog-v1,CREATE_DRAFT,,,,,educational,educational,adjective,B1,school-education,教育的,,,,,,,,,,TRUE,受過教育的,學術的,私人的,教育,課堂作業,畢業生,TRUE,educated,academic,private,educate,assignment,classwork,,,,
word-catalog-v1,CREATE_DRAFT,,,,,educated,educated,adjective,B1,school-education,受過教育的,,,,,,,,,,TRUE,教育的,學術的,私人的,教育,作業,文憑,TRUE,educational,academic,private,education,campus,assignment,,,,
word-catalog-v1,CREATE_DRAFT,,,,,academic,academic,adjective,B1,school-education,學術的,,,,,,,,,,TRUE,教育的,私人的,受過教育的,學位,學生,學費,TRUE,educated,educational,private,diploma,classwork,campus,,,,
word-catalog-v1,CREATE_DRAFT,,,,,assignment,assignment,noun,B1,school-education,作業,,,,,,,,,,TRUE,課堂作業,畢業,畢業生,校園,教育,講師,TRUE,diploma,classwork,campus,education,kindergarten,grad,,,,
word-catalog-v1,CREATE_DRAFT,,,,,classwork,classwork,noun,B1,school-education,課堂作業,,,,,,,,,,TRUE,作業,課時,畢業,畢業生,幼兒園,本科生,TRUE,assignment,diploma,campus,kindergarten,undergraduate,graduation,,,,
word-catalog-v1,CREATE_DRAFT,,,,,campus,campus,noun,B1,school-education,校園,,,,,,,,,,TRUE,幼兒園,文憑,作業,學位,講師,教育,TRUE,classwork,diploma,grad,assignment,degree,undergraduate,,,,
word-catalog-v1,CREATE_DRAFT,,,,,diploma,diploma,noun,B1,school-education,文憑,,,,,,,,,,TRUE,校園,學生,本科生,學位,課時,練習,TRUE,kindergarten,lecturer,grad,graduation,pupil,campus,,,,
word-catalog-v1,CREATE_DRAFT,,,,,adult education,adult education,noun,B1,school-education,成人教育,,,,,,,,,,TRUE,高等教育,私立學校,教育,課堂作業,幼兒園,本科生,TRUE,higher education,private school,education,degree,period,diploma,,,,
word-catalog-v1,CREATE_DRAFT,,,,,higher education,higher education,noun,B1,school-education,高等教育,,,,,,,,,,TRUE,成人教育,私立學校,教育,課堂作業,畢業生,文憑,TRUE,adult education,private school,education,kindergarten,undergraduate,lecturer,,,,
word-catalog-v1,CREATE_DRAFT,,,,,private,private,adjective,B1,school-education,私人的,,,,,,,,,,TRUE,學術的,教育的,受過教育的,幼兒園,本科生,畢業生,TRUE,academic,educated,educational,graduate,review,grad,,,,
word-catalog-v1,CREATE_DRAFT,,,,,private school,private school,noun,B1,school-education,私立學校,,,,,,,,,,TRUE,高等教育,成人教育,學生,學位,校園,學費,TRUE,higher education,adult education,graduation,pupil,degree,period,,,,
word-catalog-v1,CREATE_DRAFT,,,,,kindergarten,kindergarten,noun,B1,school-education,幼兒園,,,,,,,,,,TRUE,校園,本科生,畢業生,講師,考試,測驗,TRUE,exercise,undergraduate,lecturer,examination,grad,graduation,,,,
word-catalog-v1,CREATE_DRAFT,,,,,grad,grad,noun,B1,school-education,畢業生,,,,,,,,,,TRUE,學生,作業,本科生,課堂作業,幼兒園,練習,TRUE,pupil,quiz,kindergarten,degree,period,exercise,,,,
word-catalog-v1,CREATE_DRAFT,,,,,graduate,graduate,verb,B1,school-education,畢業,,,,,,,,,,TRUE,複習,教育,作業,課堂作業,課時,講師,FALSE,,,,,,,,,,
word-catalog-v1,CREATE_DRAFT,,,,,undergraduate,undergraduate,noun,B1,school-education,本科生,,,,,,,,,,TRUE,學生,畢業生,考試,畢業,測驗,天才,TRUE,tuition,lecturer,examination,graduation,pupil,quiz,,,,
word-catalog-v1,CREATE_DRAFT,,,,,graduation,graduation,noun,B1,school-education,畢業,,,,,,,,,,FALSE,,,,,,,FALSE,,,,,,,,,,
word-catalog-v1,CREATE_DRAFT,,,,,degree,degree,noun,B1,school-education,學位,,,,,,,,,,TRUE,學費,學生,課時,練習,講師,考試,TRUE,genius,period,exercise,tuition,lecturer,examination,,,,
word-catalog-v1,CREATE_DRAFT,,,,,lecturer,lecturer,noun,B1,school-education,講師,,,,,,,,,,TRUE,學位,測驗,天才,課時,練習,考試,TRUE,degree,pupil,quiz,genius,tuition,undergraduate,,,,
word-catalog-v1,CREATE_DRAFT,,,,,pupil,pupil,noun,B1,school-education,學生,,,,,,,,,,TRUE,學費,學位,本科生,畢業生,測驗,天才,FALSE,,,,,,,,,,
word-catalog-v1,CREATE_DRAFT,,,,,period,period,noun,B1,school-education,課時,,,,,,,,,,FALSE,,,,,,,TRUE,exercise,examination,quiz,genius,pupil,grad,,,,
word-catalog-v1,CREATE_DRAFT,,,,,review,review,verb,B1,school-education,複習,,,,,,,,,,TRUE,畢業,教育,練習,考試,課時,私人的,TRUE,graduate,educate,period,exercise,tuition,quiz,,,,
word-catalog-v1,CREATE_DRAFT,,,,,drop out,drop out,phrasal_verb,B1,school-education,退學,,,,,,,,,,TRUE,認真用功讀書,複習,畢業,教育,出發,到達,TRUE,hit the books,review,graduate,educate,set out,blow out,,,,
word-catalog-v1,CREATE_DRAFT,,,,,exercise,exercise,noun,B1,school-education,練習,,,,,,,,,,TRUE,測驗,天才,學費,考試,講師,文憑,FALSE,,,,,,,,,,
word-catalog-v1,CREATE_DRAFT,,,,,examination,examination,noun,B1,school-education,考試,,,,,,,,,,FALSE,,,,,,,FALSE,,,,,,,,,,
word-catalog-v1,CREATE_DRAFT,,,,,quiz,quiz,noun,B1,school-education,測驗,,,,,,,,,,TRUE,天才,學費,練習,考試,畢業,本科生,TRUE,genius,examination,tuition,degree,graduation,kindergarten,,,,
word-catalog-v1,CREATE_DRAFT,,,,,tuition,tuition,noun,B1,school-education,學費,,,,,,,,,,TRUE,學生,學位,測驗,天才,講師,幼兒園,TRUE,genius,quiz,examination,period,undergraduate,graduation,,,,
word-catalog-v1,CREATE_DRAFT,,,,,hit the books,hit the books,phrasal_verb,B1,school-education,認真用功讀書,,,,,,,,,,TRUE,退學,複習,畢業,教育,登出,備份,TRUE,drop out,review,graduate,educate,get in,set off,,,,
word-catalog-v1,CREATE_DRAFT,,,,,genius,genius,noun,B1,school-education,天才,,,,,,,,,,TRUE,學費,測驗,練習,考試,校園,幼兒園,TRUE,tuition,exercise,quiz,examination,degree,classwork,,,,
word-catalog-v1,CREATE_DRAFT,,,,,afford,afford,verb,B1,work-business,負擔得起,,,,,,,,,,TRUE,收費,退回,欠,捐贈,屬於,管理,TRUE,charge,return,owe,donate,belong,manage,,,,
word-catalog-v1,CREATE_DRAFT,,,,,change,change,noun,B1,work-business,找零,,,,,,,,,,TRUE,硬幣,貨幣,折扣,攤位,買家,賣家,TRUE,coin,currency,discount,mall,stall,buyer,,,,
word-catalog-v1,CREATE_DRAFT,,,,,charge,charge,verb,B1,work-business,收費,,,,,,,,,,TRUE,負擔得起,退回,欠,捐贈,面試,進口,TRUE,afford,return,owe,donate,interview,export,,,,
word-catalog-v1,CREATE_DRAFT,,,,,coin,coin,noun,B1,work-business,硬幣,,,,,,,,,,TRUE,貨幣,找零,折扣,攤位,產品,商品,TRUE,change,currency,discount,mall,seller,shopper,,,,
word-catalog-v1,CREATE_DRAFT,,,,,currency,currency,noun,B1,work-business,貨幣,,,,,,,,,,TRUE,硬幣,便宜貨,找零,折扣,買家,購物中心,TRUE,coin,change,discount,stall,product,seller,,,,
word-catalog-v1,CREATE_DRAFT,,,,,discount,discount,noun,B1,work-business,折扣,,,,,,,,,,TRUE,貨幣,硬幣,攤位,找零,購物者,賬戶,TRUE,currency,coin,mall,goods,change,checkout,,,,
word-catalog-v1,CREATE_DRAFT,,,,,inexpensive,inexpensive,adjective,B1,work-business,實惠的,,,,,,,,,,TRUE,工作的,財務的,商業的,專業的,實用的,相關的,TRUE,working,skilled,financial,professional,separated,unsuccessful,,,,
word-catalog-v1,CREATE_DRAFT,,,,,mall,mall,noun,B1,work-business,購物中心,,,,,,,,,,TRUE,購物者,收銀臺,賣家,買家,產品,攤位,FALSE,,,,,,,,,,
word-catalog-v1,CREATE_DRAFT,,,,,stall,stall,noun,B1,work-business,攤位,,,,,,,,,,TRUE,賣家,商品,信用,買家,產品,賬戶,TRUE,buyer,shopper,product,account,seller,goods,,,,
word-catalog-v1,CREATE_DRAFT,,,,,return,return,verb,B1,work-business,退回,,,,,,,,,,FALSE,,,,,,,TRUE,charge,afford,owe,donate,import,promote,,,,
word-catalog-v1,CREATE_DRAFT,,,,,buyer,buyer,noun,B1,work-business,買家,,,,,,,,,,TRUE,賣家,債務,商品,信用,餘額,購物者,TRUE,stall,shopper,checkout,credit,product,account,,,,
word-catalog-v1,CREATE_DRAFT,,,,,seller,seller,noun,B1,work-business,賣家,,,,,,,,,,TRUE,買家,產品,賬戶,收銀臺,債務,花費,TRUE,buyer,debt,goods,shopper,checkout,credit,,,,
word-catalog-v1,CREATE_DRAFT,,,,,shopper,shopper,noun,B1,work-business,購物者,,,,,,,,,,TRUE,購物中心,收銀臺,商品,價值,信用,餘額,TRUE,balance,seller,product,account,debt,expense,,,,
word-catalog-v1,CREATE_DRAFT,,,,,product,product,noun,B1,work-business,產品,,,,,,,,,,TRUE,商品,財產,總額,賬戶,債務,花費,TRUE,goods,value,checkout,credit,balance,sum,,,,
word-catalog-v1,CREATE_DRAFT,,,,,goods,goods,noun,B1,work-business,商品,,,,,,,,,,TRUE,產品,價值,信用,餘額,總額,賬戶,TRUE,account,debt,expense,bargain,value,tax,,,,
word-catalog-v1,CREATE_DRAFT,,,,,checkout,checkout,noun,B1,work-business,收銀臺,,,,,,,,,,TRUE,購物者,便宜貨,債務,花費,購物中心,價值,TRUE,credit,balance,sum,possession,account,debt,,,,
word-catalog-v1,CREATE_DRAFT,,,,,account,account,noun,B1,work-business,賬戶,,,,,,,,,,TRUE,節省,信用,收銀臺,餘額,總額,財產,TRUE,expense,bargain,checkout,value,saving,goods,,,,
word-catalog-v1,CREATE_DRAFT,,,,,owe,owe,verb,B1,work-business,欠,,,,,,,,,,TRUE,捐贈,退回,屬於,負擔得起,晉升,投資,TRUE,donate,belong,return,afford,import,invest,,,,
word-catalog-v1,CREATE_DRAFT,,,,,credit,credit,noun,B1,work-business,信用,,,,,,,,,,TRUE,生產,稅,債務,花費,價值,節省,TRUE,tax,balance,sum,possession,production,expense,,,,
word-catalog-v1,CREATE_DRAFT,,,,,debt,debt,noun,B1,work-business,債務,,,,,,,,,,TRUE,削減,餘額,總額,財產,稅,生產,TRUE,bargain,worth,credit,value,tax,saving,,,,
word-catalog-v1,CREATE_DRAFT,,,,,donate,donate,verb,B1,work-business,捐贈,,,,,,,,,,TRUE,欠,屬於,退回,負擔得起,交易,出口,FALSE,,,,,,,,,,
word-catalog-v1,CREATE_DRAFT,,,,,balance,balance,noun,B1,work-business,餘額,,,,,,,,,,TRUE,總額,奢華,花費,價值,便宜貨,節省,TRUE,sum,possession,production,luxury,bargain,worth,,,,
word-catalog-v1,CREATE_DRAFT,,,,,expense,expense,noun,B1,work-business,花費,,,,,,,,,,TRUE,削減,便士,財產,稅,奢華,支票,FALSE,,,,,,,,,,
word-catalog-v1,CREATE_DRAFT,,,,,value,value,noun,B1,work-business,價值,,,,,,,,,,TRUE,定價過高,生產,銷售,便宜貨,節省,削減,FALSE,,,,,,,,,,
word-catalog-v1,CREATE_DRAFT,,,,,sum,sum,noun,B1,work-business,總額,,,,,,,,,,TRUE,餘額,便士,財產,稅,價值,銷售,TRUE,overpriced,tax,saving,penny,possession,production,,,,
word-catalog-v1,CREATE_DRAFT,,,,,bargain,bargain,noun,B1,work-business,便宜貨,,,,,,,,,,TRUE,便士,貨幣,定價過高,生產,奢華,支票,TRUE,luxury,check,worth,overpriced,sale,sum,,,,
word-catalog-v1,CREATE_DRAFT,,,,,tax,tax,noun,B1,work-business,稅,,,,,,,,,,TRUE,節省,削減,財產,生產,奢華,花費,TRUE,saving,penny,bargain,possession,luxury,check,,,,
word-catalog-v1,CREATE_DRAFT,,,,,possession,possession,noun,B1,work-business,財產,,,,,,,,,,FALSE,,,,,,,FALSE,,,,,,,,,,
word-catalog-v1,CREATE_DRAFT,,,,,belong,belong,verb,B1,work-business,屬於,,,,,,,,,,TRUE,捐贈,欠,退回,晉升,交易,分開,TRUE,donate,owe,return,promote,separate,leave,,,,
word-catalog-v1,CREATE_DRAFT,,,,,saving,saving,noun,B1,work-business,節省,,,,,,,,,,TRUE,支票,銷售,削減,便士,生產,價值,FALSE,,,,,,,,,,
word-catalog-v1,CREATE_DRAFT,,,,,production,production,noun,B1,work-business,生產,,,,,,,,,,TRUE,財產,奢華,支票,節省,銷售,定價過高,FALSE,,,,,,,,,,
word-catalog-v1,CREATE_DRAFT,,,,,worth,worth,noun,B1,work-business,價值,,,,,,,,,,TRUE,定價過高,削減,便士,奢華,銷售,總額,FALSE,,,,,,,,,,
word-catalog-v1,CREATE_DRAFT,,,,,cut,cut,noun,B1,work-business,削減,,,,,,,,,,FALSE,,,,,,,TRUE,overpriced,sale,penny,worth,production,value,,,,
word-catalog-v1,CREATE_DRAFT,,,,,luxury,luxury,noun,B1,work-business,奢華,,,,,,,,,,TRUE,支票,便士,削減,定價過高,節省,花費,TRUE,check,overpriced,sale,penny,cut,saving,,,,
word-catalog-v1,CREATE_DRAFT,,,,,overpriced,overpriced,noun,B1,work-business,定價過高,,,,,,,,,,TRUE,價值,支票,便宜貨,銷售,奢華,稅,TRUE,luxury,check,sale,penny,production,tax,,,,
word-catalog-v1,CREATE_DRAFT,,,,,penny,penny,noun,B1,work-business,便士,,,,,,,,,,TRUE,便宜貨,支票,銷售,生產,財產,總額,TRUE,overpriced,check,luxury,production,cut,possession,,,,
word-catalog-v1,CREATE_DRAFT,,,,,check,check,noun,B1,work-business,支票,,,,,,,,,,TRUE,便士,銷售,奢華,生產,節省,稅,FALSE,,,,,,,,,,
word-catalog-v1,CREATE_DRAFT,,,,,sale,sale,noun,B1,work-business,銷售,,,,,,,,,,TRUE,支票,便士,削減,債務,總額,餘額,TRUE,check,penny,overpriced,worth,tax,bargain,,,,
word-catalog-v1,CREATE_DRAFT,,,,,costume,costume,noun,B1,clothing-appearance,服裝,,,,,,,,,,TRUE,上衣,內褲,大衣,連帽衫,衣領,運動衫,FALSE,,,,,,,,,,
word-catalog-v1,CREATE_DRAFT,,,,,top,top,noun,B1,clothing-appearance,上衣,,,,,,,,,,TRUE,大衣,衣領,服裝,內褲,袖子,流行,TRUE,costume,underpants,panties,hoodie,sweatshirt,overcoat,,,,
word-catalog-v1,CREATE_DRAFT,,,,,underpants,underpants,noun,B1,clothing-appearance,內褲,,,,,,,,,,TRUE,上衣,服裝,連帽衫,大衣,袖子,圖案,FALSE,,,,,,,,,,
word-catalog-v1,CREATE_DRAFT,,,,,panties,panties,noun,B1,clothing-appearance,內褲,,,,,,,,,,TRUE,上衣,服裝,運動衫,連帽衫,流行,布料,FALSE,,,,,,,,,,
word-catalog-v1,CREATE_DRAFT,,,,,bathing suit,bathing suit,noun,B1,clothing-appearance,泳衣,,,,,,,,,,TRUE,衣領,上衣,大衣,袖子,條紋,布料,FALSE,,,,,,,,,,
word-catalog-v1,CREATE_DRAFT,,,,,hoodie,hoodie,noun,B1,clothing-appearance,連帽衫,,,,,,,,,,TRUE,運動衫,內褲,牛仔布,衣領,服裝,圖案,TRUE,sweatshirt,top,collar,panties,overcoat,sleeve,,,,
word-catalog-v1,CREATE_DRAFT,,,,,sweatshirt,sweatshirt,noun,B1,clothing-appearance,運動衫,,,,,,,,,,TRUE,連帽衫,內褲,大衣,袖子,牛仔布,條紋,TRUE,hoodie,collar,overcoat,underpants,sleeve,in,,,,
word-catalog-v1,CREATE_DRAFT,,,,,overcoat,overcoat,noun,B1,clothing-appearance,大衣,,,,,,,,,,TRUE,衣領,上衣,流行,運動衫,袖子,皮革,TRUE,sweatshirt,hoodie,collar,sleeve,costume,pattern,,,,
word-catalog-v1,CREATE_DRAFT,,,,,baggy,baggy,adjective,B1,clothing-appearance,寬鬆的,,,,,,,,,,TRUE,時尚的,時髦的,驚人的,華麗的,胖乎乎的,濃密的,FALSE,,,,,,,,,,
word-catalog-v1,CREATE_DRAFT,,,,,collar,collar,noun,B1,clothing-appearance,衣領,,,,,,,,,,TRUE,大衣,上衣,流行,圖案,毛皮,布料,TRUE,in,cloth,sleeve,stripe,overcoat,top,,,,
word-catalog-v1,CREATE_DRAFT,,,,,sleeve,sleeve,noun,B1,clothing-appearance,袖子,,,,,,,,,,TRUE,背包,條紋,皮革,衣領,棉,流行,TRUE,collar,in,pattern,denim,cloth,cotton,,,,
word-catalog-v1,CREATE_DRAFT,,,,,dress,dress,verb,B1,clothing-appearance,穿衣服,,,,,,,,,,TRUE,扣緊,扣上紐扣,適合,梳,刮,假裝,TRUE,fasten,button,suit,comb,shave,pretend,,,,
word-catalog-v1,CREATE_DRAFT,,,,,fasten,fasten,verb,B1,clothing-appearance,扣緊,,,,,,,,,,TRUE,扣上紐扣,穿衣服,適合,梳,感激,欺騙,TRUE,dress,button,suit,comb,trick,appreciate,,,,
word-catalog-v1,CREATE_DRAFT,,,,,button,button,verb,B1,clothing-appearance,扣上紐扣,,,,,,,,,,FALSE,,,,,,,TRUE,fasten,dress,suit,shave,trick,fashionable,,,,
word-catalog-v1,CREATE_DRAFT,,,,,in,in,noun,B1,clothing-appearance,流行,,,,,,,,,,TRUE,圖案,毛皮,胸罩,布料,背包,條紋,TRUE,stripe,leather,pattern,denim,fur,cloth,,,,
word-catalog-v1,CREATE_DRAFT,,,,,fashionable,fashionable,adjective,B1,clothing-appearance,時尚的,,,,,,,,,,TRUE,時髦的,寬鬆的,驚人的,華麗的,多毛的,灰髮的,FALSE,,,,,,,,,,
word-catalog-v1,CREATE_DRAFT,,,,,trendy,trendy,adjective,B1,clothing-appearance,時髦的,,,,,,,,,,TRUE,時尚的,寬鬆的,驚人的,華麗的,小的,閃亮的,TRUE,fashionable,baggy,stunning,gorgeous,unattractive,chubby,,,,
word-catalog-v1,CREATE_DRAFT,,,,,pattern,pattern,noun,B1,clothing-appearance,圖案,,,,,,,,,,TRUE,皮革,棉,設計,毛皮,胸罩,布料,TRUE,cotton,backpack,stripe,leather,denim,bra,,,,
word-catalog-v1,CREATE_DRAFT,,,,,cloth,cloth,noun,B1,clothing-appearance,布料,,,,,,,,,,TRUE,牛仔布,亞麻布,背包,圖案,條紋,皮革,TRUE,fur,cotton,backpack,linen,pattern,stripe,,,,
word-catalog-v1,CREATE_DRAFT,,,,,stripe,stripe,noun,B1,clothing-appearance,條紋,,,,,,,,,,TRUE,棉,設計,毛皮,牛仔布,背包,亞麻布,TRUE,leather,design,cloth,denim,bra,linen,,,,
word-catalog-v1,CREATE_DRAFT,,,,,denim,denim,noun,B1,clothing-appearance,牛仔布,,,,,,,,,,TRUE,布料,亞麻布,胸罩,皮革,條紋,流行,TRUE,fur,cotton,backpack,leather,design,cloth,,,,
word-catalog-v1,CREATE_DRAFT,,,,,cotton,cotton,noun,B1,clothing-appearance,棉,,,,,,,,,,TRUE,設計,毛皮,胸罩,背包,流行,袖子,TRUE,fur,bra,backpack,linen,denim,in,,,,
word-catalog-v1,CREATE_DRAFT,,,,,leather,leather,noun,B1,clothing-appearance,皮革,,,,,,,,,,TRUE,毛皮,棉,設計,圖案,條紋,流行,TRUE,design,cotton,fur,bra,linen,sleeve,,,,
word-catalog-v1,CREATE_DRAFT,,,,,fur,fur,noun,B1,clothing-appearance,毛皮,,,,,,,,,,TRUE,皮革,胸罩,背包,設計,亞麻布,衣領,TRUE,leather,backpack,design,bra,pattern,in,,,,
word-catalog-v1,CREATE_DRAFT,,,,,backpack,backpack,noun,B1,clothing-appearance,背包,,,,,,,,,,FALSE,,,,,,,TRUE,linen,fur,design,leather,stripe,in,,,,
word-catalog-v1,CREATE_DRAFT,,,,,suit,suit,verb,B1,clothing-appearance,適合,,,,,,,,,,TRUE,扣緊,穿衣服,扣上紐扣,刮,感激,胸罩,FALSE,,,,,,,,,,
word-catalog-v1,CREATE_DRAFT,,,,,bra,bra,noun,B1,clothing-appearance,胸罩,,,,,,,,,,TRUE,設計,亞麻布,背包,布料,圖案,袖子,TRUE,linen,backpack,design,cotton,denim,collar,,,,
word-catalog-v1,CREATE_DRAFT,,,,,linen,linen,noun,B1,clothing-appearance,亞麻布,,,,,,,,,,TRUE,布料,牛仔布,胸罩,設計,背包,運動衫,TRUE,bra,design,backpack,fur,stripe,sweatshirt,,,,
word-catalog-v1,CREATE_DRAFT,,,,,design,design,noun,B1,clothing-appearance,設計,,,,,,,,,,TRUE,亞麻布,胸罩,毛皮,棉,條紋,內褲,TRUE,linen,bra,leather,backpack,panties,hoodie,,,,
word-catalog-v1,CREATE_DRAFT,,,,,boxing,boxing,noun,B1,sports-leisure,拳擊,,,,,,,,,,TRUE,壁球,檯球,守門員,隊長,潛水員,球場,TRUE,squash,pool,goalkeeper,cyclist,golfer,diver,,,,
word-catalog-v1,CREATE_DRAFT,,,,,squash,squash,noun,B1,sports-leisure,壁球,,,,,,,,,,TRUE,檯球,球場,球拍,救球,接球,高爾夫球手,TRUE,boxing,pool,goalkeeper,cyclist,captain,stadium,,,,
word-catalog-v1,CREATE_DRAFT,,,,,horseback riding,horseback riding,noun,B1,sports-leisure,騎馬,,,,,,,,,,TRUE,足球運動員,客場比賽,主場比賽,電腦遊戲,猜謎遊戲,逛櫥窗,TRUE,soccer player,away game,home game,computer game,guessing game,mountain biking,,,,
word-catalog-v1,CREATE_DRAFT,,,,,pool,pool,noun,B1,sports-leisure,檯球,,,,,,,,,,TRUE,壁球,球場,球拍,救球,拳擊,守門員,TRUE,squash,boxing,golfer,goalkeeper,captain,course,,,,
word-catalog-v1,CREATE_DRAFT,,,,,horse racing,horse racing,noun,B1,sports-leisure,賽馬,,,,,,,,,,TRUE,客場比賽,主場比賽,足球運動員,水肺潛水,山地自行車運動,視頻遊戲機,TRUE,soccer player,away game,home game,scuba diving,window shopping,video game console,,,,
word-catalog-v1,CREATE_DRAFT,,,,,goalkeeper,goalkeeper,noun,B1,sports-leisure,守門員,,,,,,,,,,TRUE,潛水員,體育場,錦標賽,檯球,拳擊,隊長,TRUE,cyclist,diver,pool,court,stadium,tournament,,,,
word-catalog-v1,CREATE_DRAFT,,,,,cyclist,cyclist,noun,B1,sports-leisure,騎自行車的人,,,,,,,,,,TRUE,高爾夫球手,守門員,潛水員,體育場,中場休息,錦標賽,TRUE,golfer,diver,goalkeeper,captain,league,court,,,,
word-catalog-v1,CREATE_DRAFT,,,,,golfer,golfer,noun,B1,sports-leisure,高爾夫球手,,,,,,,,,,TRUE,壁球,檯球,球場,對手,球拍,騎自行車的人,TRUE,course,cyclist,diver,stadium,captain,squash,,,,
word-catalog-v1,CREATE_DRAFT,,,,,soccer player,soccer player,noun,B1,sports-leisure,足球運動員,,,,,,,,,,TRUE,賽馬,騎馬,客場比賽,主場比賽,山地自行車運動,電腦遊戲,TRUE,horse racing,horseback riding,away game,home game,computer game,scuba diving,,,,
word-catalog-v1,CREATE_DRAFT,,,,,diver,diver,noun,B1,sports-leisure,潛水員,,,,,,,,,,TRUE,守門員,體育場,隊長,聯賽,錦標賽,冠軍,TRUE,tournament,course,league,champion,golfer,court,,,,
word-catalog-v1,CREATE_DRAFT,,,,,captain,captain,noun,B1,sports-leisure,隊長,,,,,,,,,,TRUE,聯賽,決賽,冠軍,潛水員,籃筐,球場,TRUE,final,stadium,tournament,half-time,course,league,,,,
word-catalog-v1,CREATE_DRAFT,,,,,athletic,athletic,adjective,B1,sports-leisure,健壯的,,,,,,,,,,TRUE,競爭的,奧林匹克的,獲勝的,有趣的,假的,文學的,TRUE,olympic,competitive,winning,fun,amusing,fake,,,,
word-catalog-v1,CREATE_DRAFT,,,,,stadium,stadium,noun,B1,sports-leisure,體育場,,,,,,,,,,TRUE,球場,中場休息,錦標賽,聯賽,潛水員,隊長,TRUE,champion,court,final,racket,tournament,half-time,,,,
word-catalog-v1,CREATE_DRAFT,,,,,course,course,noun,B1,sports-leisure,球場,,,,,,,,,,TRUE,救球,球拍,接球,壁球,體育場,中場休息,FALSE,,,,,,,,,,
word-catalog-v1,CREATE_DRAFT,,,,,court,court,noun,B1,sports-leisure,球場,,,,,,,,,,FALSE,,,,,,,FALSE,,,,,,,,,,
word-catalog-v1,CREATE_DRAFT,,,,,tournament,tournament,noun,B1,sports-leisure,錦標賽,,,,,,,,,,TRUE,決賽,聯賽,比賽,冠軍,體育場,裁判,TRUE,basket,league,champion,save,final,racket,,,,
word-catalog-v1,CREATE_DRAFT,,,,,league,league,noun,B1,sports-leisure,聯賽,,,,,,,,,,TRUE,決賽,比賽,錦標賽,籃筐,冠軍,對手,TRUE,opponent,half-time,basket,referee,champion,save,,,,
word-catalog-v1,CREATE_DRAFT,,,,,olympic,olympic,adjective,B1,sports-leisure,奧林匹克的,,,,,,,,,,TRUE,競爭的,健壯的,獲勝的,有趣的,詩意的,戲劇的,TRUE,competitive,athletic,winning,fun,Gothic,literary,,,,
word-catalog-v1,CREATE_DRAFT,,,,,competitive,competitive,adjective,B1,sports-leisure,競爭的,,,,,,,,,,TRUE,健壯的,奧林匹克的,獲勝的,有趣的,娛樂的,哥德式的,TRUE,olympic,athletic,winning,amusing,poetic,dramatic,,,,
word-catalog-v1,CREATE_DRAFT,,,,,champion,champion,noun,B1,sports-leisure,冠軍,,,,,,,,,,TRUE,決賽,籃筐,裁判,對手,聯賽,救球,TRUE,match,final,racket,opponent,contest,half-time,,,,
word-catalog-v1,CREATE_DRAFT,,,,,final,final,noun,B1,sports-leisure,決賽,,,,,,,,,,TRUE,比賽,聯賽,錦標賽,冠軍,球拍,接球,TRUE,basket,referee,catch,save,match,racket,,,,
word-catalog-v1,CREATE_DRAFT,,,,,half-time,half-time,noun,B1,sports-leisure,中場休息,,,,,,,,,,TRUE,球場,體育場,籃筐,裁判,決賽,高爾夫球手,TRUE,opponent,contest,basket,referee,catch,final,,,,
word-catalog-v1,CREATE_DRAFT,,,,,pass,pass,verb,B1,sports-leisure,傳球,,,,,,,,,,TRUE,取消資格,打平,作弊,走,發牌,塗鴉,TRUE,disqualify,tie,cheat,go,deal,doodle,,,,
word-catalog-v1,CREATE_DRAFT,,,,,racket,racket,noun,B1,sports-leisure,球拍,,,,,,,,,,TRUE,救球,接球,球場,壁球,對手,籃筐,TRUE,save,match,opponent,contest,basket,league,,,,
word-catalog-v1,CREATE_DRAFT,,,,,basket,basket,noun,B1,sports-leisure,籃筐,,,,,,,,,,FALSE,,,,,,,TRUE,referee,catch,racket,opponent,half-time,tournament,,,,
word-catalog-v1,CREATE_DRAFT,,,,,save,save,noun,B1,sports-leisure,救球,,,,,,,,,,TRUE,球拍,接球,檯球,壁球,裁判,比賽,TRUE,match,contest,referee,catch,champion,half-time,,,,
word-catalog-v1,CREATE_DRAFT,,,,,opponent,opponent,noun,B1,sports-leisure,對手,,,,,,,,,,TRUE,高爾夫球手,裁判,比賽,救球,籃筐,接球,TRUE,save,match,contest,referee,final,court,,,,
word-catalog-v1,CREATE_DRAFT,,,,,referee,referee,noun,B1,sports-leisure,裁判,,,,,,,,,,TRUE,對手,比賽,救球,籃筐,球拍,中場休息,TRUE,catch,opponent,match,save,champion,final,,,,
word-catalog-v1,CREATE_DRAFT,,,,,match,match,noun,B1,sports-leisure,比賽,,,,,,,,,,TRUE,決賽,聯賽,錦標賽,裁判,接球,中場休息,FALSE,,,,,,,,,,
word-catalog-v1,CREATE_DRAFT,,,,,contest,contest,noun,B1,sports-leisure,比賽,,,,,,,,,,TRUE,決賽,聯賽,錦標賽,對手,球拍,隊長,FALSE,,,,,,,,,,
word-catalog-v1,CREATE_DRAFT,,,,,catch,catch,noun,B1,sports-leisure,接球,,,,,,,,,,TRUE,救球,球拍,球場,比賽,裁判,冠軍,TRUE,contest,match,referee,basket,course,tournament,,,,
word-catalog-v1,CREATE_DRAFT,,,,,disqualify,disqualify,verb,B1,sports-leisure,取消資格,,,,,,,,,,TRUE,傳球,打平,作弊,走,發佈,廣播,TRUE,pass,tie,cheat,go,publish,broadcast,,,,
word-catalog-v1,CREATE_DRAFT,,,,,away game,away game,noun,B1,sports-leisure,客場比賽,,,,,,,,,,TRUE,主場比賽,賽馬,足球運動員,騎馬,猜謎遊戲,水肺潛水,TRUE,home game,soccer player,horse racing,horseback riding,guessing game,window shopping,,,,
word-catalog-v1,CREATE_DRAFT,,,,,home game,home game,noun,B1,sports-leisure,主場比賽,,,,,,,,,,TRUE,客場比賽,賽馬,足球運動員,騎馬,逛櫥窗,視頻遊戲機,TRUE,away game,soccer player,horse racing,horseback riding,mountain biking,video game console,,,,
word-catalog-v1,CREATE_DRAFT,,,,,Super Bowl,Super Bowl,proper_noun,B1,sports-leisure,超級碗,,,,,,,,,,TRUE,可口可樂,聖誕節,感恩節,光明節,復活節,父親節,TRUE,Coca-Cola,Christmas,Thanksgiving,God,Father's Day,Mother's Day,,,,
word-catalog-v1,CREATE_DRAFT,,,,,transportation,transportation,noun,B1,travel-transport,交通,,,,,,,,,,TRUE,車輛,遊艇,飛機,軌道,隧道,航空器,FALSE,,,,,,,,,,
word-catalog-v1,CREATE_DRAFT,,,,,vehicle,vehicle,noun,B1,travel-transport,車輛,,,,,,,,,,TRUE,交通,遊艇,飛機,軌道,港口,目的地,TRUE,transportation,yacht,aircraft,plane,jet,track,,,,
word-catalog-v1,CREATE_DRAFT,,,,,yacht,yacht,noun,B1,travel-transport,遊艇,,,,,,,,,,TRUE,車輛,交通,飛機,航空器,港口,噴氣式飛機,TRUE,vehicle,aircraft,transportation,plane,tunnel,destination,,,,
word-catalog-v1,CREATE_DRAFT,,,,,aircraft,aircraft,noun,B1,travel-transport,航空器,,,,,,,,,,TRUE,目的地,遊艇,隧道,車輛,機票價格,交通,TRUE,yacht,vehicle,jet,track,harbor,tunnel,,,,
word-catalog-v1,CREATE_DRAFT,,,,,plane,plane,noun,B1,travel-transport,飛機,,,,,,,,,,TRUE,噴氣式飛機,機票價格,軌道,隧道,遊艇,港口,FALSE,,,,,,,,,,
word-catalog-v1,CREATE_DRAFT,,,,,jet,jet,noun,B1,travel-transport,噴氣式飛機,,,,,,,,,,TRUE,飛機,機票價格,航空器,目的地,軌道,連接,TRUE,port,destination,airfare,plane,track,harbor,,,,
word-catalog-v1,CREATE_DRAFT,,,,,track,track,noun,B1,travel-transport,軌道,,,,,,,,,,TRUE,隧道,港口,飛機,車輛,目的地,連接,FALSE,,,,,,,,,,
word-catalog-v1,CREATE_DRAFT,,,,,tunnel,tunnel,noun,B1,travel-transport,隧道,,,,,,,,,,TRUE,軌道,港口,交通,航空器,直達,機票價格,TRUE,port,destination,airfare,jet,aircraft,yacht,,,,
word-catalog-v1,CREATE_DRAFT,,,,,destination,destination,noun,B1,travel-transport,目的地,,,,,,,,,,TRUE,航空器,隧道,噴氣式飛機,機票價格,飛機,轉彎,TRUE,tunnel,harbor,port,airfare,jet,transportation,,,,
word-catalog-v1,CREATE_DRAFT,,,,,harbor,harbor,noun,B1,travel-transport,港口,,,,,,,,,,TRUE,隧道,目的地,軌道,遊艇,連接,直達,FALSE,,,,,,,,,,
word-catalog-v1,CREATE_DRAFT,,,,,port,port,noun,B1,travel-transport,港口,,,,,,,,,,TRUE,隧道,目的地,車輛,軌道,轉彎,噴氣式飛機,FALSE,,,,,,,,,,
word-catalog-v1,CREATE_DRAFT,,,,,airfare,airfare,noun,B1,travel-transport,機票價格,,,,,,,,,,TRUE,飛機,噴氣式飛機,港口,目的地,直達,轉彎,TRUE,port,harbor,connection,destination,tunnel,vehicle,,,,
word-catalog-v1,CREATE_DRAFT,,,,,seat belt,seat belt,noun,B1,travel-transport,安全帶,,,,,,,,,,TRUE,在船上,頭等艙,商務艙,經濟艙,靠窗座位,接待處,FALSE,,,,,,,,,,
word-catalog-v1,CREATE_DRAFT,,,,,board,board,verb,B1,travel-transport,登上,,,,,,,,,,TRUE,存取,通勤,運輸,騎自行車,露營,探索,FALSE,,,,,,,,,,
word-catalog-v1,CREATE_DRAFT,,,,,access,access,verb,B1,travel-transport,存取,進入|使用,,,,,,,,,TRUE,登上,通勤,運輸,騎自行車,遊覽,曬太陽,FALSE,,,,,,,,,,
word-catalog-v1,CREATE_DRAFT,,,,,get in,get in,phrasal_verb,B1,travel-transport,到達,,,,,,,,,,TRUE,出發,存取,登上,通勤,運輸,退學,FALSE,,,,,,,,,,
word-catalog-v1,CREATE_DRAFT,,,,,set out,set out,phrasal_verb,B1,travel-transport,出發,,,,,,,,,,TRUE,到達,存取,登上,通勤,騎自行車,登出,FALSE,,,,,,,,,,
word-catalog-v1,CREATE_DRAFT,,,,,set off,set off,phrasal_verb,B1,travel-transport,出發,,,,,,,,,,TRUE,到達,存取,登上,運輸,指出,備份,FALSE,,,,,,,,,,
word-catalog-v1,CREATE_DRAFT,,,,,on board,on board,noun,B1,travel-transport,在船上,火車上|飛機上,,,,,,,,,TRUE,頭等艙,商務艙,經濟艙,安全帶,一日遊,前臺,TRUE,first class,business class,economy class,seat belt,window seat,reception desk,,,,
word-catalog-v1,CREATE_DRAFT,,,,,first class,first class,noun,B1,travel-transport,頭等艙,,,,,,,,,,TRUE,商務艙,經濟艙,在船上,安全帶,導遊,前臺接待員,TRUE,business class,economy class,on board,window seat,desk clerk,day trip,,,,
word-catalog-v1,CREATE_DRAFT,,,,,business class,business class,noun,B1,travel-transport,商務艙,,,,,,,,,,TRUE,頭等艙,經濟艙,在船上,安全帶,消防站,內城區,TRUE,first class,economy class,on board,window seat,front desk,tour guide,,,,
word-catalog-v1,CREATE_DRAFT,,,,,economy class,economy class,noun,B1,travel-transport,經濟艙,,,,,,,,,,TRUE,商務艙,頭等艙,靠窗座位,安全帶,導遊,消防站,TRUE,business class,first class,on board,seat belt,desk clerk,front desk,,,,
word-catalog-v1,CREATE_DRAFT,,,,,connection,connection,noun,B1,travel-transport,連接,,,,,,,,,,TRUE,直達,轉彎,港口,機票價格,遊艇,車輛,FALSE,,,,,,,,,,
word-catalog-v1,CREATE_DRAFT,,,,,domestic,domestic,adjective,B1,travel-transport,國內的,,,,,,,,,,TRUE,公共的,負擔得起的,目的地,連接,通勤,直達,TRUE,public,affordable,commute,connection,nonstop,transport,,,,
word-catalog-v1,CREATE_DRAFT,,,,,public,public,adjective,B1,travel-transport,公共的,,,,,,,,,,FALSE,,,,,,,TRUE,domestic,affordable,commute,turn,nonstop,bike,,,,
word-catalog-v1,CREATE_DRAFT,,,,,window seat,window seat,noun,B1,travel-transport,靠窗座位,,,,,,,,,,TRUE,經濟艙,在船上,商務艙,一日遊,停車場,內城區,TRUE,seat belt,economy class,business class,on board,tour guide,fire station,,,,
word-catalog-v1,CREATE_DRAFT,,,,,commute,commute,verb,B1,travel-transport,通勤,,,,,,,,,,TRUE,運輸,騎自行車,存取,登上,背包旅行,交通,TRUE,transport,bike,access,board,camp,explore,,,,
word-catalog-v1,CREATE_DRAFT,,,,,nonstop,nonstop,noun,B1,travel-transport,直達,,,,,,,,,,TRUE,轉彎,連接,港口,隧道,軌道,交通,TRUE,turn,connection,airfare,port,harbor,aircraft,,,,
word-catalog-v1,CREATE_DRAFT,,,,,transport,transport,verb,B1,travel-transport,運輸,,,,,,,,,,TRUE,通勤,騎自行車,存取,遊覽,背包旅行,國內的,FALSE,,,,,,,,,,
word-catalog-v1,CREATE_DRAFT,,,,,turn,turn,noun,B1,travel-transport,轉彎,,,,,,,,,,FALSE,,,,,,,TRUE,nonstop,connection,airfare,track,destination,tunnel,,,,
word-catalog-v1,CREATE_DRAFT,,,,,bike,bike,verb,B1,travel-transport,騎自行車,,,,,,,,,,TRUE,運輸,通勤,登上,背包旅行,露營,車輛,TRUE,transport,commute,access,board,sunbathe,tour,,,,
word-catalog-v1,CREATE_DRAFT,,,,,sunrise,sunrise,noun,B1,nature-weather,日出,,,,,,,,,,TRUE,日落,陽光,雷聲,閃電,降雨,降雪,TRUE,sunset,sunshine,shade,thunder,lightning,rainfall,,,,
word-catalog-v1,CREATE_DRAFT,,,,,sunset,sunset,noun,B1,nature-weather,日落,,,,,,,,,,TRUE,日出,陽光,雷聲,陰涼處,閃電,陣雨,TRUE,sunrise,sunshine,shade,thunder,snowfall,shower,,,,
word-catalog-v1,CREATE_DRAFT,,,,,sunshine,sunshine,noun,B1,nature-weather,陽光,,,,,,,,,,TRUE,日落,日出,降雨,暴雨,雷聲,陰涼處,FALSE,,,,,,,,,,
word-catalog-v1,CREATE_DRAFT,,,,,shade,shade,noun,B1,nature-weather,陰涼處,,,,,,,,,,TRUE,暴風雪,陽光,降雪,日落,陣雨,雨水,TRUE,sunset,lightning,sunrise,rainfall,rainstorm,snowfall,,,,
word-catalog-v1,CREATE_DRAFT,,,,,thunder,thunder,noun,B1,nature-weather,雷聲,,,,,,,,,,TRUE,閃電,降雨,暴雨,雨滴,降雪,雪花,TRUE,snowstorm,shade,lightning,shower,rainwater,sunshine,,,,
word-catalog-v1,CREATE_DRAFT,,,,,lightning,lightning,noun,B1,nature-weather,閃電,,,,,,,,,,TRUE,陣雨,雨水,雷聲,降雨,暴雨,雨滴,TRUE,thunder,rainfall,rainstorm,raindrop,snowfall,snowstorm,,,,
word-catalog-v1,CREATE_DRAFT,,,,,rainfall,rainfall,noun,B1,nature-weather,降雨,,,,,,,,,,TRUE,降雪,陣雨,雨水,暴雨,閃電,日出,TRUE,snowflake,shower,rainwater,rainstorm,raindrop,lightning,,,,
word-catalog-v1,CREATE_DRAFT,,,,,snowfall,snowfall,noun,B1,nature-weather,降雪,,,,,,,,,,TRUE,雪花,降雨,暴風雪,雨滴,陣雨,陽光,TRUE,snowstorm,snowflake,rainfall,shower,rainwater,thunder,,,,
word-catalog-v1,CREATE_DRAFT,,,,,shower,shower,noun,B1,nature-weather,陣雨,,,,,,,,,,TRUE,雨水,暴雨,雨滴,雪花,暴風雪,陰涼處,TRUE,snowfall,rainstorm,raindrop,snowflake,sunset,shade,,,,
word-catalog-v1,CREATE_DRAFT,,,,,rainstorm,rainstorm,noun,B1,nature-weather,暴雨,,,,,,,,,,TRUE,雨水,雨滴,陣雨,風暴,暴風雪,冰雹暴,TRUE,snowstorm,rainwater,raindrop,shower,hailstorm,snowfall,,,,
word-catalog-v1,CREATE_DRAFT,,,,,snowstorm,snowstorm,noun,B1,nature-weather,暴風雪,,,,,,,,,,TRUE,風暴,雪花,降雪,暴雨,冰雹暴,沙塵暴,FALSE,,,,,,,,,,
word-catalog-v1,CREATE_DRAFT,,,,,rainwater,rainwater,noun,B1,nature-weather,雨水,,,,,,,,,,TRUE,雨滴,暴雨,降雨,預報,暴風雪,日落,TRUE,snowflake,snowstorm,raindrop,forecast,rainstorm,hailstorm,,,,
word-catalog-v1,CREATE_DRAFT,,,,,raindrop,raindrop,noun,B1,nature-weather,雨滴,,,,,,,,,,TRUE,雨水,陣雨,暴雨,雪花,預報,冰雹暴,TRUE,rainwater,snowflake,forecast,hailstorm,rainfall,sunrise,,,,
word-catalog-v1,CREATE_DRAFT,,,,,snowflake,snowflake,noun,B1,nature-weather,雪花,,,,,,,,,,TRUE,降雪,暴風雪,預報,雨滴,雨水,閃電,TRUE,raindrop,rainwater,forecast,snowstorm,sandstorm,windstorm,,,,
word-catalog-v1,CREATE_DRAFT,,,,,pour,pour,verb,B1,nature-weather,傾瀉,下傾盆大雨,,,,,,,,,FALSE,,,,,,,FALSE,,,,,,,,,,
word-catalog-v1,CREATE_DRAFT,,,,,flood,flood,verb,B1,nature-weather,氾濫,,,,,,,,,,TRUE,傾瀉,落下,升起,照耀,凍結,融化,TRUE,pour,set,rise,shine,freeze,melt,,,,
word-catalog-v1,CREATE_DRAFT,,,,,humid,humid,adjective,B1,nature-weather,潮溼的,,,,,,,,,,TRUE,好的,凍結的,平靜的,冰冷的,明亮的,多山的,FALSE,,,,,,,,,,
word-catalog-v1,CREATE_DRAFT,,,,,damp,damp,adjective,B1,nature-weather,潮溼的,,,,,,,,,,TRUE,好的,凍結的,平靜的,南極的,北極的,多岩石的,FALSE,,,,,,,,,,
word-catalog-v1,CREATE_DRAFT,,,,,frozen,frozen,adjective,B1,nature-weather,凍結的,,,,,,,,,,TRUE,好的,潮溼的,冰冷的,平靜的,南極的,環保的,TRUE,damp,humid,fine,calm,icy,bright,,,,
word-catalog-v1,CREATE_DRAFT,,,,,heat wave,heat wave,noun,B1,nature-weather,熱浪,,,,,,,,,,TRUE,酸雨,山脈,海平面,國家公園,原子能,碳足跡,TRUE,acid rain,mountain range,sea level,national park,climate crisis,natural disaster,,,,
word-catalog-v1,CREATE_DRAFT,,,,,fine,fine,adjective,B1,nature-weather,好的,,,,,,,,,,TRUE,潮溼的,凍結的,冰冷的,平靜的,北極的,綠色的,TRUE,frozen,calm,damp,icy,mountainous,rocky,,,,
word-catalog-v1,CREATE_DRAFT,,,,,calm,calm,adjective,B1,nature-weather,平靜的,,,,,,,,,,FALSE,,,,,,,TRUE,fine,frozen,icy,humid,mountainous,Antarctic,,,,
word-catalog-v1,CREATE_DRAFT,,,,,hailstorm,hailstorm,noun,B1,nature-weather,冰雹暴,,,,,,,,,,TRUE,風暴,沙塵暴,暴雨,暴風雪,預報,陰涼處,TRUE,forecast,sandstorm,windstorm,snowflake,rainstorm,shower,,,,
word-catalog-v1,CREATE_DRAFT,,,,,icy,icy,adjective,B1,nature-weather,冰冷的,,,,,,,,,,TRUE,好的,潮溼的,明亮的,平靜的,多岩石的,有毒的,TRUE,calm,fine,frozen,damp,Arctic,Antarctic,,,,
word-catalog-v1,CREATE_DRAFT,,,,,forecast,forecast,noun,B1,nature-weather,預報,,,,,,,,,,TRUE,冰雹暴,風暴,沙塵暴,雷聲,雨滴,日出,TRUE,hailstorm,sandstorm,windstorm,snowflake,raindrop,lightning,,,,
word-catalog-v1,CREATE_DRAFT,,,,,set,set,verb,B1,nature-weather,落下,,,,,,,,,,FALSE,,,,,,,TRUE,rise,shine,freeze,flood,pollute,consume,,,,
word-catalog-v1,CREATE_DRAFT,,,,,rise,rise,verb,B1,nature-weather,升起,,,,,,,,,,TRUE,照耀,落下,凍結,氾濫,汙染,消耗,TRUE,set,melt,shine,flood,recycle,rot,,,,
word-catalog-v1,CREATE_DRAFT,,,,,freeze,freeze,verb,B1,nature-weather,凍結,,,,,,,,,,TRUE,升起,融化,照耀,氾濫,回收,腐爛,TRUE,rise,melt,set,flood,harvest,milk,,,,
word-catalog-v1,CREATE_DRAFT,,,,,melt,melt,verb,B1,nature-weather,融化,,,,,,,,,,TRUE,凍結,照耀,升起,氾濫,收割,擠奶,TRUE,freeze,shine,rise,sow,recycle,rot,,,,
word-catalog-v1,CREATE_DRAFT,,,,,shine,shine,verb,B1,nature-weather,照耀,,,,,,,,,,TRUE,融化,落下,凍結,氾濫,播種,回收,TRUE,melt,freeze,set,flood,pollute,sow,,,,
word-catalog-v1,CREATE_DRAFT,,,,,acid rain,acid rain,noun,B1,nature-weather,酸雨,,,,,,,,,,TRUE,熱浪,山脈,海平面,國家公園,發電廠,養魚場,TRUE,heat wave,mountain range,sea level,national park,volcanic eruption,greenhouse gas,,,,
word-catalog-v1,CREATE_DRAFT,,,,,sandstorm,sandstorm,noun,B1,nature-weather,沙塵暴,,,,,,,,,,TRUE,風暴,冰雹暴,暴雨,暴風雪,閃電,陽光,FALSE,,,,,,,,,,
word-catalog-v1,CREATE_DRAFT,,,,,windstorm,windstorm,noun,B1,nature-weather,風暴,,,,,,,,,,TRUE,暴風雪,沙塵暴,暴雨,冰雹暴,雨水,雷聲,FALSE,,,,,,,,,,
word-catalog-v1,CREATE_DRAFT,,,,,bright,bright,adjective,B1,nature-weather,明亮的,,,,,,,,,,FALSE,,,,,,,FALSE,,,,,,,,,,
word-catalog-v1,CREATE_DRAFT,,,,,figure,figure,noun,B1,clothing-appearance,身材,,,,,,,,,,TRUE,美麗,醜陋,吸引力,超重,肥胖,髮型,TRUE,beauty,attractiveness,ugliness,overweight,obese,underweight,,,,
word-catalog-v1,CREATE_DRAFT,,,,,beauty,beauty,noun,B1,clothing-appearance,美麗,,,,,,,,,,TRUE,身材,醜陋,吸引力,超重,體重不足,淺,TRUE,figure,attractiveness,ugliness,overweight,hairstyle,haircut,,,,
word-catalog-v1,CREATE_DRAFT,,,,,attractiveness,attractiveness,noun,B1,clothing-appearance,吸引力,,,,,,,,,,TRUE,美麗,身材,醜陋,肥胖,體重不足,薑黃色,TRUE,beauty,figure,ugliness,obese,hairstyle,fair,,,,
word-catalog-v1,CREATE_DRAFT,,,,,stunning,stunning,adjective,B1,clothing-appearance,驚人的,,,,,,,,,,TRUE,不吸引人的,華麗的,胖乎乎的,濃密的,多毛的,灰髮的,FALSE,,,,,,,,,,
word-catalog-v1,CREATE_DRAFT,,,,,gorgeous,gorgeous,adjective,B1,clothing-appearance,華麗的,,,,,,,,,,TRUE,驚人的,胖乎乎的,濃密的,小的,多毛的,蒼白的,TRUE,stunning,unattractive,chubby,thick,hairy,gray-haired,,,,
word-catalog-v1,CREATE_DRAFT,,,,,ugliness,ugliness,noun,B1,clothing-appearance,醜陋,,,,,,,,,,TRUE,超重,髮型,美麗,身材,表情,體重不足,TRUE,underweight,attractiveness,overweight,figure,ginger,red,,,,
word-catalog-v1,CREATE_DRAFT,,,,,unattractive,unattractive,adjective,B1,clothing-appearance,不吸引人的,,,,,,,,,,TRUE,驚人的,胖乎乎的,華麗的,灰髮的,閃亮的,蒼白的,TRUE,gorgeous,chubby,stunning,thick,shiny,pale,,,,
word-catalog-v1,CREATE_DRAFT,,,,,chubby,chubby,adjective,B1,clothing-appearance,胖乎乎的,,,,,,,,,,TRUE,濃密的,小的,華麗的,多毛的,閃亮的,穿著考究的,TRUE,unattractive,gorgeous,thick,hairy,shiny,well-dressed,,,,
word-catalog-v1,CREATE_DRAFT,,,,,overweight,overweight,noun,B1,clothing-appearance,超重,,,,,,,,,,TRUE,體重不足,肥胖,髮型,醜陋,紅,淺,TRUE,obese,underweight,hairstyle,haircut,ugliness,ginger,,,,
word-catalog-v1,CREATE_DRAFT,,,,,obese,obese,noun,B1,clothing-appearance,肥胖,,,,,,,,,,TRUE,超重,髮型,醜陋,表情,痘痘,薑黃色,FALSE,,,,,,,,,,
word-catalog-v1,CREATE_DRAFT,,,,,underweight,underweight,noun,B1,clothing-appearance,體重不足,,,,,,,,,,TRUE,超重,肥胖,吸引力,咧嘴笑,薑黃色,雀斑,TRUE,obese,hairstyle,haircut,overweight,fair,expression,,,,
word-catalog-v1,CREATE_DRAFT,,,,,hairstyle,hairstyle,noun,B1,clothing-appearance,髮型,,,,,,,,,,TRUE,肥胖,紅,淺,表情,痘痘,種族,FALSE,,,,,,,,,,
word-catalog-v1,CREATE_DRAFT,,,,,thick,thick,adjective,B1,clothing-appearance,濃密的,,,,,,,,,,TRUE,灰髮的,小的,多毛的,蒼白的,閃亮的,不吸引人的,TRUE,gray-haired,hairy,chubby,pale,shiny,little,,,,
word-catalog-v1,CREATE_DRAFT,,,,,comb,comb,verb,B1,clothing-appearance,梳,,,,,,,,,,TRUE,刮,適合,扣緊,穿衣服,欺騙,紅,TRUE,shave,suit,button,dress,thick,haircut,,,,
word-catalog-v1,CREATE_DRAFT,,,,,haircut,haircut,noun,B1,clothing-appearance,髮型,,,,,,,,,,TRUE,雀斑,淺,表情,痘痘,咧嘴笑,薑黃色,FALSE,,,,,,,,,,
word-catalog-v1,CREATE_DRAFT,,,,,shave,shave,verb,B1,clothing-appearance,刮,,,,,,,,,,TRUE,梳,適合,扣緊,穿衣服,淺,髮型,TRUE,comb,suit,fasten,dress,gray-haired,red,,,,
word-catalog-v1,CREATE_DRAFT,,,,,hairy,hairy,adjective,B1,clothing-appearance,多毛的,,,,,,,,,,TRUE,灰髮的,小的,濃密的,蒼白的,華麗的,時髦的,TRUE,gray-haired,pale,shiny,well-dressed,thick,trendy,,,,
word-catalog-v1,CREATE_DRAFT,,,,,gray-haired,gray-haired,adjective,B1,clothing-appearance,灰髮的,,,,,,,,,,TRUE,多毛的,小的,閃亮的,胖乎乎的,時尚的,時髦的,TRUE,hairy,pale,little,well-dressed,thick,stunning,,,,
word-catalog-v1,CREATE_DRAFT,,,,,fair,fair,noun,B1,clothing-appearance,淺,,,,,,,,,,TRUE,紅,種族,雀斑,表情,咧嘴笑,髮型,TRUE,grin,ginger,expression,spot,red,freckle,,,,
word-catalog-v1,CREATE_DRAFT,,,,,ginger,ginger,noun,B1,clothing-appearance,薑黃色,,,,,,,,,,TRUE,咧嘴笑,痘痘,種族,雀斑,體重不足,吸引力,TRUE,fair,grin,expression,spot,race,haircut,,,,
word-catalog-v1,CREATE_DRAFT,,,,,red,red,noun,B1,clothing-appearance,紅,,,,,,,,,,TRUE,淺,表情,薑黃色,種族,髮型,美麗,TRUE,freckle,ginger,grin,fair,race,underweight,,,,
word-catalog-v1,CREATE_DRAFT,,,,,shiny,shiny,adjective,B1,clothing-appearance,閃亮的,,,,,,,,,,TRUE,蒼白的,小的,灰髮的,驚人的,穿著考究的,時尚的,TRUE,pale,little,well-dressed,gray-haired,unattractive,gorgeous,,,,
word-catalog-v1,CREATE_DRAFT,,,,,expression,expression,noun,B1,clothing-appearance,表情,,,,,,,,,,TRUE,痘痘,雀斑,紅,咧嘴笑,肥胖,身材,TRUE,spot,freckle,red,race,fair,hairstyle,,,,
word-catalog-v1,CREATE_DRAFT,,,,,pale,pale,adjective,B1,clothing-appearance,蒼白的,,,,,,,,,,TRUE,小的,閃亮的,灰髮的,濃密的,胖乎乎的,寬鬆的,TRUE,shiny,little,well-dressed,hairy,trendy,fashionable,,,,
word-catalog-v1,CREATE_DRAFT,,,,,grin,grin,noun,B1,clothing-appearance,咧嘴笑,,,,,,,,,,TRUE,薑黃色,痘痘,種族,雀斑,紅,超重,TRUE,spot,expression,freckle,race,underweight,obese,,,,
word-catalog-v1,CREATE_DRAFT,,,,,spot,spot,noun,B1,clothing-appearance,痘痘,,,,,,,,,,TRUE,種族,雀斑,咧嘴笑,薑黃色,醜陋,美麗,TRUE,grin,freckle,expression,race,hairstyle,overweight,,,,
word-catalog-v1,CREATE_DRAFT,,,,,freckle,freckle,noun,B1,clothing-appearance,雀斑,,,,,,,,,,TRUE,痘痘,種族,表情,咧嘴笑,超重,身材,TRUE,spot,grin,race,red,underweight,beauty,,,,
word-catalog-v1,CREATE_DRAFT,,,,,well-dressed,well-dressed,adjective,B1,clothing-appearance,穿著考究的,,,,,,,,,,TRUE,蒼白的,小的,閃亮的,濃密的,時尚的,善解人意的,TRUE,little,pale,shiny,thick,unattractive,fashionable,,,,
word-catalog-v1,CREATE_DRAFT,,,,,race,race,noun,B1,clothing-appearance,種族,,,,,,,,,,TRUE,雀斑,痘痘,表情,紅,醜陋,體重不足,TRUE,freckle,spot,grin,fair,obese,overweight,,,,
word-catalog-v1,CREATE_DRAFT,,,,,little,little,adjective,B1,clothing-appearance,小的,,,,,,,,,,TRUE,蒼白的,閃亮的,多毛的,濃密的,時髦的,寬鬆的,TRUE,well-dressed,pale,shiny,hairy,baggy,brave,,,,
word-catalog-v1,CREATE_DRAFT,,,,,period,period,noun,B1,time-calendar,時期,,,,,,,,,,FALSE,,,,,,,TRUE,term,daytime,nighttime,daylight,midday,afterward,,,,
word-catalog-v1,CREATE_DRAFT,,,,,term,term,noun,B1,time-calendar,期限,,,,,,,,,,TRUE,時期,白天,夜晚,日光,中午,之後,TRUE,daytime,nighttime,daylight,period,ago,already,,,,
word-catalog-v1,CREATE_DRAFT,,,,,while,while,conjunction,B1,time-calendar,一會兒,,,,,,,,,,TRUE,除非,一旦,但是,如果,因為,所以,TRUE,unless,and,or,if,because,so,,,,
word-catalog-v1,CREATE_DRAFT,,,,,daytime,daytime,noun,B1,time-calendar,白天,,,,,,,,,,TRUE,期限,夜晚,日光,時期,以前,已經,TRUE,term,midday,nighttime,ago,period,ever,,,,
word-catalog-v1,CREATE_DRAFT,,,,,nighttime,nighttime,noun,B1,time-calendar,夜晚,,,,,,,,,,TRUE,白天,中午,期限,日光,以前,曾經,TRUE,daytime,daylight,midday,ago,forever,just,,,,
word-catalog-v1,CREATE_DRAFT,,,,,daylight,daylight,noun,B1,time-calendar,日光,,,,,,,,,,TRUE,夜晚,中午,白天,期限,已經,永遠,TRUE,nighttime,midday,term,already,meanwhile,forever,,,,
word-catalog-v1,CREATE_DRAFT,,,,,midday,midday,noun,B1,time-calendar,中午,,,,,,,,,,TRUE,日光,夜晚,白天,期限,剛剛,遠,TRUE,daylight,daytime,nighttime,ever,just,meanwhile,,,,
word-catalog-v1,CREATE_DRAFT,,,,,at times,at times,noun,B1,time-calendar,有時,,,,,,,,,,TRUE,時期,與此同時,中午,日光,期限,永遠,FALSE,,,,,,,,,,
word-catalog-v1,CREATE_DRAFT,,,,,continuous,continuous,adjective,B1,time-calendar,連續的,,,,,,,,,,TRUE,遲到的,準時的,突然的,定期的,立即的,當前的,TRUE,late,punctual,sudden,regular,immediate,present,,,,
word-catalog-v1,CREATE_DRAFT,,,,,continuously,continuously,adverb,B1,time-calendar,連續地,,,,,,,,,,TRUE,定期地,最終,每小時,立即,目前,以前,TRUE,regularly,eventually,hourly,instantly,currently,previously,,,,
word-catalog-v1,CREATE_DRAFT,,,,,late,late,adjective,B1,time-calendar,遲到的,,,,,,,,,,TRUE,連續的,準時的,突然的,定期的,未來的,不規則的,TRUE,continuous,punctual,sudden,regular,future,irregular,,,,
word-catalog-v1,CREATE_DRAFT,,,,,last,last,verb,B1,time-calendar,持續,,,,,,,,,,TRUE,需要,連續地,連續的,遲到的,最終,準時的,TRUE,take,continuously,throughout,late,continuous,punctual,,,,
word-catalog-v1,CREATE_DRAFT,,,,,take,take,verb,B1,time-calendar,需要,,,,,,,,,,TRUE,持續,連續地,定期地,之後,遲到的,最終,FALSE,,,,,,,,,,
word-catalog-v1,CREATE_DRAFT,,,,,punctual,punctual,adjective,B1,time-calendar,準時的,,,,,,,,,,TRUE,突然的,立即的,定期的,連續的,額外的,有限的,TRUE,sudden,immediate,late,continuous,future,extra,,,,
word-catalog-v1,CREATE_DRAFT,,,,,throughout,throughout,preposition,B1,time-calendar,自始至終,,,,,,,,,,TRUE,過去的,到……上,與……不同,在……之中,沿著,下面,TRUE,past,unlike,onto,without,via,toward,,,,
word-catalog-v1,CREATE_DRAFT,,,,,sudden,sudden,adjective,B1,time-calendar,突然的,,,,,,,,,,TRUE,立即的,準時的,定期的,未來的,足夠的,額外的,TRUE,regular,immediate,punctual,continuous,limited,enough,,,,
word-catalog-v1,CREATE_DRAFT,,,,,regularly,regularly,adverb,B1,time-calendar,定期地,,,,,,,,,,TRUE,連續地,每小時,立即,最終,地下,嚴重地,TRUE,eventually,continuously,hourly,instantly,but,backward,,,,
word-catalog-v1,CREATE_DRAFT,,,,,regular,regular,adjective,B1,time-calendar,定期的,,,,,,,,,,TRUE,立即的,突然的,當前的,未來的,連續的,足夠的,TRUE,immediate,sudden,present,future,irregular,limited,,,,
word-catalog-v1,CREATE_DRAFT,,,,,immediate,immediate,adjective,B1,time-calendar,立即的,,,,,,,,,,TRUE,定期的,當前的,突然的,未來的,有限的,立即,TRUE,regular,present,sudden,future,extra,enough,,,,
word-catalog-v1,CREATE_DRAFT,,,,,eventually,eventually,adverb,B1,time-calendar,最終,,,,,,,,,,TRUE,定期地,目前,立即,連續地,最少,除了,FALSE,,,,,,,,,,
word-catalog-v1,CREATE_DRAFT,,,,,afterward,afterward,noun,B1,time-calendar,之後,,,,,,,,,,TRUE,以前,曾經,已經,剛剛,永遠,遠,FALSE,,,,,,,,,,
word-catalog-v1,CREATE_DRAFT,,,,,ago,ago,noun,B1,time-calendar,以前,,,,,,,,,,TRUE,之後,曾經,已經,剛剛,與此同時,中午,FALSE,,,,,,,,,,
word-catalog-v1,CREATE_DRAFT,,,,,all the time,all the time,noun,B1,time-calendar,一直,,,,,,,,,,TRUE,之後,以前,曾經,已經,夜晚,白天,TRUE,afterward,ago,already,ever,forever,just,,,,
word-catalog-v1,CREATE_DRAFT,,,,,hourly,hourly,adverb,B1,time-calendar,每小時,,,,,,,,,,TRUE,定期地,目前,立即,每,嚴重地,像,TRUE,instantly,currently,eventually,continuously,badly,as,,,,
word-catalog-v1,CREATE_DRAFT,,,,,instantly,instantly,adverb,B1,time-calendar,立即,,,,,,,,,,TRUE,每小時,目前,最終,連續地,除了,向後,FALSE,,,,,,,,,,
word-catalog-v1,CREATE_DRAFT,,,,,present,present,adjective,B1,time-calendar,當前的,,,,,,,,,,FALSE,,,,,,,FALSE,,,,,,,,,,
word-catalog-v1,CREATE_DRAFT,,,,,past,past,preposition,B1,time-calendar,過去的,,,,,,,,,,TRUE,自始至終,通過,沿著,下面,到……上,沒有,TRUE,throughout,unlike,along,off,onto,without,,,,
word-catalog-v1,CREATE_DRAFT,,,,,future,future,adjective,B1,time-calendar,未來的,,,,,,,,,,TRUE,當前的,立即的,定期的,不規則的,連續的,過去的,TRUE,present,irregular,immediate,regular,continuous,extra,,,,
word-catalog-v1,CREATE_DRAFT,,,,,already,already,noun,B1,time-calendar,已經,,,,,,,,,,TRUE,曾經,永遠,剛剛,與此同時,時期,夜晚,TRUE,ever,meanwhile,forever,just,away,midday,,,,
word-catalog-v1,CREATE_DRAFT,,,,,currently,currently,adverb,B1,time-calendar,目前,,,,,,,,,,TRUE,以前,每小時,立即,連續地,直到,包括,FALSE,,,,,,,,,,
word-catalog-v1,CREATE_DRAFT,,,,,ever,ever,noun,B1,time-calendar,曾經,,,,,,,,,,TRUE,已經,永遠,剛剛,與此同時,日光,白天,TRUE,already,meanwhile,forever,just,daylight,period,,,,
word-catalog-v1,CREATE_DRAFT,,,,,forever,forever,noun,B1,time-calendar,永遠,,,,,,,,,,TRUE,遠,曾經,剛剛,與此同時,日光,華氏,TRUE,ever,away,meanwhile,already,afterward,term,,,,
word-catalog-v1,CREATE_DRAFT,,,,,just,just,noun,B1,time-calendar,剛剛,,,,,,,,,,TRUE,永遠,遠,曾經,與此同時,之後,期限,TRUE,away,forever,meanwhile,already,ago,daytime,,,,
word-catalog-v1,CREATE_DRAFT,,,,,meanwhile,meanwhile,noun,B1,time-calendar,與此同時,,,,,,,,,,TRUE,時期,遠,剛剛,永遠,之後,中午,TRUE,just,away,ever,afterward,daylight,period,,,,
word-catalog-v1,CREATE_DRAFT,,,,,previously,previously,adverb,B1,time-calendar,以前,,,,,,,,,,TRUE,目前,每小時,立即,連續地,難以置信地,靠近,FALSE,,,,,,,,,,
word-catalog-v1,CREATE_DRAFT,,,,,away,away,noun,B1,time-calendar,遠,,,,,,,,,,FALSE,,,,,,,FALSE,,,,,,,,,,
word-catalog-v1,CREATE_DRAFT,,,,,irregular,irregular,adjective,B1,time-calendar,不規則的,,,,,,,,,,TRUE,未來的,當前的,立即的,準時的,有限的,過去的,TRUE,future,present,immediate,regular,previously,currently,,,,
word-catalog-v1,CREATE_DRAFT,,,,,armpit,armpit,noun,B1,body-health,腋窩,,,,,,,,,,TRUE,臀部,拇指,指甲,太陽穴,腳底,眼球,TRUE,hip,temple,thumb,toenail,fingernail,sole,,,,
word-catalog-v1,CREATE_DRAFT,,,,,hip,hip,noun,B1,body-health,臀部,,,,,,,,,,TRUE,腋窩,拇指,指甲,腳趾甲,太陽穴,循環,FALSE,,,,,,,,,,
word-catalog-v1,CREATE_DRAFT,,,,,temple,temple,noun,B1,body-health,太陽穴,,,,,,,,,,TRUE,腳趾甲,臀部,腋窩,拇指,腳底,感覺,TRUE,armpit,hip,thumb,toenail,eyeball,circulation,,,,
word-catalog-v1,CREATE_DRAFT,,,,,thumb,thumb,noun,B1,body-health,拇指,,,,,,,,,,TRUE,指甲,眼球,臀部,視力,腋窩,循環,TRUE,temple,fingernail,armpit,sole,eyeball,sense,,,,
word-catalog-v1,CREATE_DRAFT,,,,,toenail,toenail,noun,B1,body-health,腳趾甲,,,,,,,,,,TRUE,腳底,指甲,太陽穴,聽力,感覺,觸覺,TRUE,thumb,fingernail,sight,temple,circulation,hearing,,,,
word-catalog-v1,CREATE_DRAFT,,,,,fingernail,fingernail,noun,B1,body-health,指甲,,,,,,,,,,TRUE,拇指,腳趾甲,眼球,視力,嗅覺,腳底,TRUE,toenail,sole,eyeball,sense,touch,sight,,,,
word-catalog-v1,CREATE_DRAFT,,,,,sole,sole,noun,B1,body-health,腳底,,,,,,,,,,TRUE,腳趾甲,循環,聽力,眼球,感覺,觸覺,TRUE,smell,circulation,hearing,waist,fingernail,eyeball,,,,
word-catalog-v1,CREATE_DRAFT,,,,,eyeball,eyeball,noun,B1,body-health,眼球,,,,,,,,,,TRUE,眼淚,味覺,視力,嗅覺,激素,循環,TRUE,sense,touch,taste,sole,smell,hormone,,,,
word-catalog-v1,CREATE_DRAFT,,,,,breathe,breathe,verb,B1,body-health,呼吸,,,,,,,,,,TRUE,流血,受苦,治療,治癒,癒合,動手術,FALSE,,,,,,,,,,
word-catalog-v1,CREATE_DRAFT,,,,,circulation,circulation,noun,B1,body-health,循環,,,,,,,,,,TRUE,聽力,組織,感覺,觸覺,味覺,腰,TRUE,sight,hearing,waist,tissue,sense,touch,,,,
word-catalog-v1,CREATE_DRAFT,,,,,sense,sense,noun,B1,body-health,感覺,,,,,,,,,,TRUE,嗅覺,觸覺,味覺,神經,視力,手勢,FALSE,,,,,,,,,,
word-catalog-v1,CREATE_DRAFT,,,,,sight,sight,noun,B1,body-health,視力,,,,,,,,,,FALSE,,,,,,,TRUE,taste,nerve,smell,hormone,gesture,hearing,,,,
word-catalog-v1,CREATE_DRAFT,,,,,hearing,hearing,noun,B1,body-health,聽力,,,,,,,,,,TRUE,視力,激素,組織,神經,腰,嗅覺,TRUE,waist,tissue,tear,sight,taste,nerve,,,,
word-catalog-v1,CREATE_DRAFT,,,,,touch,touch,noun,B1,body-health,觸覺,,,,,,,,,,TRUE,味覺,嗅覺,感覺,聽力,激素,手勢,TRUE,smell,hormone,gesture,kidney,waist,tissue,,,,
word-catalog-v1,CREATE_DRAFT,,,,,smell,smell,noun,B1,body-health,嗅覺,,,,,,,,,,TRUE,觸覺,味覺,感覺,腎臟,眼淚,神經,TRUE,touch,tear,lung,taste,nerve,hormone,,,,
word-catalog-v1,CREATE_DRAFT,,,,,waist,waist,noun,B1,body-health,腰,,,,,,,,,,TRUE,肺,組織,激素,手勢,腎臟,眼淚,TRUE,gesture,kidney,tissue,tear,lung,taste,,,,
word-catalog-v1,CREATE_DRAFT,,,,,taste,taste,noun,B1,body-health,味覺,,,,,,,,,,TRUE,嗅覺,觸覺,感覺,組織,神經,肺,TRUE,nerve,waist,hormone,gesture,tear,circulation,,,,
word-catalog-v1,CREATE_DRAFT,,,,,hormone,hormone,noun,B1,body-health,激素,,,,,,,,,,TRUE,抗生素,手勢,腰,腎臟,組織,神經,TRUE,kidney,tissue,lung,nerve,smell,touch,,,,
word-catalog-v1,CREATE_DRAFT,,,,,tissue,tissue,noun,B1,body-health,組織,,,,,,,,,,TRUE,眼淚,激素,手勢,神經,腰,味覺,FALSE,,,,,,,,,,
word-catalog-v1,CREATE_DRAFT,,,,,nerve,nerve,noun,B1,body-health,神經,,,,,,,,,,TRUE,腎臟,眼淚,肺,聽力,腰,味覺,TRUE,gesture,kidney,tear,hormone,hearing,sight,,,,
word-catalog-v1,CREATE_DRAFT,,,,,gesture,gesture,noun,B1,body-health,手勢,,,,,,,,,,TRUE,手術,腎臟,眼淚,組織,神經,聽力,TRUE,lung,kidney,nerve,tear,waist,sense,,,,
word-catalog-v1,CREATE_DRAFT,,,,,tear,tear,noun,B1,body-health,眼淚,,,,,,,,,,TRUE,眼球,手勢,肺,腎臟,神經,循環,TRUE,lung,gesture,kidney,nerve,hormone,eyeball,,,,
word-catalog-v1,CREATE_DRAFT,,,,,blood sugar,blood sugar,noun,B1,body-health,血糖,,,,,,,,,,TRUE,急救箱,急救,藝術史,政治學,文化研究,信息技術,TRUE,first-aid kit,first aid,art history,computer science,cultural studies,information technology,,,,
word-catalog-v1,CREATE_DRAFT,,,,,kidney,kidney,noun,B1,body-health,腎臟,,,,,,,,,,TRUE,肺,眼淚,手勢,嗅覺,視力,腰,TRUE,lung,tear,tissue,smell,waist,hearing,,,,
word-catalog-v1,CREATE_DRAFT,,,,,lung,lung,noun,B1,body-health,肺,,,,,,,,,,TRUE,腎臟,激素,腰,眼淚,觸覺,循環,TRUE,kidney,gesture,taste,nerve,touch,circulation,,,,
word-catalog-v1,CREATE_DRAFT,,,,,dice,dice,noun,B1,sports-leisure,骰子,,,,,,,,,,TRUE,平局,輪次,遊戲,謎題,戲法,娃娃屋,TRUE,play,tie,chess,crossword,dollhouse,turn,,,,
word-catalog-v1,CREATE_DRAFT,,,,,tie,tie,noun,B1,sports-leisure,平局,,,,,,,,,,FALSE,,,,,,,TRUE,dice,play,chess,crossword,puzzle,rule,,,,
word-catalog-v1,CREATE_DRAFT,,,,,tie,tie,verb,B1,sports-leisure,打平,,,,,,,,,,FALSE,,,,,,,TRUE,cheat,go,deal,pass,edit,cover,,,,
word-catalog-v1,CREATE_DRAFT,,,,,cheat,cheat,verb,B1,sports-leisure,作弊,,,,,,,,,,FALSE,,,,,,,TRUE,tie,go,deal,pass,report,view,,,,
word-catalog-v1,CREATE_DRAFT,,,,,go,go,verb,B1,sports-leisure,走,,,,,,,,,,TRUE,作弊,打平,發牌,傳球,畫,出版,FALSE,,,,,,,,,,
word-catalog-v1,CREATE_DRAFT,,,,,turn,turn,noun,B1,sports-leisure,輪次,,,,,,,,,,FALSE,,,,,,,TRUE,play,dollhouse,chess,dice,bowling,trick,,,,
word-catalog-v1,CREATE_DRAFT,,,,,play,play,noun,B1,sports-leisure,遊戲,,,,,,,,,,FALSE,,,,,,,TRUE,crossword,puzzle,dollhouse,turn,dice,Ping-Pong,,,,
word-catalog-v1,CREATE_DRAFT,,,,,chess,chess,noun,B1,sports-leisure,國際象棋,,,,,,,,,,TRUE,填字遊戲,娃娃屋,遊戲,輪次,保齡球,骰子,TRUE,play,crossword,puzzle,dollhouse,bowling,balloon,,,,
word-catalog-v1,CREATE_DRAFT,,,,,crossword,crossword,noun,B1,sports-leisure,填字遊戲,,,,,,,,,,TRUE,遊戲,遊戲時間,戲法,國際象棋,娃娃屋,乒乓球,TRUE,chess,rule,puzzle,dollhouse,trick,Ping-Pong,,,,
word-catalog-v1,CREATE_DRAFT,,,,,dollhouse,dollhouse,noun,B1,sports-leisure,娃娃屋,,,,,,,,,,TRUE,填字遊戲,國際象棋,謎題,保齡球,規則,乒乓球,TRUE,rule,crossword,bowling,balloon,playtime,chess,,,,
word-catalog-v1,CREATE_DRAFT,,,,,winning,winning,adjective,B1,sports-leisure,獲勝的,,,,,,,,,,TRUE,有趣的,競爭的,健壯的,奧林匹克的,娃娃屋,謎題,TRUE,fun,amusing,competitive,athletic,entertaining,poetic,,,,
word-catalog-v1,CREATE_DRAFT,,,,,puzzle,puzzle,noun,B1,sports-leisure,謎題,,,,,,,,,,TRUE,戲法,規則,氣球,輪次,風箏,平局,TRUE,kite,trick,rule,Ping-Pong,darts,bowling,,,,
word-catalog-v1,CREATE_DRAFT,,,,,trick,trick,noun,B1,sports-leisure,戲法,,,,,,,,,,FALSE,,,,,,,TRUE,puzzle,balloon,playtime,card,kite,hide-and-seek,,,,
word-catalog-v1,CREATE_DRAFT,,,,,deal,deal,verb,B1,sports-leisure,發牌,,,,,,,,,,FALSE,,,,,,,TRUE,cheat,go,tie,subscribe,advertise,decorate,,,,
word-catalog-v1,CREATE_DRAFT,,,,,computer game,computer game,noun,B1,sports-leisure,電腦遊戲,,,,,,,,,,TRUE,猜謎遊戲,主場比賽,客場比賽,賽馬,視頻遊戲機,遊戲,TRUE,guessing game,home game,away game,horse racing,video game console,film festival,,,,
word-catalog-v1,CREATE_DRAFT,,,,,rule,rule,noun,B1,sports-leisure,規則,,,,,,,,,,FALSE,,,,,,,TRUE,Ping-Pong,darts,checkmate,bowling,balloon,playtime,,,,
word-catalog-v1,CREATE_DRAFT,,,,,bowling,bowling,noun,B1,sports-leisure,保齡球,,,,,,,,,,TRUE,氣球,乒乓球,捉迷藏,規則,飛鏢,遊戲時間,TRUE,card,rule,kite,hide-and-seek,Ping-Pong,checkmate,,,,
word-catalog-v1,CREATE_DRAFT,,,,,guessing game,guessing game,noun,B1,sports-leisure,猜謎遊戲,,,,,,,,,,TRUE,電腦遊戲,主場比賽,客場比賽,水肺潛水,遊戲,遊戲時間,TRUE,computer game,home game,away game,window shopping,movie maker,silent movie,,,,
word-catalog-v1,CREATE_DRAFT,,,,,Ping-Pong,Ping-Pong,noun,B1,sports-leisure,乒乓球,,,,,,,,,,TRUE,氣球,保齡球,捉迷藏,風箏,飛鏢,將死,FALSE,,,,,,,,,,
word-catalog-v1,CREATE_DRAFT,,,,,balloon,balloon,noun,B1,sports-leisure,氣球,,,,,,,,,,TRUE,乒乓球,保齡球,風箏,牌,飛鏢,規則,TRUE,darts,playtime,card,kite,checkmate,trick,,,,
word-catalog-v1,CREATE_DRAFT,,,,,fun,fun,adjective,B1,sports-leisure,有趣的,,,,,,,,,,TRUE,獲勝的,競爭的,健壯的,奧林匹克的,捉迷藏,乒乓球,FALSE,,,,,,,,,,
word-catalog-v1,CREATE_DRAFT,,,,,amusing,amusing,adjective,B1,sports-leisure,有趣的,,,,,,,,,,TRUE,獲勝的,競爭的,健壯的,假的,娛樂的,將死,FALSE,,,,,,,,,,
word-catalog-v1,CREATE_DRAFT,,,,,playtime,playtime,noun,B1,sports-leisure,遊戲時間,,,,,,,,,,TRUE,填字遊戲,戲法,捉迷藏,風箏,牌,飛鏢,TRUE,hide-and-seek,darts,card,kite,bowling,dollhouse,,,,
word-catalog-v1,CREATE_DRAFT,,,,,kite,kite,noun,B1,sports-leisure,風箏,,,,,,,,,,TRUE,將死,牌,飛鏢,氣球,遊戲時間,謎題,TRUE,hide-and-seek,playtime,darts,checkmate,rule,puzzle,,,,
word-catalog-v1,CREATE_DRAFT,,,,,darts,darts,noun,B1,sports-leisure,飛鏢,,,,,,,,,,TRUE,將死,風箏,牌,氣球,規則,骰子,TRUE,card,hide-and-seek,checkmate,playtime,bowling,play,,,,
word-catalog-v1,CREATE_DRAFT,,,,,card,card,noun,B1,sports-leisure,牌,,,,,,,,,,TRUE,將死,飛鏢,風箏,遊戲時間,規則,戲法,TRUE,darts,hide-and-seek,kite,checkmate,balloon,crossword,,,,
word-catalog-v1,CREATE_DRAFT,,,,,hide-and-seek,hide-and-seek,noun,B1,sports-leisure,捉迷藏,,,,,,,,,,TRUE,將死,牌,保齡球,乒乓球,遊戲時間,娃娃屋,TRUE,card,checkmate,darts,balloon,rule,turn,,,,
word-catalog-v1,CREATE_DRAFT,,,,,checkmate,checkmate,noun,B1,sports-leisure,將死,,,,,,,,,,TRUE,捉迷藏,飛鏢,牌,氣球,輪次,平局,TRUE,hide-and-seek,card,kite,trick,chess,play,,,,
word-catalog-v1,CREATE_DRAFT,,,,,video game console,video game console,noun,B1,sports-leisure,視頻遊戲機,,,,,,,,,,TRUE,猜謎遊戲,電腦遊戲,主場比賽,騎馬,遊戲,視覺藝術,TRUE,guessing game,computer game,home game,horseback riding,the performing arts,the visual arts,,,,
word-catalog-v1,CREATE_DRAFT,,,,,error,error,noun,B1,technology,錯誤,,,,,,,,,,TRUE,程式,軟件,鍵,硬件,按鈕,視窗,FALSE,,,,,,,,,,
word-catalog-v1,CREATE_DRAFT,,,,,key,key,noun,B1,technology,鍵,,,,,,,,,,TRUE,錯誤,程式,軟件,硬件,資料夾,桌面,TRUE,error,program,software,hardware,window,folder,,,,
word-catalog-v1,CREATE_DRAFT,,,,,log off,log off,phrasal_verb,B1,technology,登出,,,,,,,,,,TRUE,備份,登入,退出,安裝,打字,刪除,FALSE,,,,,,,,,,
word-catalog-v1,CREATE_DRAFT,,,,,program,program,noun,B1,technology,程式,,,,,,,,,,FALSE,,,,,,,TRUE,key,software,error,hardware,button,desktop,,,,
word-catalog-v1,CREATE_DRAFT,,,,,software,software,noun,B1,technology,軟件,,,,,,,,,,TRUE,硬件,程式,錯誤,按鈕,版本,應用程式,TRUE,program,key,hardware,error,version,application,,,,
word-catalog-v1,CREATE_DRAFT,,,,,operating system,operating system,noun,B1,technology,操作系統,,,,,,,,,,TRUE,博客文章,地址欄,聊天室,文化研究,信息技術,計算機科學,TRUE,address bar,blog post,chat room,political science,art history,computer science,,,,
word-catalog-v1,CREATE_DRAFT,,,,,install,install,verb,B1,technology,安裝,,,,,,,,,,TRUE,退出,打字,拖動,滾動,刪除,附加,TRUE,quit,type,delete,drag,scroll,attach,,,,
word-catalog-v1,CREATE_DRAFT,,,,,hardware,hardware,noun,B1,technology,硬件,,,,,,,,,,TRUE,軟件,視窗,按鈕,錯誤,資料夾,版本,TRUE,window,software,program,key,button,version,,,,
word-catalog-v1,CREATE_DRAFT,,,,,Wi-Fi,Wi-Fi,abbreviation,B1,technology,無線網絡,,,,,,,,,,FALSE,,,,,,,FALSE,,,,,,,,,,
word-catalog-v1,CREATE_DRAFT,,,,,quit,quit,verb,B1,technology,退出,,,,,,,,,,TRUE,安裝,打字,拖動,滾動,關注,轉發,TRUE,install,type,delete,drag,follow,forward,,,,
word-catalog-v1,CREATE_DRAFT,,,,,button,button,noun,B1,technology,按鈕,,,,,,,,,,FALSE,,,,,,,TRUE,folder,window,hardware,desktop,application,version,,,,
word-catalog-v1,CREATE_DRAFT,,,,,type,type,verb,B1,technology,打字,,,,,,,,,,TRUE,退出,刪除,安裝,拖動,瀏覽,發推,TRUE,quit,install,scroll,delete,surf,tweet,,,,
word-catalog-v1,CREATE_DRAFT,,,,,window,window,noun,B1,technology,視窗,,,,,,,,,,TRUE,桌面,按鈕,資料夾,硬件,版本,鍵,TRUE,folder,desktop,application,button,software,program,,,,
word-catalog-v1,CREATE_DRAFT,,,,,wireless,wireless,adjective,B1,technology,無線的,,,,,,,,,,TRUE,無線網絡,資料夾,視窗,滾動,打字,刪除,TRUE,Wi-Fi,window,folder,type,drag,quit,,,,
word-catalog-v1,CREATE_DRAFT,,,,,folder,folder,noun,B1,technology,資料夾,,,,,,,,,,TRUE,應用程式,視窗,桌面,版本,按鈕,瀏覽器,TRUE,window,desktop,version,button,error,blog,,,,
word-catalog-v1,CREATE_DRAFT,,,,,delete,delete,verb,B1,technology,刪除,,,,,,,,,,TRUE,拖動,滾動,退出,安裝,訪問,無線的,TRUE,scroll,drag,type,install,visit,surf,,,,
word-catalog-v1,CREATE_DRAFT,,,,,drag,drag,verb,B1,technology,拖動,,,,,,,,,,TRUE,滾動,刪除,打字,安裝,瀏覽,訪問,TRUE,delete,scroll,quit,follow,forward,visit,,,,
word-catalog-v1,CREATE_DRAFT,,,,,scroll,scroll,verb,B1,technology,滾動,,,,,,,,,,TRUE,拖動,刪除,退出,關注,轉發,訪問,FALSE,,,,,,,,,,
word-catalog-v1,CREATE_DRAFT,,,,,back up,back up,phrasal_verb,B1,technology,備份,,,,,,,,,,TRUE,登出,登入,滾動,拖動,刪除,安裝,TRUE,log off,log in,scroll,drag,delete,install,,,,
word-catalog-v1,CREATE_DRAFT,,,,,desktop,desktop,noun,B1,technology,桌面,,,,,,,,,,TRUE,版本,應用程式,視窗,資料夾,硬件,頁面,TRUE,application,version,folder,software,key,blogger,,,,
word-catalog-v1,CREATE_DRAFT,,,,,version,version,noun,B1,technology,版本,,,,,,,,,,TRUE,桌面,應用程式,視窗,資料夾,軟件,鍵,TRUE,desktop,application,folder,key,error,bookmark,,,,
word-catalog-v1,CREATE_DRAFT,,,,,application,application,noun,B1,technology,應用程式,,,,,,,,,,TRUE,程式,桌面,版本,資料夾,視窗,垃圾郵件,TRUE,version,desktop,window,program,browser,inbox,,,,
word-catalog-v1,CREATE_DRAFT,,,,,healthcare,healthcare,noun,B1,body-health,醫療保健,,,,,,,,,,TRUE,醫療檢查,治療,阿司匹林,福祉,藥,藥物,TRUE,welfare,medicine,drug,aspirin,antibiotic,capsule,,,,
word-catalog-v1,CREATE_DRAFT,,,,,welfare,welfare,noun,B1,body-health,福祉,,,,,,,,,,FALSE,,,,,,,TRUE,healthcare,medicine,drug,aspirin,bandage,Band-Aid,,,,
word-catalog-v1,CREATE_DRAFT,,,,,medicine,medicine,noun,B1,body-health,藥,,,,,,,,,,FALSE,,,,,,,TRUE,welfare,healthcare,antibiotic,drug,shot,bandage,,,,
word-catalog-v1,CREATE_DRAFT,,,,,medical,medical,adjective,B1,body-health,醫療的,,,,,,,,,,TRUE,心理的,痛苦的,陽性,陰性,醫療保健,醫療檢查,TRUE,positive,negative,painful,mental,medicine,welfare,,,,
word-catalog-v1,CREATE_DRAFT,,,,,positive,positive,adjective,B1,body-health,陽性,,,,,,,,,,FALSE,,,,,,,TRUE,medical,negative,painful,mental,capsule,aspirin,,,,
word-catalog-v1,CREATE_DRAFT,,,,,negative,negative,adjective,B1,body-health,陰性,,,,,,,,,,FALSE,,,,,,,TRUE,medical,positive,painful,mental,antibiotic,bleed,,,,
word-catalog-v1,CREATE_DRAFT,,,,,drug,drug,noun,B1,body-health,藥物,,,,,,,,,,FALSE,,,,,,,FALSE,,,,,,,,,,
word-catalog-v1,CREATE_DRAFT,,,,,aspirin,aspirin,noun,B1,body-health,阿司匹林,,,,,,,,,,TRUE,抗生素,創可貼,醫療保健,膠囊,藥物,繃帶,TRUE,capsule,Band-Aid,shot,drug,antibiotic,test,,,,
word-catalog-v1,CREATE_DRAFT,,,,,antibiotic,antibiotic,noun,B1,body-health,抗生素,,,,,,,,,,TRUE,創可貼,阿司匹林,膠囊,注射,繃帶,激素,TRUE,bandage,aspirin,capsule,Band-Aid,shot,operation,,,,
word-catalog-v1,CREATE_DRAFT,,,,,capsule,capsule,noun,B1,body-health,膠囊,,,,,,,,,,TRUE,注射,繃帶,檢查,藥物,抗生素,福祉,TRUE,bandage,Band-Aid,test,antibiotic,operation,treatment,,,,
word-catalog-v1,CREATE_DRAFT,,,,,first-aid kit,first-aid kit,noun,B1,body-health,急救箱,,,,,,,,,,TRUE,急救,血糖,藝術史,政治學,計算機科學,創可貼,TRUE,first aid,blood sugar,Band-Aid,cultural studies,information technology,political science,,,,
word-catalog-v1,CREATE_DRAFT,,,,,bandage,bandage,noun,B1,body-health,繃帶,,,,,,,,,,TRUE,膠囊,注射,檢查,手術,藥物,藥,TRUE,shot,test,capsule,operation,treatment,symptom,,,,
word-catalog-v1,CREATE_DRAFT,,,,,Band-Aid,Band-Aid,noun,B1,body-health,創可貼,,,,,,,,,,TRUE,抗生素,注射,阿司匹林,檢查,膠囊,醫療檢查,TRUE,shot,test,operation,aspirin,recovery,drug,,,,
word-catalog-v1,CREATE_DRAFT,,,,,shot,shot,noun,B1,body-health,注射,,,,,,,,,,TRUE,繃帶,手術,檢查,創可貼,症狀,治療,FALSE,,,,,,,,,,
word-catalog-v1,CREATE_DRAFT,,,,,bleed,bleed,verb,B1,body-health,流血,,,,,,,,,,TRUE,受苦,治癒,傳播,動手術,恢復,稱重,TRUE,suffer,operate,treat,cure,heal,spread,,,,
word-catalog-v1,CREATE_DRAFT,,,,,suffer,suffer,verb,B1,body-health,受苦,,,,,,,,,,TRUE,流血,癒合,治癒,傳播,恢復,呼吸,TRUE,bleed,operate,treat,cure,recover,weigh,,,,
word-catalog-v1,CREATE_DRAFT,,,,,painful,painful,adjective,B1,body-health,痛苦的,,,,,,,,,,TRUE,心理的,醫療的,陰性,陽性,受苦,動手術,FALSE,,,,,,,,,,
word-catalog-v1,CREATE_DRAFT,,,,,examination,examination,noun,B1,body-health,檢查,,,,,,,,,,FALSE,,,,,,,FALSE,,,,,,,,,,
word-catalog-v1,CREATE_DRAFT,,,,,test,test,noun,B1,body-health,醫療檢查,,,,,,,,,,TRUE,醫療保健,治療,體檢,手術,阿司匹林,症狀,TRUE,treatment,symptom,prescription,operation,care,recovery,,,,
word-catalog-v1,CREATE_DRAFT,,,,,operation,operation,noun,B1,body-health,手術,,,,,,,,,,TRUE,手勢,處方,照顧,檢查,症狀,治療,FALSE,,,,,,,,,,
word-catalog-v1,CREATE_DRAFT,,,,,operate,operate,verb,B1,body-health,動手術,,,,,,,,,,TRUE,癒合,治癒,流血,稱重,手術,心理的,TRUE,treat,heal,suffer,recover,bleed,breathe,,,,
word-catalog-v1,CREATE_DRAFT,,,,,treat,treat,verb,B1,body-health,治療,,,,,,,,,,TRUE,治癒,傳播,癒合,動手術,醫療的,醫療檢查,FALSE,,,,,,,,,,
word-catalog-v1,CREATE_DRAFT,,,,,treatment,treatment,noun,B1,body-health,治療,,,,,,,,,,TRUE,醫療檢查,醫療保健,處方,照顧,恢復,症狀,FALSE,,,,,,,,,,
word-catalog-v1,CREATE_DRAFT,,,,,cure,cure,verb,B1,body-health,治癒,,,,,,,,,,TRUE,治療,傳播,恢復,受苦,流血,處方,FALSE,,,,,,,,,,
word-catalog-v1,CREATE_DRAFT,,,,,heal,heal,verb,B1,body-health,癒合,,,,,,,,,,TRUE,傳播,恢復,稱重,治療,呼吸,毒藥,TRUE,spread,operate,recover,treat,breathe,symptom,,,,
word-catalog-v1,CREATE_DRAFT,,,,,mental,mental,adjective,B1,body-health,心理的,,,,,,,,,,TRUE,痛苦的,醫療的,陰性,陽性,照顧,體檢,TRUE,painful,medical,negative,positive,heal,spread,,,,
word-catalog-v1,CREATE_DRAFT,,,,,spread,spread,verb,B1,body-health,傳播,,,,,,,,,,TRUE,癒合,恢復,治癒,稱重,治療,症狀,TRUE,cure,heal,recover,weigh,suffer,prescription,,,,
word-catalog-v1,CREATE_DRAFT,,,,,symptom,symptom,noun,B1,body-health,症狀,,,,,,,,,,TRUE,處方,毒藥,照顧,體檢,恢復,手術,TRUE,care,checkup,recovery,prescription,poison,test,,,,
word-catalog-v1,CREATE_DRAFT,,,,,recover,recover,verb,B1,body-health,恢復,,,,,,,,,,TRUE,傳播,癒合,稱重,治癒,處方,毒藥,FALSE,,,,,,,,,,
word-catalog-v1,CREATE_DRAFT,,,,,recovery,recovery,noun,B1,body-health,恢復,,,,,,,,,,TRUE,照顧,體檢,處方,症狀,注射,繃帶,FALSE,,,,,,,,,,
word-catalog-v1,CREATE_DRAFT,,,,,prescription,prescription,noun,B1,body-health,處方,,,,,,,,,,TRUE,毒藥,照顧,體檢,症狀,檢查,膠囊,TRUE,care,checkup,poison,symptom,treatment,bandage,,,,
word-catalog-v1,CREATE_DRAFT,,,,,care,care,noun,B1,body-health,照顧,關注,,,,,,,,,TRUE,毒藥,體檢,處方,症狀,治療,創可貼,FALSE,,,,,,,,,,
word-catalog-v1,CREATE_DRAFT,,,,,care for,care for,phrasal_verb,B1,body-health,照顧,,,,,,,,,,TRUE,稱重,傳播,恢復,癒合,備份,登出,FALSE,,,,,,,,,,
word-catalog-v1,CREATE_DRAFT,,,,,first aid,first aid,noun,B1,body-health,急救,,,,,,,,,,TRUE,急救箱,血糖,藝術史,政治學,毒藥,體檢,TRUE,first-aid kit,blood sugar,Band-Aid,art history,computer science,political science,,,,
word-catalog-v1,CREATE_DRAFT,,,,,checkup,checkup,noun,B1,body-health,體檢,,,,,,,,,,TRUE,檢查,醫療檢查,毒藥,照顧,處方,注射,TRUE,poison,care,prescription,symptom,shot,examination,,,,
word-catalog-v1,CREATE_DRAFT,,,,,weigh,weigh,verb,B1,body-health,稱重,,,,,,,,,,TRUE,傳播,恢復,動手術,癒合,治療,體檢,TRUE,spread,recover,cure,heal,bleed,checkup,,,,
word-catalog-v1,CREATE_DRAFT,,,,,poison,poison,noun,B1,body-health,毒藥,,,,,,,,,,FALSE,,,,,,,TRUE,checkup,recovery,care,symptom,shot,Band-Aid,,,,
word-catalog-v1,CREATE_DRAFT,,,,,region,region,noun,B1,nature-weather,地區,,,,,,,,,,TRUE,土地,高地,林地,草地,叢林,洞穴,FALSE,,,,,,,,,,
word-catalog-v1,CREATE_DRAFT,,,,,land,land,noun,B1,nature-weather,土地,,,,,,,,,,TRUE,地區,高地,林地,草地,懸崖,峽谷,TRUE,region,highland,woodland,jungle,meadow,cave,,,,
word-catalog-v1,CREATE_DRAFT,,,,,highland,highland,noun,B1,nature-weather,高地,,,,,,,,,,TRUE,土地,地區,林地,草地,瀑布,沙子,TRUE,land,woodland,region,jungle,cliff,canyon,,,,
word-catalog-v1,CREATE_DRAFT,,,,,woodland,woodland,noun,B1,nature-weather,林地,,,,,,,,,,TRUE,叢林,高地,土地,地區,懸崖,瀑布,TRUE,highland,land,meadow,jungle,cliff,waterfall,,,,
word-catalog-v1,CREATE_DRAFT,,,,,jungle,jungle,noun,B1,nature-weather,叢林,,,,,,,,,,TRUE,林地,洞穴,草地,懸崖,運河,岸,TRUE,cave,woodland,meadow,land,bank,cliff,,,,
word-catalog-v1,CREATE_DRAFT,,,,,meadow,meadow,noun,B1,nature-weather,草地,,,,,,,,,,TRUE,高地,土地,林地,地區,海峽,海岸線,TRUE,cave,highland,canyon,coastline,jungle,waterfall,,,,
word-catalog-v1,CREATE_DRAFT,,,,,mountain range,mountain range,noun,B1,nature-weather,山脈,,,,,,,,,,TRUE,海平面,國家公園,火山噴發,酸雨,熱浪,化石燃料,TRUE,sea level,national park,acid rain,heat wave,greenhouse effect,air pollution,,,,
word-catalog-v1,CREATE_DRAFT,,,,,cave,cave,noun,B1,nature-weather,洞穴,,,,,,,,,,TRUE,峽谷,叢林,懸崖,瀑布,沙子,運河,TRUE,sand,bank,canal,cliff,canyon,coastline,,,,
word-catalog-v1,CREATE_DRAFT,,,,,cliff,cliff,noun,B1,nature-weather,懸崖,,,,,,,,,,TRUE,洞穴,峽谷,岸,海峽,叢林,瀑布,TRUE,channel,cave,waterfall,sand,bank,canal,,,,
word-catalog-v1,CREATE_DRAFT,,,,,mountainous,mountainous,adjective,B1,nature-weather,多山的,,,,,,,,,,TRUE,多岩石的,南極的,北極的,明亮的,冰冷的,潮溼的,TRUE,rocky,Arctic,Antarctic,bright,icy,calm,,,,
word-catalog-v1,CREATE_DRAFT,,,,,rocky,rocky,adjective,B1,nature-weather,多岩石的,,,,,,,,,,TRUE,多山的,南極的,北極的,明亮的,好的,有機的,TRUE,mountainous,Arctic,Antarctic,bright,fine,eco-friendly,,,,
word-catalog-v1,CREATE_DRAFT,,,,,canyon,canyon,noun,B1,nature-weather,峽谷,,,,,,,,,,TRUE,海峽,沙子,海岸線,運河,岸,火山,TRUE,mud,coastline,channel,waterfall,sand,volcano,,,,
word-catalog-v1,CREATE_DRAFT,,,,,waterfall,waterfall,noun,B1,nature-weather,瀑布,,,,,,,,,,TRUE,峽谷,泥,沙子,海岸線,位置,運河,TRUE,canyon,bank,canal,mud,channel,location,,,,
word-catalog-v1,CREATE_DRAFT,,,,,bank,bank,noun,B1,nature-weather,岸,,,,,,,,,,TRUE,海岸線,泥,瀑布,海峽,火山,峽谷,TRUE,coastline,sand,canal,mud,location,meadow,,,,
word-catalog-v1,CREATE_DRAFT,,,,,coastline,coastline,noun,B1,nature-weather,海岸線,,,,,,,,,,TRUE,岸,海峽,沙子,位置,泥,洞穴,TRUE,channel,volcano,bank,sand,canyon,woodland,,,,
word-catalog-v1,CREATE_DRAFT,,,,,sand,sand,noun,B1,nature-weather,沙子,,,,,,,,,,TRUE,運河,火山,位置,海峽,泥,懸崖,TRUE,coastline,canal,mud,channel,cliff,cave,,,,
word-catalog-v1,CREATE_DRAFT,,,,,canal,canal,noun,B1,nature-weather,運河,,,,,,,,,,TRUE,沙子,火山,位置,海岸線,瀑布,洞穴,TRUE,volcano,location,mud,sand,bank,region,,,,
word-catalog-v1,CREATE_DRAFT,,,,,channel,channel,noun,B1,nature-weather,海峽,,,,,,,,,,FALSE,,,,,,,TRUE,volcano,canal,location,mud,waterfall,cliff,,,,
word-catalog-v1,CREATE_DRAFT,,,,,sea level,sea level,noun,B1,nature-weather,海平面,,,,,,,,,,TRUE,國家公園,山脈,酸雨,熱浪,二氧化碳,氣候危機,TRUE,national park,mountain range,acid rain,heat wave,power plant,fish farm,,,,
word-catalog-v1,CREATE_DRAFT,,,,,mud,mud,noun,B1,nature-weather,泥,,,,,,,,,,TRUE,岸,火山,位置,運河,峽谷,瀑布,TRUE,volcano,channel,location,coastline,canal,highland,,,,
word-catalog-v1,CREATE_DRAFT,,,,,national park,national park,noun,B1,nature-weather,國家公園,,,,,,,,,,TRUE,海平面,山脈,酸雨,熱浪,自然災害,溫室氣體,TRUE,sea level,mountain range,acid rain,heat wave,fossil fuel,atomic energy,,,,
word-catalog-v1,CREATE_DRAFT,,,,,Antarctic,Antarctic,adjective,B1,nature-weather,南極的,,,,,,,,,,TRUE,北極的,多山的,多岩石的,明亮的,凍結的,環保的,TRUE,Arctic,rocky,mountainous,bright,humid,frozen,,,,
word-catalog-v1,CREATE_DRAFT,,,,,Arctic,Arctic,adjective,B1,nature-weather,北極的,,,,,,,,,,TRUE,南極的,多山的,多岩石的,明亮的,平靜的,綠色的,TRUE,Antarctic,rocky,mountainous,bright,damp,green,,,,
word-catalog-v1,CREATE_DRAFT,,,,,volcano,volcano,noun,B1,nature-weather,火山,,,,,,,,,,TRUE,位置,泥,海峽,海岸線,草地,叢林,TRUE,location,mud,channel,sand,cave,jungle,,,,
word-catalog-v1,CREATE_DRAFT,,,,,location,location,noun,B1,nature-weather,位置,,,,,,,,,,TRUE,火山,泥,運河,沙子,洞穴,草地,TRUE,volcano,mud,waterfall,canyon,bank,meadow,,,,
word-catalog-v1,CREATE_DRAFT,,,,,cafe,cafe,noun,B1,places-community,咖啡館,,,,,,,,,,TRUE,夜總會,健身房,畫廊,遊樂場,理髮店,住宅區,TRUE,gallery,nightclub,gym,playground,barbershop,suburb,,,,
word-catalog-v1,CREATE_DRAFT,,,,,gallery,gallery,noun,B1,places-community,畫廊,,,,,,,,,,TRUE,咖啡館,郊區,夜總會,健身房,社區,遊樂場,TRUE,cafe,nightclub,gym,playground,outskirts,uptown,,,,
word-catalog-v1,CREATE_DRAFT,,,,,nightclub,nightclub,noun,B1,places-community,夜總會,,,,,,,,,,TRUE,咖啡館,理髮店,健身房,畫廊,通勤者,郊區,TRUE,gallery,cafe,barbershop,gym,outskirts,community,,,,
word-catalog-v1,CREATE_DRAFT,,,,,fire station,fire station,noun,B1,places-community,消防站,,,,,,,,,,TRUE,內城區,停車場,路標,路燈,靠窗座位,頭等艙,TRUE,inner city,parking lot,road sign,street light,window seat,first class,,,,
word-catalog-v1,CREATE_DRAFT,,,,,gym,gym,noun,B1,places-community,健身房,,,,,,,,,,TRUE,住房,遊樂場,夜總會,理髮店,咖啡館,通勤者,TRUE,suburb,playground,nightclub,uptown,commuter,population,,,,
word-catalog-v1,CREATE_DRAFT,,,,,playground,playground,noun,B1,places-community,遊樂場,,,,,,,,,,TRUE,廣場,住宅區,健身房,理髮店,郊區,人口,TRUE,barbershop,suburb,outskirts,community,housing,uptown,,,,
word-catalog-v1,CREATE_DRAFT,,,,,barbershop,barbershop,noun,B1,places-community,理髮店,,,,,,,,,,TRUE,披薩店,住宅區,遊樂場,通勤者,社區,夜總會,TRUE,commuter,playground,suburb,gym,outskirts,community,,,,
word-catalog-v1,CREATE_DRAFT,,,,,suburb,suburb,noun,B1,places-community,郊區,,,,,,,,,,TRUE,社區,住宅區,人口,住房,行人,畫廊,FALSE,,,,,,,,,,
word-catalog-v1,CREATE_DRAFT,,,,,outskirts,outskirts,noun,B1,places-community,郊區,,,,,,,,,,TRUE,社區,住宅區,人口,小路,天橋,農田,FALSE,,,,,,,,,,
word-catalog-v1,CREATE_DRAFT,,,,,uptown,uptown,noun,B1,places-community,住宅區,,,,,,,,,,TRUE,郊區,住房,社區,通勤者,理髮店,行人,TRUE,population,housing,pedestrian,commuter,lane,community,,,,
word-catalog-v1,CREATE_DRAFT,,,,,inner city,inner city,noun,B1,places-community,內城區,,,,,,,,,,TRUE,停車場,消防站,路標,路燈,郊區,社區,TRUE,parking lot,road sign,fire station,street light,seat belt,economy class,,,,
word-catalog-v1,CREATE_DRAFT,,,,,community,community,noun,B1,places-community,社區,,,,,,,,,,TRUE,郊區,住宅區,人口,小路,住房,草原,TRUE,population,housing,pedestrian,overpass,crossroad,uptown,,,,
word-catalog-v1,CREATE_DRAFT,,,,,commuter,commuter,noun,B1,places-community,通勤者,,,,,,,,,,TRUE,十字路口,行人,天橋,人口,小路,人行道,TRUE,population,lane,farmland,housing,overpass,grassland,,,,
word-catalog-v1,CREATE_DRAFT,,,,,population,population,noun,B1,places-community,人口,,,,,,,,,,TRUE,行人,人行道,十字路口,農田,果園,住房,TRUE,commuter,pedestrian,crossroad,county,lane,farmland,,,,
word-catalog-v1,CREATE_DRAFT,,,,,housing,housing,noun,B1,places-community,住房,,,,,,,,,,TRUE,健身房,住宅區,天橋,草原,小路,果園,TRUE,orchard,pedestrian,overpass,grassland,well,population,,,,
word-catalog-v1,CREATE_DRAFT,,,,,parking lot,parking lot,noun,B1,places-community,停車場,,,,,,,,,,TRUE,路標,路燈,內城區,消防站,廣場,在船上,TRUE,road sign,inner city,street light,fire station,business class,on board,,,,
word-catalog-v1,CREATE_DRAFT,,,,,road sign,road sign,noun,B1,places-community,路標,,,,,,,,,,TRUE,路燈,停車場,內城區,消防站,小路,十字路口,TRUE,parking lot,street light,inner city,fire station,reception desk,day trip,,,,
word-catalog-v1,CREATE_DRAFT,,,,,pedestrian,pedestrian,noun,B1,places-community,行人,,,,,,,,,,TRUE,人行道,人口,農田,縣,水壩,天橋,TRUE,crossroad,county,pizzeria,lane,orchard,dam,,,,
word-catalog-v1,CREATE_DRAFT,,,,,street light,street light,noun,B1,places-community,路燈,,,,,,,,,,TRUE,路標,停車場,內城區,消防站,安全帶,經濟艙,TRUE,road sign,parking lot,inner city,fire station,desk clerk,front desk,,,,
word-catalog-v1,CREATE_DRAFT,,,,,lane,lane,noun,B1,places-community,小路,,,,,,,,,,TRUE,十字路口,草原,井,祖國,農田,果園,FALSE,,,,,,,,,,
word-catalog-v1,CREATE_DRAFT,,,,,overpass,overpass,noun,B1,places-community,天橋,,,,,,,,,,TRUE,縣,水壩,草原,井,祖國,披薩店,TRUE,farmland,grassland,well,sidewalk,crossroad,county,,,,
word-catalog-v1,CREATE_DRAFT,,,,,crossroad,crossroad,noun,B1,places-community,十字路口,,,,,,,,,,TRUE,小路,人口,披薩店,天橋,果園,縣,FALSE,,,,,,,,,,
word-catalog-v1,CREATE_DRAFT,,,,,farmland,farmland,noun,B1,places-community,農田,,,,,,,,,,TRUE,水壩,草原,井,果園,廣場,天橋,TRUE,pizzeria,homeland,orchard,dam,square,grassland,,,,
word-catalog-v1,CREATE_DRAFT,,,,,grassland,grassland,noun,B1,places-community,草原,,,,,,,,,,TRUE,農田,祖國,縣,水壩,果園,廣場,TRUE,well,sidewalk,farmland,pizzeria,homeland,orchard,,,,
word-catalog-v1,CREATE_DRAFT,,,,,county,county,noun,B1,places-community,縣,,,,,,,,,,TRUE,井,祖國,草原,人行道,行人,廣場,TRUE,dam,square,well,sidewalk,pizzeria,overpass,,,,
word-catalog-v1,CREATE_DRAFT,,,,,orchard,orchard,noun,B1,places-community,果園,,,,,,,,,,TRUE,水壩,披薩店,縣,農田,行人,小路,TRUE,county,homeland,dam,square,well,farmland,,,,
word-catalog-v1,CREATE_DRAFT,,,,,well,well,noun,B1,places-community,井,,,,,,,,,,TRUE,縣,祖國,水壩,人行道,十字路口,行人,TRUE,sidewalk,orchard,pizzeria,county,square,pedestrian,,,,
word-catalog-v1,CREATE_DRAFT,,,,,pizzeria,pizzeria,noun,B1,places-community,披薩店,,,,,,,,,,TRUE,理髮店,人行道,井,祖國,水壩,果園,TRUE,homeland,dam,sidewalk,well,grassland,lane,,,,
word-catalog-v1,CREATE_DRAFT,,,,,dam,dam,noun,B1,places-community,水壩,,,,,,,,,,TRUE,披薩店,廣場,祖國,井,果園,住房,TRUE,homeland,square,pizzeria,sidewalk,crossroad,lane,,,,
word-catalog-v1,CREATE_DRAFT,,,,,sidewalk,sidewalk,noun,B1,places-community,人行道,,,,,,,,,,TRUE,行人,人口,披薩店,廣場,水壩,祖國,TRUE,dam,homeland,square,overpass,crossroad,pedestrian,,,,
word-catalog-v1,CREATE_DRAFT,,,,,homeland,homeland,noun,B1,places-community,祖國,,,,,,,,,,TRUE,廣場,人行道,草原,披薩店,水壩,農田,TRUE,sidewalk,square,dam,orchard,farmland,crossroad,,,,
word-catalog-v1,CREATE_DRAFT,,,,,square,square,noun,B1,places-community,廣場,,,,,,,,,,TRUE,遊樂場,祖國,人行道,井,披薩店,天橋,TRUE,homeland,pizzeria,county,sidewalk,grassland,overpass,,,,
word-catalog-v1,CREATE_DRAFT,,,,,Christmas,Christmas,proper_noun,B1,society-law-politics,聖誕節,,,,,,,,,,TRUE,萬聖節前夕,光明節,感恩節,復活節,神,母親節,TRUE,God,Hanukkah,Easter,Thanksgiving,Halloween,Father's Day,,,,
word-catalog-v1,CREATE_DRAFT,,,,,santa claus,santa claus,noun,B1,society-law-politics,聖誕老人,,,,,,,,,,TRUE,聖誕襪,聖誕樹,聖誕頌歌,平安夜,人才外流,地方政府,TRUE,Christmas carol,christmas stocking,christmas tree,christmas eve,local government,blood money,,,,
word-catalog-v1,CREATE_DRAFT,,,,,Christmas carol,Christmas carol,noun,B1,society-law-politics,聖誕頌歌,,,,,,,,,,TRUE,聖誕襪,聖誕樹,聖誕老人,平安夜,性別差距,同輩壓力,TRUE,christmas stocking,christmas tree,christmas eve,santa claus,death penalty,gender gap,,,,
word-catalog-v1,CREATE_DRAFT,,,,,eggnog,eggnog,noun,B1,society-law-politics,蛋酒,,,,,,,,,,TRUE,天使,精靈,槲寄生,奇蹟,前夕,慶祝,TRUE,mistletoe,angel,elf,miracle,eve,celebration,,,,
word-catalog-v1,CREATE_DRAFT,,,,,christmas stocking,christmas stocking,noun,B1,society-law-politics,聖誕襪,,,,,,,,,,TRUE,聖誕樹,聖誕頌歌,聖誕老人,平安夜,血錢,死刑,TRUE,Christmas carol,christmas tree,christmas eve,santa claus,peer pressure,modern slavery,,,,
word-catalog-v1,CREATE_DRAFT,,,,,christmas tree,christmas tree,noun,B1,society-law-politics,聖誕樹,,,,,,,,,,TRUE,聖誕襪,聖誕頌歌,聖誕老人,平安夜,社會服務,現代奴隸制,TRUE,christmas stocking,Christmas carol,christmas eve,santa claus,social inequality,social service,,,,
word-catalog-v1,CREATE_DRAFT,,,,,christmas eve,christmas eve,noun,B1,society-law-politics,平安夜,,,,,,,,,,TRUE,聖誕樹,聖誕襪,聖誕頌歌,聖誕老人,社會不平等,和平,TRUE,christmas tree,christmas stocking,Christmas carol,santa claus,brain drain,eve,,,,
word-catalog-v1,CREATE_DRAFT,,,,,mistletoe,mistletoe,noun,B1,society-law-politics,槲寄生,,,,,,,,,,TRUE,出生,蛋酒,天使,精靈,奇蹟,慈善,TRUE,eggnog,angel,elf,miracle,charity,religion,,,,
word-catalog-v1,CREATE_DRAFT,,,,,God,God,proper_noun,B1,society-law-politics,神,,,,,,,,,,TRUE,光明節,感恩節,聖誕節,復活節,元旦,父親節,TRUE,Hanukkah,Easter,Thanksgiving,Christmas,Mother's Day,New Year's Day,,,,
word-catalog-v1,CREATE_DRAFT,,,,,angel,angel,noun,B1,society-law-politics,天使,,,,,,,,,,TRUE,精靈,前夕,奇蹟,蛋酒,宗教,祈禱,TRUE,mistletoe,elf,miracle,eggnog,prayer,abbey,,,,
word-catalog-v1,CREATE_DRAFT,,,,,elf,elf,noun,B1,society-law-politics,精靈,,,,,,,,,,TRUE,天使,前夕,慶祝,慈善,宗教,祈禱,FALSE,,,,,,,,,,
word-catalog-v1,CREATE_DRAFT,,,,,Hanukkah,Hanukkah,proper_noun,B1,society-law-politics,光明節,,,,,,,,,,TRUE,感恩節,復活節,聖誕節,萬聖節前夕,超級碗,臉書,TRUE,God,Easter,Thanksgiving,Christmas,Super Bowl,Facebook,,,,
word-catalog-v1,CREATE_DRAFT,,,,,miracle,miracle,noun,B1,society-law-politics,奇蹟,,,,,,,,,,TRUE,前夕,慶祝,精靈,慈善,儀式,習俗,TRUE,eve,celebration,charity,angel,religion,prayer,,,,
word-catalog-v1,CREATE_DRAFT,,,,,eve,eve,noun,B1,society-law-politics,前夕,,,,,,,,,,TRUE,奇蹟,宗教,慶祝,祈禱,傳統,修道院,TRUE,celebration,cathedral,miracle,charity,ceremony,religion,,,,
word-catalog-v1,CREATE_DRAFT,,,,,Easter,Easter,proper_noun,B1,society-law-politics,復活節,,,,,,,,,,TRUE,感恩節,光明節,聖誕節,萬聖節前夕,網址,可口可樂,TRUE,Hanukkah,Thanksgiving,God,Christmas,Google,URL,,,,
word-catalog-v1,CREATE_DRAFT,,,,,Thanksgiving,Thanksgiving,proper_noun,B1,society-law-politics,感恩節,,,,,,,,,,TRUE,復活節,光明節,聖誕節,萬聖節前夕,搜尋引擎,果凍,TRUE,Easter,Hanukkah,God,Christmas,YouTube,Jell-O,,,,
word-catalog-v1,CREATE_DRAFT,,,,,celebration,celebration,noun,B1,society-law-politics,慶祝,,,,,,,,,,TRUE,慈善,儀式,大教堂,信仰,宗教,習俗,FALSE,,,,,,,,,,
word-catalog-v1,CREATE_DRAFT,,,,,charity,charity,noun,B1,society-law-politics,慈善,,,,,,,,,,TRUE,祈禱,修道院,傳統,信徒,儀式,大教堂,TRUE,abbey,custom,prayer,cathedral,tradition,ceremony,,,,
word-catalog-v1,CREATE_DRAFT,,,,,religion,religion,noun,B1,society-law-politics,宗教,,,,,,,,,,TRUE,大教堂,信仰,習俗,祈禱,傳統,牧師,TRUE,faith,abbey,custom,charity,prayer,believer,,,,
word-catalog-v1,CREATE_DRAFT,,,,,prayer,prayer,noun,B1,society-law-politics,祈禱,,,,,,,,,,TRUE,修道院,信徒,宗教,儀式,信仰,裝飾,FALSE,,,,,,,,,,
word-catalog-v1,CREATE_DRAFT,,,,,pray,pray,verb,B1,society-law-politics,祈禱,,,,,,,,,,TRUE,祝福,舉辦,娛樂,包裹,聚集,參加,FALSE,,,,,,,,,,
word-catalog-v1,CREATE_DRAFT,,,,,abbey,abbey,noun,B1,society-law-politics,修道院,,,,,,,,,,TRUE,大教堂,習俗,傳統,信徒,槲寄生,畢業典禮,TRUE,cathedral,tradition,ceremony,faith,believer,priest,,,,
word-catalog-v1,CREATE_DRAFT,,,,,cathedral,cathedral,noun,B1,society-law-politics,大教堂,,,,,,,,,,TRUE,宗教,修道院,牧師,儀式,訂婚,習俗,TRUE,custom,tradition,abbey,faith,decoration,birth,,,,
word-catalog-v1,CREATE_DRAFT,,,,,ceremony,ceremony,noun,B1,society-law-politics,儀式,,,,,,,,,,TRUE,信仰,裝飾,出生,傳統,信徒,牧師,TRUE,cathedral,custom,tradition,believer,decoration,engagement,,,,
word-catalog-v1,CREATE_DRAFT,,,,,custom,custom,noun,B1,society-law-politics,習俗,,,,,,,,,,TRUE,信仰,裝飾,訂婚,出生,儀式,活動,TRUE,ceremony,priest,faith,birth,decoration,engagement,,,,
word-catalog-v1,CREATE_DRAFT,,,,,tradition,tradition,noun,B1,society-law-politics,傳統,,,,,,,,,,TRUE,信徒,牧師,習俗,信仰,訂婚,場合,TRUE,believer,priest,custom,faith,birth,event,,,,
word-catalog-v1,CREATE_DRAFT,,,,,faith,faith,noun,B1,society-law-politics,信仰,,,,,,,,,,TRUE,信徒,裝飾,傳統,聚會,活動,訂婚,TRUE,tradition,believer,priest,decoration,occasion,birth,,,,
word-catalog-v1,CREATE_DRAFT,,,,,religious,religious,adjective,B1,society-law-politics,宗教的,,,,,,,,,,TRUE,神聖的,血腥的,政治的,犯罪的,社會的,種族的,TRUE,holy,bloody,political,criminal,social,racial,,,,
word-catalog-v1,CREATE_DRAFT,,,,,believer,believer,noun,B1,society-law-politics,信徒,,,,,,,,,,TRUE,信仰,出生,牧師,場合,畢業典禮,聚會,TRUE,engagement,gathering,priest,event,decoration,occasion,,,,
word-catalog-v1,CREATE_DRAFT,,,,,bless,bless,verb,B1,society-law-politics,祝福,,,,,,,,,,TRUE,舉辦,娛樂,包裹,祈禱,主辦,服從,TRUE,pray,throw,entertain,wrap,gather,participate,,,,
word-catalog-v1,CREATE_DRAFT,,,,,holy,holy,adjective,B1,society-law-politics,神聖的,,,,,,,,,,TRUE,宗教的,血腥的,無知的,政治的,犯罪的,光明的,TRUE,religious,bloody,ignorant,political,criminal,well-paid,,,,
word-catalog-v1,CREATE_DRAFT,,,,,priest,priest,noun,B1,society-law-politics,牧師,,,,,,,,,,TRUE,裝飾,出生,橫幅,活動,場合,蠟燭,TRUE,engagement,birth,gathering,banner,event,candle,,,,
word-catalog-v1,CREATE_DRAFT,,,,,decoration,decoration,noun,B1,society-law-politics,裝飾,,,,,,,,,,TRUE,訂婚,牧師,出生,畢業典禮,橫幅,禮物,FALSE,,,,,,,,,,
word-catalog-v1,CREATE_DRAFT,,,,,birth,birth,noun,B1,society-law-politics,出生,,,,,,,,,,TRUE,槲寄生,聚會,裝飾,活動,場合,畢業典禮,TRUE,engagement,occasion,gathering,banner,believer,war,,,,
word-catalog-v1,CREATE_DRAFT,,,,,graduation,graduation,noun,B1,society-law-politics,畢業典禮,,,,,,,,,,FALSE,,,,,,,TRUE,event,birth,engagement,occasion,peace,army,,,,
word-catalog-v1,CREATE_DRAFT,,,,,engagement,engagement,noun,B1,society-law-politics,訂婚,,,,,,,,,,TRUE,蠟燭,聚會,橫幅,禮物,活動,戰爭,TRUE,candle,gathering,banner,decoration,occasion,graduation,,,,
word-catalog-v1,CREATE_DRAFT,,,,,Father's Day,Father's Day,proper_noun,B1,society-law-politics,父親節,,,,,,,,,,TRUE,母親節,感恩節,復活節,聖誕節,網址,搜尋引擎,TRUE,Mother's Day,New Year's Day,Halloween,Thanksgiving,God,Super Bowl,,,,
word-catalog-v1,CREATE_DRAFT,,,,,New Year's Day,New Year's Day,proper_noun,B1,society-law-politics,元旦,,,,,,,,,,TRUE,父親節,母親節,萬聖節前夕,神,聖誕節,超級碗,TRUE,Father's Day,Mother's Day,Halloween,Easter,Christmas,Super Bowl,,,,
word-catalog-v1,CREATE_DRAFT,,,,,Mother's Day,Mother's Day,proper_noun,B1,society-law-politics,母親節,,,,,,,,,,TRUE,父親節,感恩節,萬聖節前夕,復活節,可口可樂,果凍,TRUE,Father's Day,New Year's Day,Halloween,Thanksgiving,Christmas,Facebook,,,,
word-catalog-v1,CREATE_DRAFT,,,,,Halloween,Halloween,proper_noun,B1,society-law-politics,萬聖節前夕,,,,,,,,,,TRUE,聖誕節,感恩節,光明節,神,超級碗,網上影片平台,TRUE,Easter,Hanukkah,Thanksgiving,Super Bowl,Google,YouTube,,,,
word-catalog-v1,CREATE_DRAFT,,,,,event,event,noun,B1,society-law-politics,活動,,,,,,,,,,TRUE,場合,蠟燭,聚會,橫幅,軍隊,和平,FALSE,,,,,,,,,,
word-catalog-v1,CREATE_DRAFT,,,,,occasion,occasion,noun,B1,society-law-politics,場合,,,,,,,,,,TRUE,禮物,蠟燭,戰爭,力量,軍隊,和平,TRUE,candle,event,gathering,war,military,peace,,,,
word-catalog-v1,CREATE_DRAFT,,,,,gathering,gathering,noun,B1,society-law-politics,聚會,,,,,,,,,,TRUE,橫幅,禮物,場合,活動,力量,軍隊,FALSE,,,,,,,,,,
word-catalog-v1,CREATE_DRAFT,,,,,throw,throw,verb,B1,society-law-politics,舉辦,,,,,,,,,,TRUE,主辦,娛樂,聚集,參加,命令,服從,TRUE,entertain,wrap,host,gather,bless,obey,,,,
word-catalog-v1,CREATE_DRAFT,,,,,entertain,entertain,verb,B1,society-law-politics,娛樂,,,,,,,,,,TRUE,舉辦,包裹,聚集,主辦,命令,擊敗,FALSE,,,,,,,,,,
word-catalog-v1,CREATE_DRAFT,,,,,banner,banner,noun,B1,society-law-politics,橫幅,,,,,,,,,,TRUE,蠟燭,戰爭,禮物,軍官,衝突,戰鬥,TRUE,candle,force,army,war,military,commander,,,,
word-catalog-v1,CREATE_DRAFT,,,,,blow out,blow out,phrasal_verb,B1,society-law-politics,吹滅,,,,,,,,,,TRUE,繼續,放棄,有點,指出,致力於,娛樂,TRUE,point out,go on,give up,work on,sort of,throw,,,,
word-catalog-v1,CREATE_DRAFT,,,,,candle,candle,noun,B1,society-law-politics,蠟燭,,,,,,,,,,TRUE,戰爭,禮物,和平,橫幅,軍官,指揮官,TRUE,banner,peace,force,army,officer,war,,,,
word-catalog-v1,CREATE_DRAFT,,,,,present,present,noun,B1,society-law-politics,禮物,,,,,,,,,,FALSE,,,,,,,FALSE,,,,,,,,,,
word-catalog-v1,CREATE_DRAFT,,,,,wrap,wrap,verb,B1,society-law-politics,包裹,,,,,,,,,,FALSE,,,,,,,FALSE,,,,,,,,,,
word-catalog-v1,CREATE_DRAFT,,,,,gather,gather,verb,B1,society-law-politics,聚集,,,,,,,,,,TRUE,參加,包裹,主辦,服從,保衛,擊敗,TRUE,participate,host,wrap,order,obey,throw,,,,
word-catalog-v1,CREATE_DRAFT,,,,,participate,participate,verb,B1,society-law-politics,參加,,,,,,,,,,TRUE,聚集,主辦,包裹,服從,守衛,射擊,FALSE,,,,,,,,,,
word-catalog-v1,CREATE_DRAFT,,,,,host,host,verb,B1,society-law-politics,主辦,,,,,,,,,,FALSE,,,,,,,TRUE,participate,gather,order,wrap,defeat,defend,,,,
word-catalog-v1,CREATE_DRAFT,,,,,war,war,noun,B1,society-law-politics,戰爭,,,,,,,,,,TRUE,戰鬥,戰鬥機飛行員,力量,軍隊,衝突,失敗,TRUE,military,conflict,peace,force,commander,battle,,,,
word-catalog-v1,CREATE_DRAFT,,,,,peace,peace,noun,B1,society-law-politics,和平,,,,,,,,,,TRUE,力量,戰爭,軍隊,軍官,指揮官,防禦,TRUE,army,officer,military,conflict,force,defense,,,,
word-catalog-v1,CREATE_DRAFT,,,,,army,army,noun,B1,society-law-politics,軍隊,,,,,,,,,,TRUE,軍官,和平,衝突,失敗,勝利,力量,FALSE,,,,,,,,,,
word-catalog-v1,CREATE_DRAFT,,,,,military,military,noun,B1,society-law-politics,軍隊,,,,,,,,,,TRUE,軍官,戰鬥,指揮官,防禦,武器,衝突,FALSE,,,,,,,,,,
word-catalog-v1,CREATE_DRAFT,,,,,force,force,noun,B1,society-law-politics,力量,,,,,,,,,,FALSE,,,,,,,TRUE,commander,battle,officer,conflict,defeat,victory,,,,
word-catalog-v1,CREATE_DRAFT,,,,,obey,obey,verb,B1,society-law-politics,服從,,,,,,,,,,TRUE,命令,保衛,擊敗,守衛,參加,爆炸,TRUE,order,defend,host,defeat,fire,explode,,,,
word-catalog-v1,CREATE_DRAFT,,,,,order,order,verb,B1,society-law-politics,命令,,,,,,,,,,TRUE,服從,保衛,擊敗,守衛,射擊,損壞,FALSE,,,,,,,,,,
word-catalog-v1,CREATE_DRAFT,,,,,commander,commander,noun,B1,society-law-politics,指揮官,,,,,,,,,,TRUE,軍官,失敗,勝利,戰鬥,子彈,防禦,TRUE,battle,officer,defense,weapon,conflict,gun,,,,
word-catalog-v1,CREATE_DRAFT,,,,,officer,officer,noun,B1,society-law-politics,軍官,,,,,,,,,,TRUE,軍隊,指揮官,武器,炸彈,衝突,失敗,TRUE,commander,victory,battle,bullet,defense,weapon,,,,
word-catalog-v1,CREATE_DRAFT,,,,,conflict,conflict,noun,B1,society-law-politics,衝突,,,,,,,,,,TRUE,勝利,戰鬥,子彈,槍,武器,炸彈,TRUE,bomb,defeat,victory,gun,officer,bullet,,,,
word-catalog-v1,CREATE_DRAFT,,,,,battle,battle,noun,B1,society-law-politics,戰鬥,,,,,,,,,,TRUE,戰爭,戰鬥機飛行員,防禦,失敗,勝利,槍,FALSE,,,,,,,,,,
word-catalog-v1,CREATE_DRAFT,,,,,defeat,defeat,verb,B1,society-law-politics,擊敗,,,,,,,,,,FALSE,,,,,,,TRUE,defend,obey,shoot,fire,order,damage,,,,
word-catalog-v1,CREATE_DRAFT,,,,,defeat,defeat,noun,B1,society-law-politics,失敗,,,,,,,,,,FALSE,,,,,,,FALSE,,,,,,,,,,
word-catalog-v1,CREATE_DRAFT,,,,,defend,defend,verb,B1,society-law-politics,保衛,,,,,,,,,,TRUE,守衛,爆炸,擊敗,射擊,轟炸,瞄準,TRUE,explode,shoot,defeat,fire,guard,damage,,,,
word-catalog-v1,CREATE_DRAFT,,,,,defense,defense,noun,B1,society-law-politics,防禦,,,,,,,,,,TRUE,子彈,敵人,武器,炸彈,爆炸,失敗,TRUE,weapon,bomb,victory,gun,explosion,enemy,,,,
word-catalog-v1,CREATE_DRAFT,,,,,victory,victory,noun,B1,society-law-politics,勝利,,,,,,,,,,TRUE,防禦,子彈,槍,敵人,武器,破壞,TRUE,defense,bullet,weapon,bomb,gun,dogfighter,,,,
word-catalog-v1,CREATE_DRAFT,,,,,guard,guard,verb,B1,society-law-politics,守衛,,,,,,,,,,FALSE,,,,,,,TRUE,defend,explode,shoot,fire,target,bomb,,,,
word-catalog-v1,CREATE_DRAFT,,,,,weapon,weapon,noun,B1,society-law-politics,武器,,,,,,,,,,TRUE,炸彈,勝利,子彈,敵人,導彈,破壞,FALSE,,,,,,,,,,
word-catalog-v1,CREATE_DRAFT,,,,,gun,gun,noun,B1,society-law-politics,槍,,,,,,,,,,TRUE,槍聲,槍火,霰彈槍,炸彈,爆炸,武器,TRUE,explosion,bullet,enemy,weapon,destruction,dogfighter,,,,
word-catalog-v1,CREATE_DRAFT,,,,,bullet,bullet,noun,B1,society-law-politics,子彈,,,,,,,,,,TRUE,炸彈,導彈,霰彈槍,槍,敵人,爆炸,TRUE,explosion,enemy,gun,combat,missile,destruction,,,,
word-catalog-v1,CREATE_DRAFT,,,,,bomb,bomb,noun,B1,society-law-politics,炸彈,,,,,,,,,,FALSE,,,,,,,TRUE,bullet,explosion,enemy,shotgun,combat,gunshot,,,,
word-catalog-v1,CREATE_DRAFT,,,,,fire,fire,verb,B1,society-law-politics,射擊,,,,,,,,,,TRUE,擊敗,損壞,轟炸,瞄準,詢問,保衛,FALSE,,,,,,,,,,
word-catalog-v1,CREATE_DRAFT,,,,,explode,explode,verb,B1,society-law-politics,爆炸,,,,,,,,,,TRUE,轟炸,射擊,損壞,瞄準,命令,服從,FALSE,,,,,,,,,,
word-catalog-v1,CREATE_DRAFT,,,,,shoot,shoot,verb,B1,society-law-politics,射擊,,,,,,,,,,TRUE,擊敗,損壞,轟炸,爆炸,命令,聚集,FALSE,,,,,,,,,,
word-catalog-v1,CREATE_DRAFT,,,,,explosion,explosion,noun,B1,society-law-politics,爆炸,,,,,,,,,,TRUE,炸彈,敵人,破壞,槍聲,槍火,槍,FALSE,,,,,,,,,,
word-catalog-v1,CREATE_DRAFT,,,,,enemy,enemy,noun,B1,society-law-politics,敵人,,,,,,,,,,TRUE,導彈,破壞,槍聲,槍火,爆炸,子彈,TRUE,dogfighter,missile,gunfire,destruction,shotgun,explosion,,,,
word-catalog-v1,CREATE_DRAFT,,,,,damage,damage,verb,B1,society-law-politics,損壞,,,,,,,,,,FALSE,,,,,,,TRUE,target,question,shoot,bomb,guard,defeat,,,,
word-catalog-v1,CREATE_DRAFT,,,,,bomb,bomb,verb,B1,society-law-politics,轟炸,,,,,,,,,,FALSE,,,,,,,FALSE,,,,,,,,,,
word-catalog-v1,CREATE_DRAFT,,,,,bloody,bloody,adjective,B1,society-law-politics,血腥的,,,,,,,,,,TRUE,神聖的,宗教的,政治的,社會的,無知的,丟失的,TRUE,holy,religious,political,social,ignorant,disappointing,,,,
word-catalog-v1,CREATE_DRAFT,,,,,dogfighter,dogfighter,noun,B1,society-law-politics,戰鬥機飛行員,,,,,,,,,,TRUE,戰鬥,戰爭,霰彈槍,導彈,破壞,槍聲,TRUE,combat,gunshot,missile,gunfire,destruction,bomb,,,,
word-catalog-v1,CREATE_DRAFT,,,,,target,target,verb,B1,society-law-politics,瞄準,,,,,,,,,,TRUE,詢問,轟炸,損壞,射擊,守衛,參加,FALSE,,,,,,,,,,
word-catalog-v1,CREATE_DRAFT,,,,,destruction,destruction,noun,B1,society-law-politics,破壞,,,,,,,,,,TRUE,導彈,槍火,槍聲,霰彈槍,敵人,戰鬥機飛行員,FALSE,,,,,,,,,,
word-catalog-v1,CREATE_DRAFT,,,,,combat,combat,noun,B1,society-law-politics,戰鬥,,,,,,,,,,TRUE,戰鬥機飛行員,戰爭,破壞,導彈,槍火,勝利,FALSE,,,,,,,,,,
word-catalog-v1,CREATE_DRAFT,,,,,missile,missile,noun,B1,society-law-politics,導彈,,,,,,,,,,TRUE,子彈,炸彈,霰彈槍,槍聲,戰鬥,敵人,TRUE,shotgun,gunshot,gunfire,combat,dogfighter,gun,,,,
word-catalog-v1,CREATE_DRAFT,,,,,shotgun,shotgun,noun,B1,society-law-politics,霰彈槍,,,,,,,,,,TRUE,槍,槍火,導彈,槍聲,戰鬥,武器,TRUE,missile,gunshot,gunfire,dogfighter,enemy,bullet,,,,
word-catalog-v1,CREATE_DRAFT,,,,,gunshot,gunshot,noun,B1,society-law-politics,槍聲,,,,,,,,,,TRUE,槍,槍火,霰彈槍,破壞,導彈,防禦,TRUE,shotgun,gunfire,missile,combat,enemy,victory,,,,
word-catalog-v1,CREATE_DRAFT,,,,,gunfire,gunfire,noun,B1,society-law-politics,槍火,,,,,,,,,,TRUE,槍,槍聲,霰彈槍,破壞,爆炸,戰鬥機飛行員,TRUE,gunshot,shotgun,destruction,missile,enemy,weapon,,,,
word-catalog-v1,CREATE_DRAFT,,,,,question,question,verb,B1,society-law-politics,詢問,,,,,,,,,,TRUE,瞄準,轟炸,損壞,守衛,主辦,聚集,TRUE,target,damage,explode,shoot,obey,host,,,,
word-catalog-v1,CREATE_DRAFT,,,,,Fahrenheit,Fahrenheit,noun,B1,numbers-quantity,華氏,,,,,,,,,,TRUE,攝氏,盎司,加侖,英寸,規模,打,TRUE,Celsius,centigrade,dozen,ounce,gallon,inch,,,,
word-catalog-v1,CREATE_DRAFT,,,,,Celsius,Celsius,noun,B1,numbers-quantity,攝氏,,,,,,,,,,TRUE,華氏,盎司,加侖,英寸,一塊,數量,FALSE,,,,,,,,,,
word-catalog-v1,CREATE_DRAFT,,,,,centigrade,centigrade,noun,B1,numbers-quantity,攝氏,,,,,,,,,,TRUE,華氏,盎司,打,規模,片,一塊,FALSE,,,,,,,,,,
word-catalog-v1,CREATE_DRAFT,,,,,dozen,dozen,noun,B1,numbers-quantity,打,,,,,,,,,,TRUE,攝氏,片,卷,束,加侖,堆,FALSE,,,,,,,,,,
word-catalog-v1,CREATE_DRAFT,,,,,ounce,ounce,noun,B1,numbers-quantity,盎司,,,,,,,,,,TRUE,攝氏,英寸,規模,數量,華氏,邊緣,TRUE,scale,dozen,gallon,Fahrenheit,piece,centigrade,,,,
word-catalog-v1,CREATE_DRAFT,,,,,gallon,gallon,noun,B1,numbers-quantity,加侖,,,,,,,,,,TRUE,盎司,英寸,規模,一塊,一條麵包,容器,TRUE,ounce,inch,slice,scale,loaf,piece,,,,
word-catalog-v1,CREATE_DRAFT,,,,,inch,inch,noun,B1,numbers-quantity,英寸,,,,,,,,,,TRUE,加侖,規模,攝氏,數量,片,紙盒,TRUE,bar,slice,roll,gallon,scale,loaf,,,,
word-catalog-v1,CREATE_DRAFT,,,,,scale,scale,noun,B1,numbers-quantity,規模,,,,,,,,,,TRUE,卷,英寸,一塊,邊緣,排,箱子,TRUE,number,inch,piece,bar,bunch,slice,,,,
word-catalog-v1,CREATE_DRAFT,,,,,piece,piece,noun,B1,numbers-quantity,塊,,,,,,,,,,FALSE,,,,,,,FALSE,,,,,,,,,,
word-catalog-v1,CREATE_DRAFT,,,,,slice,slice,noun,B1,numbers-quantity,片,,,,,,,,,,TRUE,束,卷,堆,排,打,包,TRUE,roll,pile,loaf,number,row,bar,,,,
word-catalog-v1,CREATE_DRAFT,,,,,loaf,loaf,noun,B1,numbers-quantity,一條麵包,,,,,,,,,,TRUE,包,一塊,包裹,一點,容器,數量,TRUE,bunch,edge,roll,pile,container,number,,,,
word-catalog-v1,CREATE_DRAFT,,,,,bar,bar,noun,B1,numbers-quantity,一塊,,,,,,,,,,TRUE,塊,一點,一條麵包,紙盒,邊緣,箱子,TRUE,row,carton,bunch,edge,case,loaf,,,,
word-catalog-v1,CREATE_DRAFT,,,,,roll,roll,noun,B1,numbers-quantity,卷,,,,,,,,,,FALSE,,,,,,,TRUE,pile,container,pack,bar,number,carton,,,,
word-catalog-v1,CREATE_DRAFT,,,,,number,number,noun,B1,numbers-quantity,數量,,,,,,,,,,TRUE,束,容器,杯子,堆,紙盒,邊緣,FALSE,,,,,,,,,,
word-catalog-v1,CREATE_DRAFT,,,,,bunch,bunch,noun,B1,numbers-quantity,束,,,,,,,,,,TRUE,排,堆,卷,壺,片,罐,TRUE,row,packet,edge,case,package,pile,,,,
word-catalog-v1,CREATE_DRAFT,,,,,pile,pile,noun,B1,numbers-quantity,堆,,,,,,,,,,TRUE,束,排,包,壺,箱子,罐子,TRUE,container,pack,mug,bunch,row,carton,,,,
word-catalog-v1,CREATE_DRAFT,,,,,row,row,noun,B1,numbers-quantity,排,,,,,,,,,,TRUE,堆,束,包,容器,壺,管子,TRUE,packet,jug,edge,case,jar,container,,,,
word-catalog-v1,CREATE_DRAFT,,,,,edge,edge,noun,B1,numbers-quantity,邊緣,,,,,,,,,,TRUE,杯子,紙盒,托盤,箱子,罐子,容器,TRUE,package,pack,mug,tube,carton,packet,,,,
word-catalog-v1,CREATE_DRAFT,,,,,container,container,noun,B1,numbers-quantity,容器,,,,,,,,,,TRUE,杯子,管子,籃子,邊緣,紙盒,托盤,TRUE,jug,tray,case,package,jar,can,,,,
word-catalog-v1,CREATE_DRAFT,,,,,carton,carton,noun,B1,numbers-quantity,紙盒,,,,,,,,,,TRUE,箱子,罐子,杯子,管子,籃子,最大,TRUE,pack,mug,tube,jug,tray,bucket,,,,
word-catalog-v1,CREATE_DRAFT,,,,,case,case,noun,B1,numbers-quantity,箱子,,,,,,,,,,TRUE,罐子,杯子,管子,托盤,最小,桶,TRUE,packet,package,jar,can,carton,maximum,,,,
word-catalog-v1,CREATE_DRAFT,,,,,pack,pack,noun,B1,numbers-quantity,包,,,,,,,,,,TRUE,一條麵包,罐,壺,桶,排,籃子,FALSE,,,,,,,,,,
word-catalog-v1,CREATE_DRAFT,,,,,packet,packet,noun,B1,numbers-quantity,包,,,,,,,,,,TRUE,包裹,一條麵包,罐,壺,最大,雙倍,FALSE,,,,,,,,,,
word-catalog-v1,CREATE_DRAFT,,,,,package,package,noun,B1,numbers-quantity,包裹,,,,,,,,,,TRUE,包,一條麵包,托盤,最小,罐子,籃子,FALSE,,,,,,,,,,
word-catalog-v1,CREATE_DRAFT,,,,,mug,mug,noun,B1,numbers-quantity,杯子,,,,,,,,,,TRUE,管子,罐子,籃子,雙倍,水罐,托盤,TRUE,tube,jug,tray,minimum,jar,maximum,,,,
word-catalog-v1,CREATE_DRAFT,,,,,jug,jug,noun,B1,numbers-quantity,壺,,,,,,,,,,TRUE,桶,罐,包,最大,最小,杯子,TRUE,bucket,mug,can,tube,double,minimum,,,,
word-catalog-v1,CREATE_DRAFT,,,,,jar,jar,noun,B1,numbers-quantity,罐子,,,,,,,,,,TRUE,罐,管子,水罐,籃子,杯子,最小,TRUE,tray,bucket,can,bit,jug,maximum,,,,
word-catalog-v1,CREATE_DRAFT,,,,,tube,tube,noun,B1,numbers-quantity,管子,,,,,,,,,,TRUE,罐子,籃子,箱子,雙倍,桶,一點,TRUE,double,pitcher,jar,tray,bucket,minimum,,,,
word-catalog-v1,CREATE_DRAFT,,,,,tray,tray,noun,B1,numbers-quantity,托盤,,,,,,,,,,TRUE,最大,雙倍,水罐,最小,管子,桶,TRUE,tube,can,bit,maximum,double,pitcher,,,,
word-catalog-v1,CREATE_DRAFT,,,,,can,can,noun,B1,numbers-quantity,罐,,,,,,,,,,TRUE,水罐,罐子,桶,壺,托盤,最大,TRUE,bucket,minimum,bit,tray,tube,package,,,,
word-catalog-v1,CREATE_DRAFT,,,,,basket,basket,noun,B1,numbers-quantity,籃子,,,,,,,,,,FALSE,,,,,,,TRUE,maximum,double,pitcher,bucket,mug,jug,,,,
word-catalog-v1,CREATE_DRAFT,,,,,bucket,bucket,noun,B1,numbers-quantity,桶,,,,,,,,,,TRUE,罐,一點,最大,雙倍,最小,托盤,TRUE,minimum,bit,can,maximum,basket,jar,,,,
word-catalog-v1,CREATE_DRAFT,,,,,extra,extra,adjective,B1,numbers-quantity,額外的,,,,,,,,,,TRUE,足夠的,有限的,遲到的,未來的,當前的,突然的,FALSE,,,,,,,,,,
word-catalog-v1,CREATE_DRAFT,,,,,maximum,maximum,noun,B1,numbers-quantity,最大,,,,,,,,,,TRUE,最小,一點,雙倍,水罐,籃子,紙盒,TRUE,double,pitcher,minimum,bit,packet,basket,,,,
word-catalog-v1,CREATE_DRAFT,,,,,minimum,minimum,noun,B1,numbers-quantity,最小,,,,,,,,,,TRUE,最大,一點,雙倍,水罐,杯子,壺,TRUE,double,pitcher,maximum,tray,pack,package,,,,
word-catalog-v1,CREATE_DRAFT,,,,,limited,limited,adjective,B1,numbers-quantity,有限的,,,,,,,,,,TRUE,額外的,足夠的,遲到的,未來的,不規則的,準時的,TRUE,enough,extra,irregular,late,future,present,,,,
word-catalog-v1,CREATE_DRAFT,,,,,double,double,noun,B1,numbers-quantity,雙倍,,,,,,,,,,FALSE,,,,,,,TRUE,bit,pitcher,minimum,bucket,maximum,case,,,,
word-catalog-v1,CREATE_DRAFT,,,,,enough,enough,adjective,B1,numbers-quantity,足夠的,,,,,,,,,,FALSE,,,,,,,TRUE,limited,extra,irregular,punctual,late,sudden,,,,
word-catalog-v1,CREATE_DRAFT,,,,,bit,bit,noun,B1,numbers-quantity,一點,,,,,,,,,,TRUE,一塊,一條麵包,水罐,雙倍,最小,托盤,TRUE,pitcher,double,minimum,can,jug,pack,,,,
word-catalog-v1,CREATE_DRAFT,,,,,pitcher,pitcher,noun,B1,numbers-quantity,水罐,,,,,,,,,,TRUE,罐,罐子,一點,雙倍,管子,容器,TRUE,bit,double,minimum,bucket,container,edge,,,,
word-catalog-v1,CREATE_DRAFT,,,,,Pashto,Pashto,proper_noun,B1,communication-language,普什圖語,,,,,,,,,,TRUE,捷克語,烏爾都語,希伯來語,泰語,波蘭語,芬蘭語,TRUE,Urdu,Hebrew,Bulgarian,Czech,Slovak,Welsh,,,,
word-catalog-v1,CREATE_DRAFT,,,,,Urdu,Urdu,proper_noun,B1,communication-language,烏爾都語,,,,,,,,,,TRUE,威爾士語,愛爾蘭語,普什圖語,捷克語,希伯來語,泰語,TRUE,Pashto,Hebrew,Bulgarian,Czech,Polish,Finnish,,,,
word-catalog-v1,CREATE_DRAFT,,,,,Hebrew,Hebrew,proper_noun,B1,communication-language,希伯來語,,,,,,,,,,TRUE,烏爾都語,捷克語,波蘭語,普什圖語,挪威語,粵語,TRUE,Urdu,Pashto,Slovak,Bulgarian,Polish,Norwegian,,,,
word-catalog-v1,CREATE_DRAFT,,,,,Bulgarian,Bulgarian,proper_noun,B1,communication-language,保加利亞語,,,,,,,,,,TRUE,斯洛伐克語,威爾士語,芬蘭語,希伯來語,丹麥語,烏爾都語,TRUE,Welsh,Hebrew,Czech,Finnish,Danish,Thai,,,,
word-catalog-v1,CREATE_DRAFT,,,,,Czech,Czech,proper_noun,B1,communication-language,捷克語,,,,,,,,,,TRUE,斯洛伐克語,泰語,粵語,波蘭語,挪威語,芬蘭語,TRUE,Slovak,Welsh,Urdu,Polish,Finnish,Danish,,,,
word-catalog-v1,CREATE_DRAFT,,,,,Slovak,Slovak,proper_noun,B1,communication-language,斯洛伐克語,,,,,,,,,,TRUE,捷克語,保加利亞語,威爾士語,丹麥語,波蘭語,挪威語,TRUE,Norwegian,Irish,Czech,Welsh,Thai,Bulgarian,,,,
word-catalog-v1,CREATE_DRAFT,,,,,Welsh,Welsh,proper_noun,B1,communication-language,威爾士語,,,,,,,,,,TRUE,挪威語,愛爾蘭語,烏爾都語,泰語,粵語,丹麥語,TRUE,Slovak,Polish,Norwegian,Cantonese,Finnish,Irish,,,,
word-catalog-v1,CREATE_DRAFT,,,,,Polish,Polish,proper_noun,B1,communication-language,波蘭語,,,,,,,,,,TRUE,芬蘭語,愛爾蘭語,泰語,粵語,捷克語,保加利亞語,TRUE,Danish,Thai,Norwegian,Cantonese,Welsh,Pashto,,,,
word-catalog-v1,CREATE_DRAFT,,,,,Finnish,Finnish,proper_noun,B1,communication-language,芬蘭語,,,,,,,,,,TRUE,波蘭語,愛爾蘭語,泰語,粵語,威爾士語,普通話,TRUE,Danish,Irish,Polish,Thai,Norwegian,Hebrew,,,,
word-catalog-v1,CREATE_DRAFT,,,,,Persian,Persian,noun,B1,communication-language,波斯人,,,,,,,,,,TRUE,伊朗人,蘇格蘭人,應用程式,錯誤,桌面,軟件,TRUE,Scot,Iranian,application,hardware,version,desktop,,,,
word-catalog-v1,CREATE_DRAFT,,,,,Norwegian,Norwegian,proper_noun,B1,communication-language,挪威語,,,,,,,,,,TRUE,威爾士語,泰語,粵語,丹麥語,芬蘭語,普什圖語,TRUE,Cantonese,Danish,Irish,Finnish,Thai,Mandarin,,,,
word-catalog-v1,CREATE_DRAFT,,,,,Danish,Danish,proper_noun,B1,communication-language,丹麥語,,,,,,,,,,TRUE,泰語,粵語,挪威語,捷克語,希伯來語,普通話,FALSE,,,,,,,,,,
word-catalog-v1,CREATE_DRAFT,,,,,Thai,Thai,proper_noun,B1,communication-language,泰語,,,,,,,,,,FALSE,,,,,,,TRUE,Cantonese,Irish,Danish,Norwegian,Czech,Urdu,,,,
word-catalog-v1,CREATE_DRAFT,,,,,Mandarin,Mandarin,proper_noun,B1,communication-language,普通話,,,,,,,,,,FALSE,,,,,,,TRUE,Cantonese,Thai,Irish,Slovak,Welsh,Hebrew,,,,
word-catalog-v1,CREATE_DRAFT,,,,,Irish,Irish,proper_noun,B1,communication-language,愛爾蘭語,,,,,,,,,,TRUE,芬蘭語,波蘭語,威爾士語,烏爾都語,粵語,保加利亞語,TRUE,Cantonese,Mandarin,Thai,Norwegian,Polish,Bulgarian,,,,
word-catalog-v1,CREATE_DRAFT,,,,,Scot,Scot,noun,B1,communication-language,蘇格蘭人,,,,,,,,,,TRUE,伊朗人,波斯人,應用程式,程式,錯誤,按鈕,TRUE,Iranian,Persian,application,hardware,software,program,,,,
word-catalog-v1,CREATE_DRAFT,,,,,Cantonese,Cantonese,proper_noun,B1,communication-language,粵語,,,,,,,,,,FALSE,,,,,,,TRUE,Irish,Danish,Finnish,Pashto,Slovak,Czech,,,,
word-catalog-v1,CREATE_DRAFT,,,,,Iranian,Iranian,noun,B1,communication-language,伊朗人,,,,,,,,,,TRUE,波斯人,蘇格蘭人,應用程式,版本,桌面,資料夾,TRUE,Scot,Persian,folder,key,window,error,,,,
word-catalog-v1,CREATE_DRAFT,,,,,admire,admire,verb,B1,emotions-personality,欽佩,,,,,,,,,,TRUE,渴望,擁抱,調情,親吻,激怒,欺負,TRUE,desire,embrace,flirt,want,kiss,anger,,,,
word-catalog-v1,CREATE_DRAFT,,,,,desire,desire,verb,B1,emotions-personality,渴望,,,,,,,,,,FALSE,,,,,,,FALSE,,,,,,,,,,
word-catalog-v1,CREATE_DRAFT,,,,,embrace,embrace,verb,B1,emotions-personality,擁抱,,,,,,,,,,TRUE,欽佩,渴望,調情,親吻,嚇唬,滿足,FALSE,,,,,,,,,,
word-catalog-v1,CREATE_DRAFT,,,,,flirt,flirt,verb,B1,emotions-personality,調情,,,,,,,,,,TRUE,擁抱,欽佩,渴望,親吻,使悲傷,震驚,TRUE,admire,embrace,want,desire,sadden,bully,,,,
word-catalog-v1,CREATE_DRAFT,,,,,want,want,verb,B1,emotions-personality,渴望,,,,,,,,,,TRUE,調情,擁抱,親吻,欽佩,使平靜,希望,FALSE,,,,,,,,,,
word-catalog-v1,CREATE_DRAFT,,,,,kiss,kiss,verb,B1,emotions-personality,親吻,,,,,,,,,,FALSE,,,,,,,TRUE,flirt,want,admire,embrace,scare,satisfy,,,,
word-catalog-v1,CREATE_DRAFT,,,,,kiss,kiss,noun,B1,emotions-personality,吻,,,,,,,,,,FALSE,,,,,,,TRUE,lover,hug,passion,crush,baby,soulmate,,,,
word-catalog-v1,CREATE_DRAFT,,,,,lover,lover,noun,B1,emotions-personality,情人,,,,,,,,,,TRUE,激情,吻,暗戀,寶貝,擁抱,浪漫,FALSE,,,,,,,,,,
word-catalog-v1,CREATE_DRAFT,,,,,love letter,love letter,noun,B1,emotions-personality,情書,,,,,,,,,,TRUE,愛情生活,盲約,雙重約會,激情,情人,贊成,TRUE,love life,blind date,double date,no way,in favor,kiss,,,,
word-catalog-v1,CREATE_DRAFT,,,,,love life,love life,noun,B1,emotions-personality,愛情生活,,,,,,,,,,TRUE,情書,雙重約會,盲約,激情,絕不可能,生氣,TRUE,love letter,blind date,double date,no way,hug,passion,,,,
word-catalog-v1,CREATE_DRAFT,,,,,hug,hug,noun,B1,emotions-personality,擁抱,,,,,,,,,,TRUE,暗戀,情人,寶貝,激情,吸引,靈魂伴侶,FALSE,,,,,,,,,,
word-catalog-v1,CREATE_DRAFT,,,,,passion,passion,noun,B1,emotions-personality,激情,,,,,,,,,,TRUE,情人,暗戀,寶貝,吻,焦慮,批准,TRUE,crush,baby,hug,Valentine,kiss,romance,,,,
word-catalog-v1,CREATE_DRAFT,,,,,crush,crush,noun,B1,emotions-personality,暗戀,,,,,,,,,,TRUE,寶貝,激情,浪漫,情人,焦慮,無聊,TRUE,passion,baby,lover,Valentine,attraction,romance,,,,
word-catalog-v1,CREATE_DRAFT,,,,,baby,baby,noun,B1,emotions-personality,寶貝,,,,,,,,,,TRUE,暗戀,吸引,擁抱,浪漫,情人,批准,TRUE,crush,soulmate,passion,Valentine,attraction,anxiety,,,,
word-catalog-v1,CREATE_DRAFT,,,,,darling,darling,adjective,B1,emotions-personality,親愛的,,,,,,,,,,TRUE,喜愛的,浪漫的,驚訝的,焦慮的,羞愧的,快樂的,FALSE,,,,,,,,,,
word-catalog-v1,CREATE_DRAFT,,,,,honey,honey,adjective,B1,emotions-personality,親愛的,,,,,,,,,,TRUE,喜愛的,浪漫的,驚訝的,沮喪的,渴望的,尷尬的,FALSE,,,,,,,,,,
word-catalog-v1,CREATE_DRAFT,,,,,sweetheart,sweetheart,adjective,B1,emotions-personality,親愛的,,,,,,,,,,TRUE,喜愛的,浪漫的,焦慮的,沮喪的,害怕的,感激的,FALSE,,,,,,,,,,
word-catalog-v1,CREATE_DRAFT,,,,,blind date,blind date,noun,B1,emotions-personality,盲約,,,,,,,,,,TRUE,雙重約會,情書,愛情生活,贊成,絕不可能,吸引,TRUE,double date,love life,love letter,in favor,soulmate,romance,,,,
word-catalog-v1,CREATE_DRAFT,,,,,double date,double date,noun,B1,emotions-personality,雙重約會,,,,,,,,,,TRUE,盲約,愛情生活,情書,絕不可能,靈魂伴侶,浪漫,TRUE,blind date,love life,love letter,no way,soulmate,approval,,,,
word-catalog-v1,CREATE_DRAFT,,,,,fond,fond,adjective,B1,emotions-personality,喜愛的,,,,,,,,,,TRUE,親愛的,驚訝的,浪漫的,焦慮的,渴望的,害怕的,TRUE,sweetheart,honey,romantic,darling,amazed,anxious,,,,
word-catalog-v1,CREATE_DRAFT,,,,,soulmate,soulmate,noun,B1,emotions-personality,靈魂伴侶,,,,,,,,,,TRUE,吸引,浪漫,焦慮,無聊,慾望,批准,TRUE,Valentine,attraction,romance,anxiety,boredom,approval,,,,
word-catalog-v1,CREATE_DRAFT,,,,,Valentine,Valentine,noun,B1,emotions-personality,情人,,,,,,,,,,TRUE,激情,吸引,靈魂伴侶,浪漫,焦慮,興奮,FALSE,,,,,,,,,,
word-catalog-v1,CREATE_DRAFT,,,,,romance,romance,noun,B1,emotions-personality,浪漫,,,,,,,,,,TRUE,無聊,慾望,情人,批准,高興,興奮,TRUE,attraction,anxiety,boredom,soulmate,excitement,glad,,,,
word-catalog-v1,CREATE_DRAFT,,,,,romantic,romantic,adjective,B1,emotions-personality,浪漫的,,,,,,,,,,TRUE,親愛的,羞愧的,驚訝的,快樂的,沮喪的,尷尬的,TRUE,fond,amazed,anxious,ashamed,cheerful,sweetheart,,,,
word-catalog-v1,CREATE_DRAFT,,,,,attraction,attraction,noun,B1,emotions-personality,吸引,,,,,,,,,,TRUE,焦慮,無聊,慾望,高興,興趣,靈魂伴侶,FALSE,,,,,,,,,,
word-catalog-v1,CREATE_DRAFT,,,,,amazed,amazed,adjective,B1,emotions-personality,驚訝的,,,,,,,,,,TRUE,焦慮的,羞愧的,快樂的,親愛的,渴望的,有罪的,FALSE,,,,,,,,,,
word-catalog-v1,CREATE_DRAFT,,,,,anger,anger,verb,B1,emotions-personality,激怒,,,,,,,,,,TRUE,欺負,嚇唬,滿足,渴望,使悲傷,震驚,TRUE,sadden,flirt,bully,scare,kiss,satisfy,,,,
word-catalog-v1,CREATE_DRAFT,,,,,anxious,anxious,adjective,B1,emotions-personality,焦慮的,,,,,,,,,,TRUE,羞愧的,驚訝的,快樂的,感激的,渴望的,害怕的,TRUE,ashamed,depressed,romantic,amazed,cheerful,eager,,,,
word-catalog-v1,CREATE_DRAFT,,,,,anxiety,anxiety,noun,B1,emotions-personality,焦慮,,,,,,,,,,TRUE,批准,無聊,慾望,嫉妒,恨,興趣,TRUE,approval,boredom,desire,excitement,hate,glad,,,,
word-catalog-v1,CREATE_DRAFT,,,,,approval,approval,noun,B1,emotions-personality,批准,,,,,,,,,,TRUE,興奮,焦慮,高興,無聊,恨,嫉妒,FALSE,,,,,,,,,,
word-catalog-v1,CREATE_DRAFT,,,,,ashamed,ashamed,adjective,B1,emotions-personality,羞愧的,,,,,,,,,,TRUE,沮喪的,尷尬的,快樂的,焦慮的,有罪的,感激的,TRUE,depressed,embarrassed,cheerful,eager,frightened,anxious,,,,
word-catalog-v1,CREATE_DRAFT,,,,,boredom,boredom,noun,B1,emotions-personality,無聊,,,,,,,,,,TRUE,慾望,興奮,批准,快樂,興趣,生氣,FALSE,,,,,,,,,,
word-catalog-v1,CREATE_DRAFT,,,,,cheerful,cheerful,adjective,B1,emotions-personality,快樂的,,,,,,,,,,TRUE,沮喪的,尷尬的,羞愧的,孤獨的,渴望的,害怕的,TRUE,depressed,embarrassed,ashamed,grateful,eager,guilty,,,,
word-catalog-v1,CREATE_DRAFT,,,,,depressed,depressed,adjective,B1,emotions-personality,沮喪的,,,,,,,,,,TRUE,尷尬的,有罪的,快樂的,孤獨的,渴望的,浪漫的,TRUE,frightened,embarrassed,cheerful,grateful,interested,ashamed,,,,
word-catalog-v1,CREATE_DRAFT,,,,,desire,desire,noun,B1,emotions-personality,慾望,,,,,,,,,,FALSE,,,,,,,TRUE,excitement,interest,hate,glad,jealousy,mad,,,,
word-catalog-v1,CREATE_DRAFT,,,,,eager,eager,adjective,B1,emotions-personality,渴望的,,,,,,,,,,TRUE,感激的,害怕的,尷尬的,有罪的,孤獨的,感興趣的,TRUE,frightened,embarrassed,guilty,depressed,lonely,interested,,,,
word-catalog-v1,CREATE_DRAFT,,,,,embarrassed,embarrassed,adjective,B1,emotions-personality,尷尬的,,,,,,,,,,TRUE,感激的,害怕的,沮喪的,有罪的,渴望的,親愛的,FALSE,,,,,,,,,,
word-catalog-v1,CREATE_DRAFT,,,,,excitement,excitement,noun,B1,emotions-personality,興奮,,,,,,,,,,TRUE,高興,興趣,恨,嫉妒,快樂,生氣,TRUE,interest,hate,glad,pleasure,desire,satisfaction,,,,
word-catalog-v1,CREATE_DRAFT,,,,,frightened,frightened,adjective,B1,emotions-personality,害怕的,,,,,,,,,,TRUE,感激的,孤獨的,有罪的,沮喪的,羞愧的,驚訝的,FALSE,,,,,,,,,,
word-catalog-v1,CREATE_DRAFT,,,,,glad,glad,noun,B1,emotions-personality,高興,,,,,,,,,,TRUE,興奮,興趣,恨,嫉妒,滿足,飢餓,FALSE,,,,,,,,,,
word-catalog-v1,CREATE_DRAFT,,,,,grateful,grateful,adjective,B1,emotions-personality,感激的,,,,,,,,,,TRUE,感興趣的,孤獨的,害怕的,渴望的,快樂的,焦慮的,TRUE,guilty,lonely,interested,eager,stressed,cheerful,,,,
word-catalog-v1,CREATE_DRAFT,,,,,hate,hate,noun,B1,emotions-personality,恨,,,,,,,,,,TRUE,快樂,高興,生氣,興奮,自尊,滿足,TRUE,jealousy,interest,mad,pleasure,satisfaction,hunger,,,,
word-catalog-v1,CREATE_DRAFT,,,,,guilty,guilty,adjective,B1,emotions-personality,有罪的,,,,,,,,,,TRUE,有壓力的,孤獨的,感激的,感興趣的,沮喪的,渴望的,TRUE,grateful,lonely,interested,frightened,stressed,exhausted,,,,
word-catalog-v1,CREATE_DRAFT,,,,,interest,interest,noun,B1,emotions-personality,興趣,,,,,,,,,,TRUE,高興,興奮,嫉妒,快樂,飢餓,慾望,FALSE,,,,,,,,,,
word-catalog-v1,CREATE_DRAFT,,,,,interested,interested,adjective,B1,emotions-personality,感興趣的,,,,,,,,,,TRUE,感激的,有壓力的,有罪的,孤獨的,筋疲力盡的,快樂的,TRUE,guilty,lonely,grateful,stressed,embarrassed,anxious,,,,
word-catalog-v1,CREATE_DRAFT,,,,,jealousy,jealousy,noun,B1,emotions-personality,嫉妒,,,,,,,,,,TRUE,生氣,快樂,興趣,自尊,飢餓,無聊,FALSE,,,,,,,,,,
word-catalog-v1,CREATE_DRAFT,,,,,lonely,lonely,adjective,B1,emotions-personality,孤獨的,,,,,,,,,,TRUE,有罪的,感興趣的,尷尬的,有壓力的,羞愧的,喜愛的,TRUE,interested,guilty,stressed,exhausted,embarrassed,ashamed,,,,
word-catalog-v1,CREATE_DRAFT,,,,,mad,mad,noun,B1,emotions-personality,生氣,,,,,,,,,,TRUE,快樂,滿足,嫉妒,自尊,飢餓,批准,TRUE,pleasure,jealousy,satisfaction,self-respect,hate,excitement,,,,
word-catalog-v1,CREATE_DRAFT,,,,,pleasure,pleasure,noun,B1,emotions-personality,快樂,,,,,,,,,,TRUE,生氣,滿足,自尊,嫉妒,興趣,慾望,FALSE,,,,,,,,,,
word-catalog-v1,CREATE_DRAFT,,,,,bully,bully,verb,B1,emotions-personality,欺負,,,,,,,,,,FALSE,,,,,,,TRUE,sadden,shock,frighten,scare,satisfy,calm,,,,
word-catalog-v1,CREATE_DRAFT,,,,,sadden,sadden,verb,B1,emotions-personality,使悲傷,,,,,,,,,,TRUE,使平靜,欺負,嚇唬,震驚,激怒,調情,TRUE,shock,bully,frighten,scare,anger,want,,,,
word-catalog-v1,CREATE_DRAFT,,,,,satisfaction,satisfaction,noun,B1,emotions-personality,滿足,,,,,,,,,,TRUE,飢餓,自尊,快樂,恨,高興,焦慮,FALSE,,,,,,,,,,
word-catalog-v1,CREATE_DRAFT,,,,,scare,scare,verb,B1,emotions-personality,嚇唬,,,,,,,,,,TRUE,欺負,使悲傷,震驚,使平靜,親吻,嘗試,FALSE,,,,,,,,,,
word-catalog-v1,CREATE_DRAFT,,,,,satisfy,satisfy,verb,B1,emotions-personality,滿足,,,,,,,,,,TRUE,嚇唬,震驚,使平靜,使悲傷,欽佩,導致,FALSE,,,,,,,,,,
word-catalog-v1,CREATE_DRAFT,,,,,stressed,stressed,adjective,B1,emotions-personality,有壓力的,,,,,,,,,,TRUE,有罪的,筋疲力盡的,感興趣的,孤獨的,沮喪的,焦慮的,FALSE,,,,,,,,,,
word-catalog-v1,CREATE_DRAFT,,,,,calm,calm,verb,B1,emotions-personality,使平靜,,,,,,,,,,FALSE,,,,,,,TRUE,shock,frighten,satisfy,bully,flirt,admire,,,,
word-catalog-v1,CREATE_DRAFT,,,,,shock,shock,verb,B1,emotions-personality,震驚,,,,,,,,,,TRUE,嚇唬,使平靜,欺負,滿足,親吻,擁抱,TRUE,frighten,satisfy,sadden,bully,anger,embrace,,,,
word-catalog-v1,CREATE_DRAFT,,,,,frighten,frighten,verb,B1,emotions-personality,嚇唬,,,,,,,,,,TRUE,震驚,使平靜,欺負,滿足,欽佩,克服,FALSE,,,,,,,,,,
word-catalog-v1,CREATE_DRAFT,,,,,hunger,hunger,noun,B1,emotions-personality,飢餓,,,,,,,,,,TRUE,自尊,生氣,滿足,恨,無聊,吸引,FALSE,,,,,,,,,,
word-catalog-v1,CREATE_DRAFT,,,,,self-respect,self-respect,noun,B1,emotions-personality,自尊,,,,,,,,,,TRUE,飢餓,快樂,生氣,滿足,恨,慾望,TRUE,hunger,satisfaction,mad,hate,glad,boredom,,,,
word-catalog-v1,CREATE_DRAFT,,,,,exhausted,exhausted,adjective,B1,emotions-personality,筋疲力盡的,,,,,,,,,,TRUE,有壓力的,感興趣的,孤獨的,害怕的,羞愧的,浪漫的,TRUE,stressed,lonely,interested,depressed,romantic,amazed,,,,
word-catalog-v1,CREATE_DRAFT,,,,,adulthood,adulthood,noun,B1,people-family,成年期,,,,,,,,,,TRUE,成年人,童年,青春期,青少年,嬰兒期,成熟,TRUE,adolescence,adolescent,infant,infancy,childhood,boyhood,,,,
word-catalog-v1,CREATE_DRAFT,,,,,adolescence,adolescence,noun,B1,people-family,青春期,,,,,,,,,,TRUE,青春,青春期前的孩子,成年期,青少年,嬰兒期,少女時期,TRUE,adulthood,adolescent,infant,infancy,girlhood,retirement,,,,
word-catalog-v1,CREATE_DRAFT,,,,,adolescent,adolescent,noun,B1,people-family,青少年,,,,,,,,,,TRUE,童年,青春期,成年期,中年,青春,老年人,FALSE,,,,,,,,,,
word-catalog-v1,CREATE_DRAFT,,,,,infant,infant,noun,B1,people-family,嬰兒,,,,,,,,,,TRUE,嬰兒期,幼兒,新生兒,退休,童年,青少年,TRUE,adolescence,childhood,adulthood,boyhood,girlhood,retirement,,,,
word-catalog-v1,CREATE_DRAFT,,,,,infancy,infancy,noun,B1,people-family,嬰兒期,,,,,,,,,,TRUE,嬰兒,幼兒,青春期,成年期,新生兒,少女時期,TRUE,infant,childhood,adolescent,girlhood,midlife,maturity,,,,
word-catalog-v1,CREATE_DRAFT,,,,,childhood,childhood,noun,B1,people-family,童年,,,,,,,,,,TRUE,中年,青少年,成年期,老年人,成年人,嬰兒,FALSE,,,,,,,,,,
word-catalog-v1,CREATE_DRAFT,,,,,boyhood,boyhood,noun,B1,people-family,童年,,,,,,,,,,TRUE,中年,青少年,成年期,退休,成熟,嬰兒期,FALSE,,,,,,,,,,
word-catalog-v1,CREATE_DRAFT,,,,,girlhood,girlhood,noun,B1,people-family,少女時期,,,,,,,,,,TRUE,嬰兒期,青春期,青少年,成年期,嬰兒,女婿,TRUE,boyhood,retirement,infancy,newborn,childhood,midlife,,,,
word-catalog-v1,CREATE_DRAFT,,,,,old age,old age,noun,B1,people-family,老年,,,,,,,,,,TRUE,中年,單親,家譜,獨生子女,老年人,雙重約會,TRUE,middle age,single parent,only child,family tree,girlhood,retirement,,,,
word-catalog-v1,CREATE_DRAFT,,,,,retirement,retirement,noun,B1,people-family,退休,,,,,,,,,,TRUE,童年,成熟,嬰兒,幼兒,少女時期,青春,FALSE,,,,,,,,,,
word-catalog-v1,CREATE_DRAFT,,,,,age,age,verb,B1,people-family,變老,,,,,,,,,,TRUE,拋棄,分開,欺騙,激怒,嚇唬,使悲傷,TRUE,abandon,leave,separate,cheat,shock,frighten,,,,
word-catalog-v1,CREATE_DRAFT,,,,,elderly,elderly,adjective,B1,people-family,年長的,,,,,,,,,,TRUE,父母的,出生的,未婚的,分居的,已訂婚的,喜愛的,FALSE,,,,,,,,,,
word-catalog-v1,CREATE_DRAFT,,,,,parental,parental,adjective,B1,people-family,父母的,,,,,,,,,,TRUE,年長的,出生的,未婚的,分居的,親愛的,驚訝的,TRUE,elderly,born,senior,unmarried,engaged,exhausted,,,,
word-catalog-v1,CREATE_DRAFT,,,,,born,born,adjective,B1,people-family,出生的,,,,,,,,,,TRUE,父母的,年長的,相關的,未婚的,喜愛的,親愛的,TRUE,parental,elderly,senior,unmarried,separated,fond,,,,
word-catalog-v1,CREATE_DRAFT,,,,,middle age,middle age,noun,B1,people-family,中年,,,,,,,,,,TRUE,老年,單親,家譜,獨生子女,童年,成年人,FALSE,,,,,,,,,,
word-catalog-v1,CREATE_DRAFT,,,,,midlife,midlife,noun,B1,people-family,中年,,,,,,,,,,TRUE,童年,老年人,成年人,青少年,幼兒,青春,FALSE,,,,,,,,,,
word-catalog-v1,CREATE_DRAFT,,,,,maturity,maturity,noun,B1,people-family,成熟,,,,,,,,,,TRUE,成年人,成年期,新生兒,退休,幼兒,青春,TRUE,toddler,teen,newborn,preteen,youth,midlife,,,,
word-catalog-v1,CREATE_DRAFT,,,,,newborn,newborn,noun,B1,people-family,新生兒,,,,,,,,,,TRUE,幼兒,嬰兒,嬰兒期,成熟,老年人,退休,TRUE,maturity,toddler,teen,preteen,junior,grownup,,,,
word-catalog-v1,CREATE_DRAFT,,,,,toddler,toddler,noun,B1,people-family,幼兒,,,,,,,,,,TRUE,嬰兒,新生兒,嬰兒期,成熟,青春,中年,TRUE,youth,newborn,teen,maturity,junior,senior,,,,
word-catalog-v1,CREATE_DRAFT,,,,,teen,teen,noun,B1,people-family,青少年,,,,,,,,,,TRUE,青春,中年,老年人,成年人,少女時期,青春期前的孩子,FALSE,,,,,,,,,,
word-catalog-v1,CREATE_DRAFT,,,,,preteen,preteen,noun,B1,people-family,青春期前的孩子,,,,,,,,,,TRUE,青春期,青春,青少年,少女時期,新生兒,老年人,TRUE,youth,grownup,toddler,junior,newborn,retirement,,,,
word-catalog-v1,CREATE_DRAFT,,,,,youth,youth,noun,B1,people-family,青春,,,,,,,,,,TRUE,青春期,青春期前的孩子,青少年,成熟,幼兒,新生兒,TRUE,preteen,grownup,teen,senior,midlife,boyhood,,,,
word-catalog-v1,CREATE_DRAFT,,,,,senior,senior,noun,B1,people-family,老年人,,,,,,,,,,FALSE,,,,,,,TRUE,youth,junior,preteen,grownup,midlife,girlhood,,,,
word-catalog-v1,CREATE_DRAFT,,,,,junior,junior,noun,B1,people-family,青少年,面向年輕人的,,,,,,,,,TRUE,青春,成年人,老年人,青春期,成熟,退休,FALSE,,,,,,,,,,
word-catalog-v1,CREATE_DRAFT,,,,,grownup,grownup,noun,B1,people-family,成年人,,,,,,,,,,TRUE,老年人,成年期,成熟,中年,新生兒,青春期前的孩子,TRUE,junior,youth,toddler,preteen,senior,infancy,,,,
word-catalog-v1,CREATE_DRAFT,,,,,senior,senior,adjective,B1,people-family,年長的,,,,,,,,,,FALSE,,,,,,,FALSE,,,,,,,,,,
word-catalog-v1,CREATE_DRAFT,,,,,pastime,pastime,noun,B1,sports-leisure,消遣,,,,,,,,,,TRUE,閒暇,觀鳥,收集,寫博客,啦啦隊,賭博,TRUE,leisure,backpacking,birdwatching,blogging,cheerleading,clubbing,,,,
word-catalog-v1,CREATE_DRAFT,,,,,leisure,leisure,noun,B1,sports-leisure,閒暇,,,,,,,,,,TRUE,消遣,觀鳥,收集,泡夜店,狩獵,寫博客,TRUE,pastime,backpacking,birdwatching,blogging,collecting,gambling,,,,
word-catalog-v1,CREATE_DRAFT,,,,,backpacking,backpacking,noun,B1,sports-leisure,背包旅行,,,,,,,,,,TRUE,旅行,啦啦隊,泡夜店,寫博客,閒暇,消遣,FALSE,,,,,,,,,,
word-catalog-v1,CREATE_DRAFT,,,,,birdwatching,birdwatching,noun,B1,sports-leisure,觀鳥,,,,,,,,,,TRUE,閒暇,消遣,賭博,收集,狩獵,編織,TRUE,leisure,cheerleading,pastime,clubbing,collecting,hunting,,,,
word-catalog-v1,CREATE_DRAFT,,,,,blogging,blogging,noun,B1,sports-leisure,寫博客,,,,,,,,,,TRUE,賭博,寫日記,啦啦隊,泡夜店,卡丁車,觀鳥,TRUE,birdwatching,cheerleading,journaling,backpacking,gambling,karting,,,,
word-catalog-v1,CREATE_DRAFT,,,,,cheerleading,cheerleading,noun,B1,sports-leisure,啦啦隊,,,,,,,,,,TRUE,寫日記,寫博客,泡夜店,卡丁車,冥想,收集,TRUE,blogging,clubbing,collecting,hunting,knitting,journaling,,,,
word-catalog-v1,CREATE_DRAFT,,,,,clubbing,clubbing,noun,B1,sports-leisure,泡夜店,,,,,,,,,,TRUE,啦啦隊,寫日記,卡丁車,寫博客,狩獵,編織,TRUE,meditation,gambling,karting,cheerleading,collecting,hunting,,,,
word-catalog-v1,CREATE_DRAFT,,,,,collecting,collecting,noun,B1,sports-leisure,收集,,,,,,,,,,TRUE,摺紙,冥想,陶藝,賭博,狩獵,編織,FALSE,,,,,,,,,,
word-catalog-v1,CREATE_DRAFT,,,,,doodle,doodle,verb,B1,sports-leisure,塗鴉,,,,,,,,,,TRUE,傳球,發牌,打平,走,報道,採訪,FALSE,,,,,,,,,,
word-catalog-v1,CREATE_DRAFT,,,,,gambling,gambling,noun,B1,sports-leisure,賭博,,,,,,,,,,TRUE,寫博客,摺紙,素描,冥想,陶藝,跳傘,TRUE,knitting,origami,journaling,meditation,pottery,karting,,,,
word-catalog-v1,CREATE_DRAFT,,,,,hunting,hunting,noun,B1,sports-leisure,狩獵,,,,,,,,,,TRUE,編織,摺紙,素描,賭博,跳傘,寫日記,TRUE,knitting,origami,sketching,gambling,journaling,skydiving,,,,
word-catalog-v1,CREATE_DRAFT,,,,,journaling,journaling,noun,B1,sports-leisure,寫日記,,,,,,,,,,TRUE,寫博客,卡丁車,冥想,陶藝,風帆衝浪,狩獵,TRUE,meditation,pottery,hunting,karting,traveling,sketching,,,,
word-catalog-v1,CREATE_DRAFT,,,,,karting,karting,noun,B1,sports-leisure,卡丁車,,,,,,,,,,TRUE,寫日記,旅行,編織,摺紙,泡夜店,冥想,TRUE,knitting,origami,meditation,skydiving,windsurfing,traveling,,,,
word-catalog-v1,CREATE_DRAFT,,,,,knitting,knitting,noun,B1,sports-leisure,編織,,,,,,,,,,TRUE,素描,陶藝,跳傘,旅行,卡丁車,狩獵,TRUE,pottery,origami,sketching,karting,skydiving,windsurfing,,,,
word-catalog-v1,CREATE_DRAFT,,,,,meditation,meditation,noun,B1,sports-leisure,冥想,,,,,,,,,,TRUE,摺紙,素描,陶藝,編織,旅行,收集,TRUE,pottery,knitting,traveling,origami,sketching,clubbing,,,,
word-catalog-v1,CREATE_DRAFT,,,,,mountain biking,mountain biking,noun,B1,sports-leisure,山地自行車運動,,,,,,,,,,TRUE,水肺潛水,逛櫥窗,足球運動員,電腦遊戲,騎馬,建議專欄,TRUE,scuba diving,window shopping,horseback riding,horse racing,advice column,front page,,,,
word-catalog-v1,CREATE_DRAFT,,,,,origami,origami,noun,B1,sports-leisure,摺紙,,,,,,,,,,TRUE,跳傘,素描,陶藝,風帆衝浪,編織,觀鳥,TRUE,pottery,skydiving,windsurfing,meditation,journaling,hunting,,,,
word-catalog-v1,CREATE_DRAFT,,,,,pottery,pottery,noun,B1,sports-leisure,陶藝,,,,,,,,,,TRUE,跳傘,摺紙,旅行,素描,風帆衝浪,閒暇,TRUE,traveling,sketching,skydiving,windsurfing,gambling,hunting,,,,
word-catalog-v1,CREATE_DRAFT,,,,,scuba diving,scuba diving,noun,B1,sports-leisure,水肺潛水,,,,,,,,,,TRUE,逛櫥窗,山地自行車運動,猜謎遊戲,電腦遊戲,賽馬,建議專欄,TRUE,mountain biking,window shopping,soccer player,computer game,horseback riding,advice column,,,,
word-catalog-v1,CREATE_DRAFT,,,,,sketching,sketching,noun,B1,sports-leisure,素描,,,,,,,,,,TRUE,跳傘,旅行,陶藝,冥想,風帆衝浪,賭博,FALSE,,,,,,,,,,
word-catalog-v1,CREATE_DRAFT,,,,,skydiving,skydiving,noun,B1,sports-leisure,跳傘,,,,,,,,,,TRUE,素描,旅行,摺紙,冥想,卡丁車,賭博,TRUE,traveling,windsurfing,sketching,pottery,journaling,collecting,,,,
word-catalog-v1,CREATE_DRAFT,,,,,traveling,traveling,noun,B1,sports-leisure,旅行,,,,,,,,,,TRUE,背包旅行,跳傘,風帆衝浪,素描,冥想,狩獵,FALSE,,,,,,,,,,
word-catalog-v1,CREATE_DRAFT,,,,,window shopping,window shopping,noun,B1,sports-leisure,逛櫥窗,,,,,,,,,,TRUE,水肺潛水,山地自行車運動,騎馬,賽馬,頭版,肥皂劇,TRUE,scuba diving,mountain biking,guessing game,horse racing,soccer player,front page,,,,
word-catalog-v1,CREATE_DRAFT,,,,,windsurfing,windsurfing,noun,B1,sports-leisure,風帆衝浪,,,,,,,,,,TRUE,旅行,寫日記,跳傘,卡丁車,背包旅行,啦啦隊,TRUE,traveling,skydiving,sketching,origami,blogging,leisure,,,,
word-catalog-v1,CREATE_DRAFT,,,,,planet,planet,noun,B1,nature-weather,行星,,,,,,,,,,TRUE,大氣,能源,燃料,棲息地,石油,煤,TRUE,atmosphere,habitat,power,fuel,coal,oil,,,,
word-catalog-v1,CREATE_DRAFT,,,,,atmosphere,atmosphere,noun,B1,nature-weather,大氣,,,,,,,,,,TRUE,行星,能源,燃料,棲息地,清理,垃圾,TRUE,planet,habitat,power,fuel,cleanup,garbage,,,,
word-catalog-v1,CREATE_DRAFT,,,,,habitat,habitat,noun,B1,nature-weather,棲息地,,,,,,,,,,TRUE,大氣,行星,能源,燃料,廢物,煙,TRUE,atmosphere,planet,power,coal,cleanup,waste,,,,
word-catalog-v1,CREATE_DRAFT,,,,,power,power,noun,B1,nature-weather,能源,,,,,,,,,,TRUE,石油,大氣,行星,燃料,清理,汙穢,TRUE,habitat,fuel,oil,planet,waste,smoke,,,,
word-catalog-v1,CREATE_DRAFT,,,,,fuel,fuel,noun,B1,nature-weather,燃料,,,,,,,,,,TRUE,石油,煤,能源,行星,清理,廢物,TRUE,coal,atmosphere,oil,planet,garbage,smoke,,,,
word-catalog-v1,CREATE_DRAFT,,,,,fossil fuel,fossil fuel,noun,B1,nature-weather,化石燃料,,,,,,,,,,TRUE,二氧化碳,原子能,碳足跡,氣候危機,自然災害,火山噴發,TRUE,carbon footprint,carbon dioxide,atomic energy,climate crisis,natural disaster,volcanic eruption,,,,
word-catalog-v1,CREATE_DRAFT,,,,,coal,coal,noun,B1,nature-weather,煤,,,,,,,,,,TRUE,石油,燃料,大氣,垃圾,煙,回收,TRUE,oil,fuel,cleanup,power,waste,recycling,,,,
word-catalog-v1,CREATE_DRAFT,,,,,oil,oil,noun,B1,nature-weather,石油,,,,,,,,,,TRUE,煤,清理,棲息地,能源,煙,汙穢,TRUE,coal,cleanup,habitat,fuel,waste,emergency,,,,
word-catalog-v1,CREATE_DRAFT,,,,,atomic energy,atomic energy,noun,B1,nature-weather,原子能,,,,,,,,,,TRUE,碳足跡,化石燃料,二氧化碳,氣候危機,溫室效應,溫室氣體,TRUE,carbon footprint,carbon dioxide,fossil fuel,climate crisis,greenhouse gas,greenhouse effect,,,,
word-catalog-v1,CREATE_DRAFT,,,,,carbon footprint,carbon footprint,noun,B1,nature-weather,碳足跡,,,,,,,,,,TRUE,二氧化碳,原子能,化石燃料,自然災害,溫室效應,空氣汙染,TRUE,carbon dioxide,atomic energy,fossil fuel,natural disaster,greenhouse gas,air pollution,,,,
word-catalog-v1,CREATE_DRAFT,,,,,carbon dioxide,carbon dioxide,noun,B1,nature-weather,二氧化碳,,,,,,,,,,TRUE,碳足跡,化石燃料,火山噴發,原子能,溫室氣體,空氣汙染,TRUE,carbon footprint,atomic energy,volcanic eruption,fossil fuel,greenhouse effect,power plant,,,,
word-catalog-v1,CREATE_DRAFT,,,,,cleanup,cleanup,noun,B1,nature-weather,清理,,,,,,,,,,TRUE,垃圾,廢物,石油,煤,燃料,汙穢,FALSE,,,,,,,,,,
word-catalog-v1,CREATE_DRAFT,,,,,eco-friendly,eco-friendly,adjective,B1,nature-weather,環保的,,,,,,,,,,TRUE,有毒的,可再生的,有機的,好的,潮溼的,凍結的,FALSE,,,,,,,,,,
word-catalog-v1,CREATE_DRAFT,,,,,green,green,adjective,B1,nature-weather,綠色的,環保的,,,,,,,,,TRUE,有毒的,可再生的,有機的,冰冷的,多山的,南極的,FALSE,,,,,,,,,,
word-catalog-v1,CREATE_DRAFT,,,,,pollute,pollute,verb,B1,nature-weather,汙染,,,,,,,,,,TRUE,消耗,腐爛,回收,收割,擠奶,播種,TRUE,consume,recycle,rot,harvest,milk,sow,,,,
word-catalog-v1,CREATE_DRAFT,,,,,consume,consume,verb,B1,nature-weather,消耗,,,,,,,,,,TRUE,汙染,腐爛,回收,收割,傾瀉,落下,TRUE,pollute,recycle,rot,harvest,pour,shine,,,,
word-catalog-v1,CREATE_DRAFT,,,,,climate crisis,climate crisis,noun,B1,nature-weather,氣候危機,,,,,,,,,,TRUE,溫室氣體,空氣汙染,自然災害,火山噴發,溫室效應,發電廠,TRUE,natural disaster,volcanic eruption,greenhouse gas,greenhouse effect,air pollution,power plant,,,,
word-catalog-v1,CREATE_DRAFT,,,,,natural disaster,natural disaster,noun,B1,nature-weather,自然災害,,,,,,,,,,TRUE,氣候危機,火山噴發,溫室效應,溫室氣體,原子能,養魚場,TRUE,climate crisis,volcanic eruption,greenhouse gas,greenhouse effect,atomic energy,fish farm,,,,
word-catalog-v1,CREATE_DRAFT,,,,,volcanic eruption,volcanic eruption,noun,B1,nature-weather,火山噴發,,,,,,,,,,TRUE,發電廠,自然災害,氣候危機,溫室效應,二氧化碳,養魚場,TRUE,natural disaster,climate crisis,air pollution,greenhouse gas,carbon footprint,fish farm,,,,
word-catalog-v1,CREATE_DRAFT,,,,,garbage,garbage,noun,B1,nature-weather,垃圾,,,,,,,,,,TRUE,廢物,清理,煙,緊急情況,汙穢,回收,TRUE,waste,smoke,recycling,filth,emergency,cleanup,,,,
word-catalog-v1,CREATE_DRAFT,,,,,waste,waste,noun,B1,nature-weather,廢物,,,,,,,,,,FALSE,,,,,,,TRUE,garbage,smoke,recycling,filth,oil,power,,,,
word-catalog-v1,CREATE_DRAFT,,,,,greenhouse gas,greenhouse gas,noun,B1,nature-weather,溫室氣體,,,,,,,,,,TRUE,溫室效應,空氣汙染,氣候危機,火山噴發,二氧化碳,國家公園,TRUE,greenhouse effect,power plant,air pollution,climate crisis,carbon dioxide,atomic energy,,,,
word-catalog-v1,CREATE_DRAFT,,,,,greenhouse effect,greenhouse effect,noun,B1,nature-weather,溫室效應,,,,,,,,,,TRUE,溫室氣體,空氣汙染,發電廠,氣候危機,化石燃料,養魚場,TRUE,greenhouse gas,power plant,air pollution,climate crisis,fossil fuel,heat wave,,,,
word-catalog-v1,CREATE_DRAFT,,,,,toxic,toxic,adjective,B1,nature-weather,有毒的,,,,,,,,,,TRUE,有機的,綠色的,環保的,可再生的,好的,冰冷的,FALSE,,,,,,,,,,
word-catalog-v1,CREATE_DRAFT,,,,,poisonous,poisonous,adjective,B1,nature-weather,有毒的,,,,,,,,,,TRUE,有機的,綠色的,環保的,潮溼的,凍結的,多山的,FALSE,,,,,,,,,,
word-catalog-v1,CREATE_DRAFT,,,,,air pollution,air pollution,noun,B1,nature-weather,空氣汙染,,,,,,,,,,TRUE,溫室氣體,氣候危機,發電廠,溫室效應,國家公園,海平面,TRUE,power plant,greenhouse effect,volcanic eruption,climate crisis,acid rain,mountain range,,,,
word-catalog-v1,CREATE_DRAFT,,,,,smoke,smoke,noun,B1,nature-weather,煙,,,,,,,,,,TRUE,垃圾,緊急情況,廢物,汙穢,大氣,棲息地,TRUE,emergency,recycling,filth,garbage,coal,atmosphere,,,,
word-catalog-v1,CREATE_DRAFT,,,,,power plant,power plant,noun,B1,nature-weather,發電廠,,,,,,,,,,TRUE,火山噴發,空氣汙染,自然災害,碳足跡,養魚場,海平面,TRUE,air pollution,natural disaster,greenhouse effect,carbon dioxide,carbon footprint,sea level,,,,
word-catalog-v1,CREATE_DRAFT,,,,,recycle,recycle,verb,B1,nature-weather,回收,,,,,,,,,,TRUE,收割,腐爛,消耗,汙染,升起,融化,FALSE,,,,,,,,,,
word-catalog-v1,CREATE_DRAFT,,,,,recycling,recycling,noun,B1,nature-weather,回收,,,,,,,,,,TRUE,緊急情況,汙穢,煙,垃圾,石油,能源,FALSE,,,,,,,,,,
word-catalog-v1,CREATE_DRAFT,,,,,renewable,renewable,adjective,B1,nature-weather,可再生的,,,,,,,,,,TRUE,有毒的,綠色的,環保的,有機的,北極的,平靜的,TRUE,poisonous,toxic,green,eco-friendly,organic,humid,,,,
word-catalog-v1,CREATE_DRAFT,,,,,emergency,emergency,noun,B1,nature-weather,緊急情況,,,,,,,,,,TRUE,回收,汙穢,煙,垃圾,棲息地,行星,TRUE,filth,recycling,smoke,coal,habitat,fuel,,,,
word-catalog-v1,CREATE_DRAFT,,,,,rot,rot,verb,B1,nature-weather,腐爛,,,,,,,,,,TRUE,回收,消耗,汙染,擠奶,傾瀉,照耀,TRUE,recycle,consume,pollute,milk,pour,flood,,,,
word-catalog-v1,CREATE_DRAFT,,,,,filth,filth,noun,B1,nature-weather,汙穢,,,,,,,,,,TRUE,緊急情況,回收,廢物,垃圾,農業,穀倉,TRUE,emergency,recycling,smoke,garbage,agriculture,barn,,,,
word-catalog-v1,CREATE_DRAFT,,,,,politics,politics,noun,B1,society-law-politics,政治,,,,,,,,,,TRUE,政府,邊界,國會,議會,候選人,法庭,TRUE,candidate,border,Congress,council,diplomacy,election,,,,
word-catalog-v1,CREATE_DRAFT,,,,,candidate,candidate,noun,B1,society-law-politics,候選人,,,,,,,,,,TRUE,選舉,政治,邊界,大使館,國會,外交,TRUE,politics,border,Congress,council,embassy,government,,,,
word-catalog-v1,CREATE_DRAFT,,,,,border,border,noun,B1,society-law-politics,邊界,,,,,,,,,,TRUE,政治,議會,法庭,國會,外交,州長,FALSE,,,,,,,,,,
word-catalog-v1,CREATE_DRAFT,,,,,Congress,Congress,noun,B1,society-law-politics,國會,,,,,,,,,,TRUE,議會,會議,邊界,選舉,法庭,政治,TRUE,candidate,politics,diplomacy,border,embassy,governor,,,,
word-catalog-v1,CREATE_DRAFT,,,,,council,council,noun,B1,society-law-politics,議會,,,,,,,,,,TRUE,會議,國會,外交,選舉,政府,法律,FALSE,,,,,,,,,,
word-catalog-v1,CREATE_DRAFT,,,,,court,court,noun,B1,society-law-politics,法庭,,,,,,,,,,FALSE,,,,,,,TRUE,election,council,diplomacy,government,law,mayor,,,,
word-catalog-v1,CREATE_DRAFT,,,,,diplomacy,diplomacy,noun,B1,society-law-politics,外交,,,,,,,,,,TRUE,市長,州長,法庭,選舉,政府,法律,TRUE,election,Congress,embassy,governor,parliament,government,,,,
word-catalog-v1,CREATE_DRAFT,,,,,election,election,noun,B1,society-law-politics,選舉,,,,,,,,,,TRUE,候選人,大使館,外交,市長,州長,總統,FALSE,,,,,,,,,,
word-catalog-v1,CREATE_DRAFT,,,,,elect,elect,verb,B1,society-law-politics,選舉,,,,,,,,,,TRUE,逮捕,禁止,逃跑,調查,謀殺,犯,FALSE,,,,,,,,,,
word-catalog-v1,CREATE_DRAFT,,,,,embassy,embassy,noun,B1,society-law-politics,大使館,,,,,,,,,,TRUE,政府,候選人,法律,公眾,市長,黨,TRUE,law,party,mayor,governor,parliament,government,,,,
word-catalog-v1,CREATE_DRAFT,,,,,government,government,noun,B1,society-law-politics,政府,,,,,,,,,,TRUE,政治,懲罰,州長,大使館,總統,權利,TRUE,law,party,embassy,mayor,punishment,right,,,,
word-catalog-v1,CREATE_DRAFT,,,,,local government,local government,noun,B1,society-law-politics,地方政府,,,,,,,,,,TRUE,血錢,死刑,性別差距,同輩壓力,社會服務,現代奴隸制,TRUE,blood money,death penalty,gender gap,peer pressure,modern slavery,social inequality,,,,
word-catalog-v1,CREATE_DRAFT,,,,,governor,governor,noun,B1,society-law-politics,州長,,,,,,,,,,TRUE,州,市長,法律,公眾,懲罰,議會,TRUE,parliament,law,party,public,punishment,state,,,,
word-catalog-v1,CREATE_DRAFT,,,,,law,law,noun,B1,society-law-politics,法律,,,,,,,,,,TRUE,法庭,黨,總統,權利,公眾,州長,TRUE,governor,mayor,parliament,right,public,punishment,,,,
word-catalog-v1,CREATE_DRAFT,,,,,mayor,mayor,noun,B1,society-law-politics,市長,,,,,,,,,,TRUE,州長,黨,懲罰,法律,議會,總統,TRUE,party,law,parliament,right,election,diplomacy,,,,
word-catalog-v1,CREATE_DRAFT,,,,,parliament,parliament,noun,B1,society-law-politics,議會,,,,,,,,,,TRUE,會議,國會,權利,市長,公眾,黨,FALSE,,,,,,,,,,
word-catalog-v1,CREATE_DRAFT,,,,,party,party,noun,B1,society-law-politics,黨,,,,,,,,,,TRUE,州,懲罰,總統,權利,公眾,小偷,TRUE,state,public,punishment,mayor,thief,conference,,,,
word-catalog-v1,CREATE_DRAFT,,,,,political,political,adjective,B1,society-law-politics,政治的,,,,,,,,,,TRUE,犯罪的,種族的,社會的,無知的,宗教的,高薪的,TRUE,criminal,racial,social,ignorant,religious,lost,,,,
word-catalog-v1,CREATE_DRAFT,,,,,president,president,noun,B1,society-law-politics,總統,,,,,,,,,,FALSE,,,,,,,TRUE,right,state,public,party,thief,flag,,,,
word-catalog-v1,CREATE_DRAFT,,,,,public,public,noun,B1,society-law-politics,公眾,,,,,,,,,,FALSE,,,,,,,TRUE,punishment,right,state,conference,party,president,,,,
word-catalog-v1,CREATE_DRAFT,,,,,punishment,punishment,noun,B1,society-law-politics,懲罰,,,,,,,,,,TRUE,權利,州,小偷,旗幟,議會,罪犯,FALSE,,,,,,,,,,
word-catalog-v1,CREATE_DRAFT,,,,,right,right,noun,B1,society-law-politics,權利,,,,,,,,,,TRUE,懲罰,州,小偷,旗幟,黨,會議,TRUE,state,punishment,thief,flag,parliament,governor,,,,
word-catalog-v1,CREATE_DRAFT,,,,,arrest,arrest,verb,B1,society-law-politics,逮捕,,,,,,,,,,TRUE,禁止,逃跑,調查,統治,投票,釋放,TRUE,ban,commit,escape,investigate,murder,punish,,,,
word-catalog-v1,CREATE_DRAFT,,,,,ban,ban,verb,B1,society-law-politics,禁止,,,,,,,,,,TRUE,逮捕,謀殺,逃跑,統治,投票,懲罰,FALSE,,,,,,,,,,
word-catalog-v1,CREATE_DRAFT,,,,,state,state,noun,B1,society-law-politics,州,,,,,,,,,,TRUE,州長,小偷,旗幟,權利,黨,市長,TRUE,conference,thief,flag,right,punishment,criminal,,,,
word-catalog-v1,CREATE_DRAFT,,,,,commit,commit,verb,B1,society-law-politics,犯,,,,,,,,,,TRUE,禁止,調查,逮捕,統治,懲罰,選舉,TRUE,arrest,escape,ban,investigate,vote,free,,,,
word-catalog-v1,CREATE_DRAFT,,,,,escape,escape,verb,B1,society-law-politics,逃跑,,,,,,,,,,TRUE,謀殺,犯,調查,投票,統治,選舉,TRUE,commit,murder,punish,arrest,vote,free,,,,
word-catalog-v1,CREATE_DRAFT,,,,,investigate,investigate,verb,B1,society-law-politics,調查,,,,,,,,,,TRUE,逃跑,謀殺,犯,釋放,投票,抗議,FALSE,,,,,,,,,,
word-catalog-v1,CREATE_DRAFT,,,,,murder,murder,verb,B1,society-law-politics,謀殺,,,,,,,,,,TRUE,調查,逃跑,統治,逮捕,抗議,詢問,TRUE,investigate,punish,escape,vote,elect,rule,,,,
word-catalog-v1,CREATE_DRAFT,,,,,punish,punish,verb,B1,society-law-politics,懲罰,,,,,,,,,,TRUE,謀殺,釋放,投票,禁止,逮捕,選舉,FALSE,,,,,,,,,,
word-catalog-v1,CREATE_DRAFT,,,,,rule,rule,verb,B1,society-law-politics,統治,,,,,,,,,,FALSE,,,,,,,FALSE,,,,,,,,,,
word-catalog-v1,CREATE_DRAFT,,,,,thief,thief,noun,B1,society-law-politics,小偷,,,,,,,,,,TRUE,罪犯,旗幟,會議,州,公眾,總統,TRUE,conference,flag,criminal,state,public,law,,,,
word-catalog-v1,CREATE_DRAFT,,,,,vote,vote,verb,B1,society-law-politics,投票,,,,,,,,,,TRUE,釋放,統治,謀殺,調查,懲罰,抗議,FALSE,,,,,,,,,,
word-catalog-v1,CREATE_DRAFT,,,,,conference,conference,noun,B1,society-law-politics,會議,,,,,,,,,,TRUE,議會,國會,罪犯,旗幟,公眾,法律,FALSE,,,,,,,,,,
word-catalog-v1,CREATE_DRAFT,,,,,flag,flag,noun,B1,society-law-politics,旗幟,,,,,,,,,,TRUE,罪犯,小偷,會議,州,政府,市長,TRUE,conference,thief,criminal,state,party,government,,,,
word-catalog-v1,CREATE_DRAFT,,,,,blood money,blood money,noun,B1,society-law-politics,血錢,,,,,,,,,,TRUE,死刑,地方政府,性別差距,同輩壓力,社會不平等,人才外流,TRUE,death penalty,local government,gender gap,peer pressure,social service,brain drain,,,,
word-catalog-v1,CREATE_DRAFT,,,,,free,free,verb,B1,society-law-politics,釋放,,,,,,,,,,TRUE,投票,統治,犯,逃跑,祝福,舉辦,FALSE,,,,,,,,,,
word-catalog-v1,CREATE_DRAFT,,,,,death penalty,death penalty,noun,B1,society-law-politics,死刑,,,,,,,,,,TRUE,血錢,地方政府,性別差距,同輩壓力,聖誕襪,聖誕頌歌,TRUE,blood money,local government,gender gap,peer pressure,santa claus,Christmas carol,,,,
word-catalog-v1,CREATE_DRAFT,,,,,criminal,criminal,adjective,B1,society-law-politics,犯罪的,,,,,,,,,,FALSE,,,,,,,TRUE,political,racial,social,ignorant,unsuccessful,well-paid,,,,
word-catalog-v1,CREATE_DRAFT,,,,,criminal,criminal,noun,B1,society-law-politics,罪犯,,,,,,,,,,FALSE,,,,,,,FALSE,,,,,,,,,,
word-catalog-v1,CREATE_DRAFT,,,,,agriculture,agriculture,noun,B1,nature-weather,農業,,,,,,,,,,TRUE,農舍,牲畜,作物,穀倉,穀物,溫室,FALSE,,,,,,,,,,
word-catalog-v1,CREATE_DRAFT,,,,,barn,barn,noun,B1,nature-weather,穀倉,,,,,,,,,,TRUE,穀物,農業,牲畜,作物,害蟲,牧場,TRUE,cattle,crop,farmhouse,agriculture,grain,greenhouse,,,,
word-catalog-v1,CREATE_DRAFT,,,,,cattle,cattle,noun,B1,nature-weather,牲畜,,,,,,,,,,TRUE,農舍,穀倉,作物,農業,害蟲,種子,FALSE,,,,,,,,,,
word-catalog-v1,CREATE_DRAFT,,,,,crop,crop,noun,B1,nature-weather,作物,,,,,,,,,,TRUE,穀物,廢物,牲畜,農舍,農業,犁,TRUE,cattle,farmhouse,barn,grain,pest,plow,,,,
word-catalog-v1,CREATE_DRAFT,,,,,farmhouse,farmhouse,noun,B1,nature-weather,農舍,,,,,,,,,,TRUE,農業,溫室,作物,牲畜,種子,稻草人,TRUE,crop,greenhouse,cattle,barn,ranch,pest,,,,
word-catalog-v1,CREATE_DRAFT,,,,,fish farm,fish farm,noun,B1,nature-weather,養魚場,,,,,,,,,,TRUE,發電廠,空氣汙染,溫室效應,碳足跡,原子能,氣候危機,TRUE,power plant,air pollution,greenhouse gas,carbon dioxide,carbon footprint,national park,,,,
word-catalog-v1,CREATE_DRAFT,,,,,grain,grain,noun,B1,nature-weather,穀物,,,,,,,,,,TRUE,穀倉,作物,廢物,溫室,牧場,害蟲,FALSE,,,,,,,,,,
word-catalog-v1,CREATE_DRAFT,,,,,greenhouse,greenhouse,noun,B1,nature-weather,溫室,,,,,,,,,,TRUE,穀物,馬廄,農舍,牧場,犁,害蟲,TRUE,grain,scarecrow,plow,seed,farmhouse,ranch,,,,
word-catalog-v1,CREATE_DRAFT,,,,,harvest,harvest,verb,B1,nature-weather,收割,,,,,,,,,,TRUE,回收,擠奶,播種,汙染,氾濫,升起,TRUE,milk,sow,rot,pollute,pour,set,,,,
word-catalog-v1,CREATE_DRAFT,,,,,milk,milk,verb,B1,nature-weather,擠奶,,,,,,,,,,TRUE,收割,播種,腐爛,汙染,凍結,照耀,TRUE,harvest,sow,rot,pollute,rise,melt,,,,
word-catalog-v1,CREATE_DRAFT,,,,,organic,organic,adjective,B1,nature-weather,有機的,,,,,,,,,,TRUE,有毒的,可再生的,綠色的,環保的,潮溼的,明亮的,TRUE,renewable,poisonous,toxic,green,damp,frozen,,,,
word-catalog-v1,CREATE_DRAFT,,,,,pest,pest,noun,B1,nature-weather,害蟲,,,,,,,,,,TRUE,牧羊人,種子,馬廄,稻草人,風車,牧場,TRUE,shepherd,scarecrow,plow,seed,stable,tractor,,,,
word-catalog-v1,CREATE_DRAFT,,,,,plow,plow,noun,B1,nature-weather,犁,,,,,,,,,,TRUE,牧羊人,拖拉機,種子,稻草人,葡萄園,害蟲,TRUE,pest,ranch,shepherd,scarecrow,vineyard,seed,,,,
word-catalog-v1,CREATE_DRAFT,,,,,ranch,ranch,noun,B1,nature-weather,牧場,,,,,,,,,,TRUE,牧羊人,犁,馬廄,風車,拖拉機,葡萄園,TRUE,stable,windmill,shepherd,tractor,vineyard,pest,,,,
word-catalog-v1,CREATE_DRAFT,,,,,scarecrow,scarecrow,noun,B1,nature-weather,稻草人,,,,,,,,,,TRUE,牧羊人,拖拉機,葡萄園,牧場,溫室,穀物,TRUE,ranch,seed,stable,windmill,plow,vineyard,,,,
word-catalog-v1,CREATE_DRAFT,,,,,seed,seed,noun,B1,nature-weather,種子,,,,,,,,,,TRUE,馬廄,風車,稻草人,犁,害蟲,溫室,TRUE,scarecrow,shepherd,tractor,windmill,ranch,greenhouse,,,,
word-catalog-v1,CREATE_DRAFT,,,,,shepherd,shepherd,noun,B1,nature-weather,牧羊人,,,,,,,,,,TRUE,牧場,稻草人,拖拉機,葡萄園,馬廄,農舍,TRUE,stable,tractor,seed,vineyard,greenhouse,grain,,,,
word-catalog-v1,CREATE_DRAFT,,,,,sow,sow,verb,B1,nature-weather,播種,,,,,,,,,,TRUE,擠奶,收割,腐爛,汙染,氾濫,咬,TRUE,milk,harvest,rot,pollute,freeze,flood,,,,
word-catalog-v1,CREATE_DRAFT,,,,,stable,stable,noun,B1,nature-weather,馬廄,,,,,,,,,,TRUE,風車,種子,拖拉機,牧羊人,溫室,牲畜,TRUE,windmill,tractor,shepherd,seed,crop,farmhouse,,,,
word-catalog-v1,CREATE_DRAFT,,,,,tractor,tractor,noun,B1,nature-weather,拖拉機,,,,,,,,,,TRUE,葡萄園,牧羊人,風車,稻草人,穀物,農舍,TRUE,stable,vineyard,windmill,scarecrow,greenhouse,crop,,,,
word-catalog-v1,CREATE_DRAFT,,,,,vineyard,vineyard,noun,B1,nature-weather,葡萄園,,,,,,,,,,TRUE,拖拉機,風車,馬廄,稻草人,穀倉,穀物,TRUE,tractor,windmill,stable,plow,grain,agriculture,,,,
word-catalog-v1,CREATE_DRAFT,,,,,windmill,windmill,noun,B1,nature-weather,風車,,,,,,,,,,TRUE,葡萄園,馬廄,種子,拖拉機,溫室,作物,TRUE,vineyard,tractor,shepherd,scarecrow,cattle,farmhouse,,,,
word-catalog-v1,CREATE_DRAFT,,,,,bed sheet,bed sheet,noun,B1,home-household,床單,,,,,,,,,,TRUE,沙發床,壓力鍋,抽油煙機,垃圾處理器,食物處理器,直髮器,TRUE,sofa bed,kitchen hood,pressure cooker,food processor,garbage disposal,hair straighteners,,,,
word-catalog-v1,CREATE_DRAFT,,,,,mattress,mattress,noun,B1,home-household,床墊,,,,,,,,,,TRUE,墊子,散熱器,冷凍櫃,餐具,筷子,榨汁機,TRUE,radiator,freezer,juicer,flatware,chopstick,ladle,,,,
word-catalog-v1,CREATE_DRAFT,,,,,radiator,radiator,noun,B1,home-household,散熱器,,,,,,,,,,TRUE,恆溫器,冷凍櫃,床墊,榨汁機,長柄勺,割草機,TRUE,mattress,freezer,juicer,flatware,spatula,mower,,,,
word-catalog-v1,CREATE_DRAFT,,,,,freezer,freezer,noun,B1,home-household,冷凍櫃,,,,,,,,,,TRUE,散熱器,床墊,榨汁機,長柄勺,水龍頭,餐具,TRUE,radiator,mattress,chopstick,juicer,faucet,spatula,,,,
word-catalog-v1,CREATE_DRAFT,,,,,kitchen hood,kitchen hood,noun,B1,home-household,抽油煙機,,,,,,,,,,TRUE,垃圾處理器,壓力鍋,食物處理器,床單,鄉村別墅,公寓樓,TRUE,pressure cooker,food processor,garbage disposal,bed sheet,country house,guest house,,,,
word-catalog-v1,CREATE_DRAFT,,,,,garbage disposal,garbage disposal,noun,B1,home-household,垃圾處理器,,,,,,,,,,TRUE,食物處理器,直髮器,抽油煙機,床單,鄉村別墅,游泳池,TRUE,kitchen hood,pressure cooker,food processor,bed sheet,apartment building,back door,,,,
word-catalog-v1,CREATE_DRAFT,,,,,pressure cooker,pressure cooker,noun,B1,home-household,壓力鍋,,,,,,,,,,TRUE,抽油煙機,垃圾處理器,沙發床,床單,公寓樓,游泳池,TRUE,kitchen hood,garbage disposal,food processor,bed sheet,family room,swimming pool,,,,
word-catalog-v1,CREATE_DRAFT,,,,,food processor,food processor,noun,B1,home-household,食物處理器,,,,,,,,,,TRUE,垃圾處理器,直髮器,壓力鍋,床單,游泳池,博客文章,TRUE,pressure cooker,kitchen hood,garbage disposal,bed sheet,front door,address bar,,,,
word-catalog-v1,CREATE_DRAFT,,,,,juicer,juicer,noun,B1,home-household,榨汁機,,,,,,,,,,TRUE,割草機,鏟子,百葉窗,長柄勺,筷子,水龍頭,TRUE,ladle,flatware,vase,chopstick,mower,blind,,,,
word-catalog-v1,CREATE_DRAFT,,,,,flatware,flatware,noun,B1,home-household,餐具,,,,,,,,,,TRUE,鏟子,花瓶,筷子,沙發,刷子,榨汁機,TRUE,ladle,faucet,couch,spatula,vase,juicer,,,,
word-catalog-v1,CREATE_DRAFT,,,,,chopstick,chopstick,noun,B1,home-household,筷子,,,,,,,,,,TRUE,鏟子,墊子,刷子,餐具,花瓶,割草機,TRUE,mower,blind,flatware,faucet,couch,thermostat,,,,
word-catalog-v1,CREATE_DRAFT,,,,,ladle,ladle,noun,B1,home-household,長柄勺,,,,,,,,,,TRUE,百葉窗,水龍頭,割草機,恆溫器,微波爐,沙發,TRUE,chopstick,spatula,vase,pillow,mower,brush,,,,
word-catalog-v1,CREATE_DRAFT,,,,,spatula,spatula,noun,B1,home-household,鏟子,,,,,,,,,,TRUE,筷子,墊子,刷子,花瓶,地毯,長柄勺,FALSE,,,,,,,,,,
word-catalog-v1,CREATE_DRAFT,,,,,mower,mower,noun,B1,home-household,割草機,,,,,,,,,,TRUE,榨汁機,百葉窗,水龍頭,恆溫器,長柄勺,花瓶,TRUE,blind,faucet,couch,microwave,ladle,pillow,,,,
word-catalog-v1,CREATE_DRAFT,,,,,faucet,faucet,noun,B1,home-household,水龍頭,,,,,,,,,,TRUE,百葉窗,微波爐,割草機,鏟子,花瓶,冷凍櫃,TRUE,thermostat,vase,rug,blind,brush,couch,,,,
word-catalog-v1,CREATE_DRAFT,,,,,vase,vase,noun,B1,home-household,花瓶,,,,,,,,,,TRUE,沙發,地毯,鏟子,餐具,墊子,筷子,TRUE,thermostat,microwave,pillow,rug,faucet,brush,,,,
word-catalog-v1,CREATE_DRAFT,,,,,blind,blind,noun,B1,home-household,百葉窗,,,,,,,,,,TRUE,恆溫器,微波爐,水龍頭,地毯,刷子,長柄勺,TRUE,vase,couch,thermostat,microwave,pillow,mower,,,,
word-catalog-v1,CREATE_DRAFT,,,,,couch,couch,noun,B1,home-household,沙發,,,,,,,,,,TRUE,墊子,地毯,花瓶,百葉窗,恆溫器,微波爐,TRUE,blind,rug,brush,microwave,spatula,ladle,,,,
word-catalog-v1,CREATE_DRAFT,,,,,sofa bed,sofa bed,noun,B1,home-household,沙發床,,,,,,,,,,TRUE,床單,直髮器,壓力鍋,食物處理器,後門,前門,TRUE,bed sheet,hair straighteners,food processor,pressure cooker,family room,blog post,,,,
word-catalog-v1,CREATE_DRAFT,,,,,hair straighteners,hair straighteners,noun,B1,home-household,直髮器,,,,,,,,,,TRUE,食物處理器,垃圾處理器,沙發床,床單,家庭房,客房,TRUE,sofa bed,food processor,kitchen hood,bed sheet,country house,guest room,,,,
word-catalog-v1,CREATE_DRAFT,,,,,thermostat,thermostat,noun,B1,home-household,恆溫器,,,,,,,,,,TRUE,散熱器,微波爐,沙發,刷子,百葉窗,墊子,TRUE,pillow,rug,brush,couch,mower,flatware,,,,
word-catalog-v1,CREATE_DRAFT,,,,,pillow,pillow,noun,B1,home-household,墊子,,,,,,,,,,TRUE,刷子,鏟子,筷子,床墊,地毯,恆溫器,FALSE,,,,,,,,,,
word-catalog-v1,CREATE_DRAFT,,,,,brush,brush,noun,B1,home-household,刷子,,,,,,,,,,TRUE,墊子,鏟子,筷子,微波爐,恆溫器,水龍頭,TRUE,microwave,thermostat,rug,blind,chopstick,freezer,,,,
word-catalog-v1,CREATE_DRAFT,,,,,microwave,microwave,noun,B1,home-household,微波爐,,,,,,,,,,TRUE,地毯,沙發,刷子,恆溫器,百葉窗,冷凍櫃,TRUE,brush,rug,pillow,vase,ladle,juicer,,,,
word-catalog-v1,CREATE_DRAFT,,,,,rug,rug,noun,B1,home-household,地毯,,,,,,,,,,TRUE,沙發,刷子,微波爐,花瓶,餐具,恆溫器,FALSE,,,,,,,,,,
word-catalog-v1,CREATE_DRAFT,,,,,media,media,noun,B1,arts-culture-media,媒體,,,,,,,,,,TRUE,頻道,廣告,廣告時間,版,標題,集,TRUE,break,edition,episode,headline,commercial,item,,,,
word-catalog-v1,CREATE_DRAFT,,,,,advice column,advice column,noun,B1,arts-culture-media,建議專欄,,,,,,,,,,TRUE,頭版,肥皂劇,藝術形式,平面藝術,童話,短篇小說,TRUE,front page,soap opera,art form,fairy tale,short story,young adult,,,,
word-catalog-v1,CREATE_DRAFT,,,,,break,break,noun,B1,arts-culture-media,廣告時間,,,,,,,,,,TRUE,廣告,媒體,頻道,主持人,版,項目,TRUE,media,edition,episode,headline,journal,listener,,,,
word-catalog-v1,CREATE_DRAFT,,,,,broadcast,broadcast,verb,B1,arts-culture-media,廣播,,,,,,,,,,TRUE,出版,報道,採訪,觀看,編輯,訂閱,TRUE,publish,edit,cover,interview,report,view,,,,
word-catalog-v1,CREATE_DRAFT,,,,,channel,channel,noun,B1,arts-culture-media,頻道,,,,,,,,,,FALSE,,,,,,,TRUE,break,media,edition,episode,live,network,,,,
word-catalog-v1,CREATE_DRAFT,,,,,commercial,commercial,noun,B1,arts-culture-media,廣告,,,,,,,,,,FALSE,,,,,,,FALSE,,,,,,,,,,
word-catalog-v1,CREATE_DRAFT,,,,,edition,edition,noun,B1,arts-culture-media,版,,,,,,,,,,TRUE,集,廣告,頻道,媒體,雜誌,聽眾,TRUE,break,episode,media,headline,station,podcast,,,,
word-catalog-v1,CREATE_DRAFT,,,,,publish,publish,verb,B1,arts-culture-media,出版,,,,,,,,,,FALSE,,,,,,,TRUE,edit,broadcast,cover,interview,subscribe,advertise,,,,
word-catalog-v1,CREATE_DRAFT,,,,,edit,edit,verb,B1,arts-culture-media,編輯,,,,,,,,,,FALSE,,,,,,,FALSE,,,,,,,,,,
word-catalog-v1,CREATE_DRAFT,,,,,episode,episode,noun,B1,arts-culture-media,集,,,,,,,,,,TRUE,版,標題,項目,直播,雜誌,網絡,TRUE,item,journal,listener,edition,live,network,,,,
word-catalog-v1,CREATE_DRAFT,,,,,front page,front page,noun,B1,arts-culture-media,頭版,,,,,,,,,,TRUE,肥皂劇,建議專欄,藝術形式,平面藝術,售票處,電影節,TRUE,advice column,soap opera,art form,fairy tale,action movie,box office,,,,
word-catalog-v1,CREATE_DRAFT,,,,,cover,cover,verb,B1,arts-culture-media,報道,,,,,,,,,,TRUE,採訪,出版,廣播,觀看,宣傳,說明,FALSE,,,,,,,,,,
word-catalog-v1,CREATE_DRAFT,,,,,headline,headline,noun,B1,arts-culture-media,標題,,,,,,,,,,TRUE,主持人,聽眾,電台,項目,直播,文章,FALSE,,,,,,,,,,
word-catalog-v1,CREATE_DRAFT,,,,,host,host,noun,B1,arts-culture-media,主持人,,,,,,,,,,FALSE,,,,,,,TRUE,item,journal,headline,listener,station,press,,,,
word-catalog-v1,CREATE_DRAFT,,,,,interview,interview,verb,B1,arts-culture-media,採訪,,,,,,,,,,FALSE,,,,,,,TRUE,cover,publish,edit,broadcast,sketch,decorate,,,,
word-catalog-v1,CREATE_DRAFT,,,,,item,item,noun,B1,arts-culture-media,項目,,,,,,,,,,TRUE,節目,雜誌,網絡,播客,聽眾,電台,TRUE,live,reader,journal,network,podcast,station,,,,
word-catalog-v1,CREATE_DRAFT,,,,,journal,journal,noun,B1,arts-culture-media,雜誌,,,,,,,,,,TRUE,直播,文章,讀者,網絡,播客,項目,FALSE,,,,,,,,,,
word-catalog-v1,CREATE_DRAFT,,,,,listener,listener,noun,B1,arts-culture-media,聽眾,,,,,,,,,,TRUE,觀眾,電台,雜誌,直播,文章,讀者,TRUE,press,show,live,reader,item,network,,,,
word-catalog-v1,CREATE_DRAFT,,,,,live,live,noun,B1,arts-culture-media,直播,,,,,,,,,,TRUE,播客,新聞界,聽眾,網絡,文章,標題,TRUE,listener,podcast,station,press,show,viewer,,,,
word-catalog-v1,CREATE_DRAFT,,,,,network,network,noun,B1,arts-culture-media,網絡,,,,,,,,,,TRUE,電台,節目,讀者,新聞界,播客,直播,TRUE,piece,reader,audience,podcast,live,press,,,,
word-catalog-v1,CREATE_DRAFT,,,,,station,station,noun,B1,arts-culture-media,電台,電視台,,,,,,,,,TRUE,節目,觀眾,網絡,文章,讀者,新聞界,TRUE,show,viewer,network,piece,reader,audience,,,,
word-catalog-v1,CREATE_DRAFT,,,,,piece,piece,noun,B1,arts-culture-media,文章,,,,,,,,,,FALSE,,,,,,,FALSE,,,,,,,,,,
word-catalog-v1,CREATE_DRAFT,,,,,podcast,podcast,noun,B1,arts-culture-media,播客,,,,,,,,,,TRUE,直播,節目,觀眾,電台,聽眾,標題,TRUE,press,show,viewer,reader,journal,host,,,,
word-catalog-v1,CREATE_DRAFT,,,,,press,press,noun,B1,arts-culture-media,新聞界,,,,,,,,,,FALSE,,,,,,,TRUE,podcast,audience,station,show,reader,item,,,,
word-catalog-v1,CREATE_DRAFT,,,,,reader,reader,noun,B1,arts-culture-media,讀者,,,,,,,,,,TRUE,作者,播客,節目,新聞界,觀眾,雜誌,TRUE,viewer,audience,press,podcast,network,journal,,,,
word-catalog-v1,CREATE_DRAFT,,,,,report,report,verb,B1,arts-culture-media,報道,,,,,,,,,,TRUE,觀看,訂閱,宣傳,採訪,裝飾,畫,FALSE,,,,,,,,,,
word-catalog-v1,CREATE_DRAFT,,,,,show,show,noun,B1,arts-culture-media,節目,,,,,,,,,,TRUE,項目,情節,讀者,觀眾,播客,新聞界,TRUE,viewer,audience,reader,press,station,headline,,,,
word-catalog-v1,CREATE_DRAFT,,,,,soap opera,soap opera,noun,B1,arts-culture-media,肥皂劇,,,,,,,,,,TRUE,頭版,建議專欄,藝術形式,平面藝術,特效,表演藝術,TRUE,front page,advice column,graphic arts,fairy tale,short story,action movie,,,,
word-catalog-v1,CREATE_DRAFT,,,,,view,view,verb,B1,arts-culture-media,觀看,,,,,,,,,,FALSE,,,,,,,FALSE,,,,,,,,,,
word-catalog-v1,CREATE_DRAFT,,,,,viewer,viewer,noun,B1,arts-culture-media,觀眾,,,,,,,,,,TRUE,聽眾,節目,讀者,文章,電台,集,FALSE,,,,,,,,,,
word-catalog-v1,CREATE_DRAFT,,,,,audience,audience,noun,B1,arts-culture-media,觀眾,,,,,,,,,,TRUE,聽眾,節目,讀者,播客,主持人,項目,FALSE,,,,,,,,,,
word-catalog-v1,CREATE_DRAFT,,,,,subscribe,subscribe,verb,B1,arts-culture-media,訂閱,,,,,,,,,,TRUE,宣傳,觀看,報道,採訪,素描,引用,TRUE,advertise,view,report,interview,broadcast,sketch,,,,
word-catalog-v1,CREATE_DRAFT,,,,,advertise,advertise,verb,B1,arts-culture-media,宣傳,刊登廣告,,,,,,,,,TRUE,訂閱,觀看,報道,廣播,說明,裝飾,TRUE,subscribe,view,report,interview,decorate,illustrate,,,,
word-catalog-v1,CREATE_DRAFT,,,,,social,social,adjective,B1,society-law-politics,社會的,,,,,,,,,,TRUE,種族的,無知的,犯罪的,政治的,丟失的,不成功的,TRUE,racial,ignorant,criminal,political,disappointing,effective,,,,
word-catalog-v1,CREATE_DRAFT,,,,,racial,racial,adjective,B1,society-law-politics,種族的,,,,,,,,,,TRUE,社會的,無知的,犯罪的,政治的,令人失望的,有效的,TRUE,social,ignorant,criminal,political,practical,hopeful,,,,
word-catalog-v1,CREATE_DRAFT,,,,,addiction,addiction,noun,B1,society-law-politics,成癮,,,,,,,,,,TRUE,濫用,意識,欺凌,腐敗,危機,平等,TRUE,abuse,awareness,bullying,corruption,crisis,equality,,,,
word-catalog-v1,CREATE_DRAFT,,,,,abuse,abuse,noun,B1,society-law-politics,濫用,,,,,,,,,,TRUE,成癮,意識,欺凌,腐敗,自由,移民,TRUE,addiction,awareness,bullying,corruption,freedom,homelessness,,,,
word-catalog-v1,CREATE_DRAFT,,,,,awareness,awareness,noun,B1,society-law-politics,意識,,,,,,,,,,TRUE,濫用,成癮,危機,欺凌,自由,問題,TRUE,abuse,addiction,crisis,bullying,freedom,immigration,,,,
word-catalog-v1,CREATE_DRAFT,,,,,bullying,bullying,noun,B1,society-law-politics,欺凌,,,,,,,,,,TRUE,平等,意識,腐敗,成癮,問題,貧困,TRUE,equality,awareness,corruption,issue,addiction,malnutrition,,,,
word-catalog-v1,CREATE_DRAFT,,,,,corruption,corruption,noun,B1,society-law-politics,腐敗,,,,,,,,,,TRUE,危機,平等,濫用,自由,移民,無家可歸,TRUE,crisis,equality,homelessness,abuse,freedom,obesity,,,,
word-catalog-v1,CREATE_DRAFT,,,,,crisis,crisis,noun,B1,society-law-politics,危機,,,,,,,,,,TRUE,腐敗,平等,欺凌,自由,問題,安全,TRUE,immigration,issue,overpopulation,corruption,equality,homelessness,,,,
word-catalog-v1,CREATE_DRAFT,,,,,equality,equality,noun,B1,society-law-politics,平等,,,,,,,,,,TRUE,危機,移民,自由,意識,貧困,問題,TRUE,malnutrition,crisis,freedom,immigration,obesity,poverty,,,,
word-catalog-v1,CREATE_DRAFT,,,,,freedom,freedom,noun,B1,society-law-politics,自由,,,,,,,,,,TRUE,移民,平等,無家可歸,營養不良,短缺,安全,TRUE,issue,overpopulation,racism,homelessness,malnutrition,security,,,,
word-catalog-v1,CREATE_DRAFT,,,,,gender gap,gender gap,noun,B1,society-law-politics,性別差距,,,,,,,,,,TRUE,同輩壓力,社會服務,現代奴隸制,社會不平等,人才外流,聖誕老人,TRUE,peer pressure,modern slavery,social inequality,social service,brain drain,christmas stocking,,,,
word-catalog-v1,CREATE_DRAFT,,,,,homelessness,homelessness,noun,B1,society-law-politics,無家可歸,,,,,,,,,,TRUE,人口過剩,營養不良,種族主義,性別歧視,社會福利,移民,TRUE,immigration,obesity,poverty,sexism,issue,overpopulation,,,,
word-catalog-v1,CREATE_DRAFT,,,,,immigration,immigration,noun,B1,society-law-politics,移民,,,,,,,,,,TRUE,貧困,問題,短缺,穩定,安全,無家可歸,TRUE,racism,shortage,malnutrition,security,obesity,poverty,,,,
word-catalog-v1,CREATE_DRAFT,,,,,issue,issue,noun,B1,society-law-politics,問題,,,,,,,,,,TRUE,貧困,人口過剩,營養不良,短缺,穩定,移民,FALSE,,,,,,,,,,
word-catalog-v1,CREATE_DRAFT,,,,,malnutrition,malnutrition,noun,B1,society-law-politics,營養不良,,,,,,,,,,TRUE,人口過剩,種族主義,性別歧視,無家可歸,安全,問題,TRUE,sexism,overpopulation,racism,shortage,stability,security,,,,
word-catalog-v1,CREATE_DRAFT,,,,,obesity,obesity,noun,B1,society-law-politics,肥胖,,,,,,,,,,TRUE,毒品,貧困,損害,短缺,穩定,種族主義,FALSE,,,,,,,,,,
word-catalog-v1,CREATE_DRAFT,,,,,overpopulation,overpopulation,noun,B1,society-law-politics,人口過剩,,,,,,,,,,TRUE,營養不良,性別歧視,種族主義,無家可歸,毒品,貧困,TRUE,poverty,sexism,racism,shortage,issue,homelessness,,,,
word-catalog-v1,CREATE_DRAFT,,,,,peer pressure,peer pressure,noun,B1,society-law-politics,同輩壓力,,,,,,,,,,TRUE,社會服務,性別差距,現代奴隸制,社會不平等,地方政府,聖誕頌歌,TRUE,modern slavery,social inequality,social service,gender gap,local government,christmas tree,,,,
word-catalog-v1,CREATE_DRAFT,,,,,poverty,poverty,noun,B1,society-law-politics,貧困,,,,,,,,,,TRUE,安全,損害,短缺,穩定,人口過剩,性別歧視,TRUE,stability,security,sexism,obesity,malnutrition,immigration,,,,
word-catalog-v1,CREATE_DRAFT,,,,,racism,racism,noun,B1,society-law-politics,種族主義,,,,,,,,,,TRUE,社會福利,性別歧視,人口過剩,無家可歸,毒品,損害,TRUE,shortage,stability,poverty,security,welfare,damage,,,,
word-catalog-v1,CREATE_DRAFT,,,,,security,security,noun,B1,society-law-politics,安全,,,,,,,,,,TRUE,短缺,穩定,毒品,社會福利,肥胖,性別歧視,TRUE,racism,sexism,shortage,welfare,obesity,damage,,,,
word-catalog-v1,CREATE_DRAFT,,,,,sexism,sexism,noun,B1,society-law-politics,性別歧視,,,,,,,,,,TRUE,種族主義,社會福利,營養不良,安全,損害,短缺,TRUE,stability,security,shortage,malnutrition,issue,drug,,,,
word-catalog-v1,CREATE_DRAFT,,,,,shortage,shortage,noun,B1,society-law-politics,短缺,,,,,,,,,,TRUE,穩定,毒品,安全,損害,社會福利,問題,TRUE,stability,sexism,racism,poverty,welfare,drug,,,,
word-catalog-v1,CREATE_DRAFT,,,,,modern slavery,modern slavery,noun,B1,society-law-politics,現代奴隸制,,,,,,,,,,TRUE,社會不平等,社會服務,人才外流,性別差距,血錢,聖誕樹,TRUE,social inequality,social service,brain drain,gender gap,blood money,christmas eve,,,,
word-catalog-v1,CREATE_DRAFT,,,,,social inequality,social inequality,noun,B1,society-law-politics,社會不平等,,,,,,,,,,TRUE,社會服務,現代奴隸制,人才外流,性別差距,平安夜,平等,TRUE,social service,modern slavery,brain drain,gender gap,santa claus,Christmas carol,,,,
word-catalog-v1,CREATE_DRAFT,,,,,stability,stability,noun,B1,society-law-politics,穩定,,,,,,,,,,TRUE,毒品,損害,短缺,社會福利,危機,移民,TRUE,welfare,damage,shortage,overpopulation,drug,immigration,,,,
word-catalog-v1,CREATE_DRAFT,,,,,social service,social service,noun,B1,society-law-politics,社會服務,,,,,,,,,,TRUE,社會不平等,人才外流,現代奴隸制,性別差距,聖誕襪,社會福利,TRUE,social inequality,modern slavery,brain drain,gender gap,in favor,no way,,,,
word-catalog-v1,CREATE_DRAFT,,,,,welfare,welfare,noun,B1,society-law-politics,社會福利,,,,,,,,,,FALSE,,,,,,,TRUE,stability,damage,sexism,security,drug,freedom,,,,
word-catalog-v1,CREATE_DRAFT,,,,,protest,protest,verb,B1,society-law-politics,抗議,,,,,,,,,,TRUE,釋放,投票,禁止,犯,懲罰,祝福,TRUE,free,vote,murder,investigate,rule,pray,,,,
word-catalog-v1,CREATE_DRAFT,,,,,drug,drug,noun,B1,society-law-politics,毒品,,,,,,,,,,FALSE,,,,,,,TRUE,damage,stability,welfare,racism,overpopulation,malnutrition,,,,
word-catalog-v1,CREATE_DRAFT,,,,,damage,damage,noun,B1,society-law-politics,損害,,,,,,,,,,FALSE,,,,,,,TRUE,stability,welfare,drug,shortage,obesity,homelessness,,,,
word-catalog-v1,CREATE_DRAFT,,,,,brain drain,brain drain,noun,B1,society-law-politics,人才外流,,,,,,,,,,TRUE,社會服務,社會不平等,同輩壓力,性別差距,平安夜,人口過剩,TRUE,social service,social inequality,modern slavery,death penalty,christmas eve,in favor,,,,
word-catalog-v1,CREATE_DRAFT,,,,,ignorant,ignorant,adjective,B1,society-law-politics,無知的,,,,,,,,,,TRUE,種族的,社會的,犯罪的,丟失的,令人失望的,負面的,TRUE,racial,social,criminal,unsuccessful,disappointing,practical,,,,
word-catalog-v1,CREATE_DRAFT,,,,,attempt,attempt,verb,B1,abstract-concepts,嘗試,,,,,,,,,,TRUE,導致,實現,克服,奮鬥,完成,放棄,FALSE,,,,,,,,,,
word-catalog-v1,CREATE_DRAFT,,,,,cost,cost,verb,B1,abstract-concepts,導致,,,,,,,,,,TRUE,嘗試,實現,克服,奮鬥,成功,製造麻煩,FALSE,,,,,,,,,,
word-catalog-v1,CREATE_DRAFT,,,,,difficulty,difficulty,noun,B1,abstract-concepts,困難,,,,,,,,,,TRUE,艱難地,優勢,不利,期望,麻煩,目的,FALSE,,,,,,,,,,
word-catalog-v1,CREATE_DRAFT,,,,,advantage,advantage,noun,B1,abstract-concepts,優勢,,,,,,,,,,TRUE,困難,不利,期望,麻煩,失敗,成功,TRUE,difficulty,disadvantage,expectation,failure,trouble,hard,,,,
word-catalog-v1,CREATE_DRAFT,,,,,disadvantage,disadvantage,noun,B1,abstract-concepts,不利,,,,,,,,,,TRUE,優勢,困難,期望,麻煩,錯誤,成就,TRUE,advantage,difficulty,expectation,failure,purpose,obstacle,,,,
word-catalog-v1,CREATE_DRAFT,,,,,disappointing,disappointing,adjective,B1,abstract-concepts,令人失望的,,,,,,,,,,TRUE,丟失的,不成功的,高薪的,充滿希望的,光明的,有效的,TRUE,lost,unsuccessful,well-paid,effective,practical,bright,,,,
word-catalog-v1,CREATE_DRAFT,,,,,expectation,expectation,noun,B1,abstract-concepts,期望,,,,,,,,,,TRUE,不利,優勢,目的,困難,失敗,願望,TRUE,disadvantage,trouble,advantage,hard,purpose,obstacle,,,,
word-catalog-v1,CREATE_DRAFT,,,,,failure,failure,noun,B1,abstract-concepts,失敗,,,,,,,,,,TRUE,艱難地,期望,麻煩,困難,目標,野心,FALSE,,,,,,,,,,
word-catalog-v1,CREATE_DRAFT,,,,,trouble,trouble,noun,B1,abstract-concepts,麻煩,,,,,,,,,,FALSE,,,,,,,TRUE,failure,hard,expectation,purpose,success,mistake,,,,
word-catalog-v1,CREATE_DRAFT,,,,,hard,hard,noun,B1,abstract-concepts,艱難地,,,,,,,,,,TRUE,困難,目的,麻煩,不利,錯誤,目標,TRUE,trouble,failure,disadvantage,purpose,success,achievement,,,,
word-catalog-v1,CREATE_DRAFT,,,,,lost,lost,adjective,B1,abstract-concepts,丟失的,,,,,,,,,,TRUE,令人失望的,高薪的,不成功的,光明的,實用的,負面的,TRUE,unsuccessful,disappointing,well-paid,effective,hopeful,negative,,,,
word-catalog-v1,CREATE_DRAFT,,,,,overcome,overcome,verb,B1,abstract-concepts,克服,,,,,,,,,,TRUE,實現,完成,放棄,嘗試,成功,希望,TRUE,achieve,fight,accomplish,abandon,cost,attempt,,,,
word-catalog-v1,CREATE_DRAFT,,,,,purpose,purpose,noun,B1,abstract-concepts,目的,,,,,,,,,,TRUE,艱難地,困難,期望,優勢,成功,努力,TRUE,obstacle,hard,trouble,expectation,success,aim,,,,
word-catalog-v1,CREATE_DRAFT,,,,,achieve,achieve,verb,B1,abstract-concepts,實現,,,,,,,,,,TRUE,克服,奮鬥,完成,成功,旨在,希望,FALSE,,,,,,,,,,
word-catalog-v1,CREATE_DRAFT,,,,,unsuccessful,unsuccessful,adjective,B1,abstract-concepts,不成功的,,,,,,,,,,TRUE,丟失的,高薪的,令人失望的,有效的,實用的,無知的,TRUE,lost,well-paid,disappointing,effective,ignorant,racial,,,,
word-catalog-v1,CREATE_DRAFT,,,,,obstacle,obstacle,noun,B1,abstract-concepts,困難,,,,,,,,,,TRUE,艱難地,目的,成功,麻煩,錯誤,失敗,FALSE,,,,,,,,,,
word-catalog-v1,CREATE_DRAFT,,,,,go on,go on,phrasal_verb,B1,abstract-concepts,繼續,,,,,,,,,,TRUE,放棄,致力於,指出,吹滅,有點,實現,FALSE,,,,,,,,,,
word-catalog-v1,CREATE_DRAFT,,,,,give up,give up,phrasal_verb,B1,abstract-concepts,放棄,,,,,,,,,,TRUE,繼續,致力於,指出,吹滅,奮鬥,完成,FALSE,,,,,,,,,,
word-catalog-v1,CREATE_DRAFT,,,,,abandon,abandon,verb,B1,abstract-concepts,放棄,,,,,,,,,,FALSE,,,,,,,FALSE,,,,,,,,,,
word-catalog-v1,CREATE_DRAFT,,,,,fight,fight,verb,B1,abstract-concepts,奮鬥,,,,,,,,,,TRUE,放棄,完成,製造麻煩,實現,旨在,設法,FALSE,,,,,,,,,,
word-catalog-v1,CREATE_DRAFT,,,,,accomplish,accomplish,verb,B1,abstract-concepts,完成,,,,,,,,,,TRUE,成功,奮鬥,放棄,製造麻煩,導致,希望,FALSE,,,,,,,,,,
word-catalog-v1,CREATE_DRAFT,,,,,success,success,noun,B1,abstract-concepts,成功,,,,,,,,,,TRUE,成就,目的,困難,錯誤,艱難地,野心,FALSE,,,,,,,,,,
word-catalog-v1,CREATE_DRAFT,,,,,succeed,succeed,verb,B1,abstract-concepts,成功,,,,,,,,,,TRUE,完成,奮鬥,製造麻煩,放棄,嘗試,促進,FALSE,,,,,,,,,,
word-catalog-v1,CREATE_DRAFT,,,,,well-paid,well-paid,adjective,B1,abstract-concepts,高薪的,,,,,,,,,,TRUE,丟失的,不成功的,令人失望的,光明的,無知的,種族的,TRUE,unsuccessful,lost,disappointing,effective,social,political,,,,
word-catalog-v1,CREATE_DRAFT,,,,,trouble,trouble,verb,B1,abstract-concepts,製造麻煩,,,,,,,,,,FALSE,,,,,,,TRUE,succeed,accomplish,fight,abandon,overcome,wish,,,,
word-catalog-v1,CREATE_DRAFT,,,,,mistake,mistake,noun,B1,abstract-concepts,錯誤,,,,,,,,,,TRUE,成功,目的,困難,不利,艱難地,尊重,FALSE,,,,,,,,,,
word-catalog-v1,CREATE_DRAFT,,,,,artwork,artwork,noun,B1,arts-culture-media,藝術品,,,,,,,,,,TRUE,建築學,雕塑,手指畫,草圖,展覽,框架,TRUE,architecture,sculpture,exhibition,finger-painting,frame,graffiti,,,,
word-catalog-v1,CREATE_DRAFT,,,,,art form,art form,noun,B1,arts-culture-media,藝術形式,,,,,,,,,,TRUE,平面藝術,童話,短篇小說,年輕的成人,建議專欄,售票處,TRUE,graphic arts,fairy tale,short story,young adult,film festival,movie maker,,,,
word-catalog-v1,CREATE_DRAFT,,,,,architecture,architecture,noun,B1,arts-culture-media,建築學,,,,,,,,,,TRUE,藝術品,雕塑,手指畫,草圖,插圖,塗鴉,TRUE,artwork,sculpture,exhibition,sketch,finger-painting,illustration,,,,
word-catalog-v1,CREATE_DRAFT,,,,,sculpture,sculpture,noun,B1,arts-culture-media,雕塑,,,,,,,,,,TRUE,雕像,建築學,展覽,藝術品,草圖,肖像,TRUE,architecture,artwork,exhibition,frame,sketch,portrait,,,,
word-catalog-v1,CREATE_DRAFT,,,,,graphic arts,graphic arts,noun,B1,arts-culture-media,平面藝術,,,,,,,,,,TRUE,藝術形式,童話,短篇小說,年輕的成人,動作片,電影節,TRUE,art form,fairy tale,short story,advice column,film festival,special effects,,,,
word-catalog-v1,CREATE_DRAFT,,,,,the performing arts,the performing arts,noun,B1,arts-culture-media,表演藝術,,,,,,,,,,TRUE,視覺藝術,平面藝術,藝術形式,童話,年輕的成人,無聲電影,TRUE,the visual arts,graphic arts,art form,fairy tale,short story,box office,,,,
word-catalog-v1,CREATE_DRAFT,,,,,decorate,decorate,verb,B1,arts-culture-media,裝飾,,,,,,,,,,TRUE,說明,畫,素描,引用,宣傳,訂閱,FALSE,,,,,,,,,,
word-catalog-v1,CREATE_DRAFT,,,,,sketch,sketch,verb,B1,arts-culture-media,素描,,,,,,,,,,FALSE,,,,,,,FALSE,,,,,,,,,,
word-catalog-v1,CREATE_DRAFT,,,,,sketch,sketch,noun,B1,arts-culture-media,草圖,,,,,,,,,,FALSE,,,,,,,TRUE,graffiti,finger-painting,exhibition,illustration,statue,symbol,,,,
word-catalog-v1,CREATE_DRAFT,,,,,exhibition,exhibition,noun,B1,arts-culture-media,展覽,,,,,,,,,,TRUE,框架,插圖,草圖,塗鴉,象徵,肖像,FALSE,,,,,,,,,,
word-catalog-v1,CREATE_DRAFT,,,,,fake,fake,adjective,B1,arts-culture-media,假的,,,,,,,,,,TRUE,文學的,詩意的,哥德式的,戲劇的,娛樂的,有趣的,FALSE,,,,,,,,,,
word-catalog-v1,CREATE_DRAFT,,,,,finger-painting,finger-painting,noun,B1,arts-culture-media,手指畫,,,,,,,,,,TRUE,框架,展覽,大師,插圖,雕像,風格,TRUE,frame,graffiti,portrait,master,illustration,statue,,,,
word-catalog-v1,CREATE_DRAFT,,,,,frame,frame,noun,B1,arts-culture-media,框架,,,,,,,,,,TRUE,塗鴉,象徵,拼貼,手指畫,肖像,大師,TRUE,style,finger-painting,graffiti,symbol,collage,portrait,,,,
word-catalog-v1,CREATE_DRAFT,,,,,graffiti,graffiti,noun,B1,arts-culture-media,塗鴉,,,,,,,,,,TRUE,框架,插圖,雕像,象徵,拼貼,傳記,FALSE,,,,,,,,,,
word-catalog-v1,CREATE_DRAFT,,,,,illustrate,illustrate,verb,B1,arts-culture-media,說明,,,,,,,,,,TRUE,畫,引用,裝飾,素描,觀看,出版,TRUE,paint,decorate,sketch,quote,advertise,subscribe,,,,
word-catalog-v1,CREATE_DRAFT,,,,,illustration,illustration,noun,B1,arts-culture-media,插圖,,,,,,,,,,TRUE,草圖,風格,肖像,大師,雕像,作者,FALSE,,,,,,,,,,
word-catalog-v1,CREATE_DRAFT,,,,,paint,paint,verb,B1,arts-culture-media,畫,,,,,,,,,,TRUE,說明,引用,裝飾,素描,報道,導演,FALSE,,,,,,,,,,
word-catalog-v1,CREATE_DRAFT,,,,,portrait,portrait,noun,B1,arts-culture-media,肖像,,,,,,,,,,TRUE,雕像,風格,象徵,拼貼,小說,大師,TRUE,master,statue,style,author,symbol,collage,,,,
word-catalog-v1,CREATE_DRAFT,,,,,statue,statue,noun,B1,arts-culture-media,雕像,,,,,,,,,,TRUE,肖像,雕塑,傳記,暢銷書,風格,作者,TRUE,bestseller,master,biography,style,author,portrait,,,,
word-catalog-v1,CREATE_DRAFT,,,,,symbol,symbol,noun,B1,arts-culture-media,象徵,,,,,,,,,,TRUE,介紹,拼貼,小說,隱喻,大師,傳記,TRUE,collage,bestseller,fiction,statue,master,biography,,,,
word-catalog-v1,CREATE_DRAFT,,,,,master,master,noun,B1,arts-culture-media,大師,,,,,,,,,,TRUE,暢銷書,象徵,風格,作者,介紹,非虛構,TRUE,non-fiction,symbol,style,author,introduction,bestseller,,,,
word-catalog-v1,CREATE_DRAFT,,,,,style,style,noun,B1,arts-culture-media,風格,,,,,,,,,,TRUE,神話,拼貼,小說,隱喻,暢銷書,作者,TRUE,collage,fiction,metaphor,biography,non-fiction,mystery,,,,
word-catalog-v1,CREATE_DRAFT,,,,,collage,collage,noun,B1,arts-culture-media,拼貼,,,,,,,,,,TRUE,傳記,介紹,非虛構,神話,謎,詩歌,TRUE,author,introduction,myth,bestseller,fiction,metaphor,,,,
word-catalog-v1,CREATE_DRAFT,,,,,the visual arts,the visual arts,noun,B1,arts-culture-media,視覺藝術,,,,,,,,,,TRUE,表演藝術,平面藝術,藝術形式,童話,動作片,售票處,TRUE,the performing arts,graphic arts,fairy tale,short story,soap opera,silent movie,,,,
word-catalog-v1,CREATE_DRAFT,,,,,author,author,noun,B1,arts-culture-media,作者,,,,,,,,,,TRUE,著作,讀者,小說,隱喻,情節,傳記,TRUE,plot,biography,non-fiction,mystery,poem,introduction,,,,
word-catalog-v1,CREATE_DRAFT,,,,,bestseller,bestseller,noun,B1,arts-culture-media,暢銷書,,,,,,,,,,TRUE,非虛構,介紹,神話,詩,背景,小說,TRUE,myth,poetry,fiction,metaphor,plot,quotation,,,,
word-catalog-v1,CREATE_DRAFT,,,,,biography,biography,noun,B1,arts-culture-media,傳記,,,,,,,,,,TRUE,謎,詩歌,暢銷書,隱喻,情節,介紹,TRUE,non-fiction,mystery,poem,bestseller,myth,poetry,,,,
word-catalog-v1,CREATE_DRAFT,,,,,fairy tale,fairy tale,noun,B1,arts-culture-media,童話,,,,,,,,,,TRUE,短篇小說,年輕的成人,平面藝術,藝術形式,特效,神話,TRUE,young adult,short story,graphic arts,art form,action movie,special effects,,,,
word-catalog-v1,CREATE_DRAFT,,,,,fiction,fiction,noun,B1,arts-culture-media,小說,,,,,,,,,,TRUE,小丑,非虛構,謎,詩歌,詩,背景,FALSE,,,,,,,,,,
word-catalog-v1,CREATE_DRAFT,,,,,non-fiction,non-fiction,noun,B1,arts-culture-media,非虛構,,,,,,,,,,TRUE,暢銷書,隱喻,情節,故事,小說,詩,TRUE,fiction,introduction,setting,metaphor,plot,mystery,,,,
word-catalog-v1,CREATE_DRAFT,,,,,introduction,introduction,noun,B1,arts-culture-media,介紹,,,,,,,,,,TRUE,神話,謎,詩歌,背景,隱喻,詩句,FALSE,,,,,,,,,,
word-catalog-v1,CREATE_DRAFT,,,,,metaphor,metaphor,noun,B1,arts-culture-media,隱喻,,,,,,,,,,TRUE,情節,故事,介紹,神話,謎,詩,TRUE,quotation,poem,storyline,myth,poetry,setting,,,,
word-catalog-v1,CREATE_DRAFT,,,,,mystery,mystery,noun,B1,arts-culture-media,謎,,,,,,,,,,TRUE,詩,詩歌,背景,詩句,情節,引用,TRUE,storyteller,plot,quotation,tale,poem,storyline,,,,
word-catalog-v1,CREATE_DRAFT,,,,,myth,myth,noun,B1,arts-culture-media,神話,,,,,,,,,,TRUE,故事,著作,詩歌,背景,詩句,戲劇,TRUE,title,poetry,setting,storyteller,verse,mystery,,,,
word-catalog-v1,CREATE_DRAFT,,,,,plot,plot,noun,B1,arts-culture-media,情節,,,,,,,,,,TRUE,情節劇,引用,故事,著作,神話,詩歌,FALSE,,,,,,,,,,
word-catalog-v1,CREATE_DRAFT,,,,,poem,poem,noun,B1,arts-culture-media,詩,,,,,,,,,,TRUE,詩句,詩歌,謎,情節,戲劇,講故事的人,TRUE,quotation,tale,writing,storyline,title,poetry,,,,
word-catalog-v1,CREATE_DRAFT,,,,,poetry,poetry,noun,B1,arts-culture-media,詩歌,,,,,,,,,,TRUE,詩,詩句,背景,故事,標題,講故事的人,TRUE,setting,storyteller,verse,poem,quotation,writing,,,,
word-catalog-v1,CREATE_DRAFT,,,,,quotation,quotation,noun,B1,arts-culture-media,引用,,,,,,,,,,TRUE,著作,背景,戲劇,標題,講故事的人,情節,FALSE,,,,,,,,,,
word-catalog-v1,CREATE_DRAFT,,,,,quote,quote,verb,B1,arts-culture-media,引用,,,,,,,,,,TRUE,說明,畫,裝飾,素描,剪輯,製作,FALSE,,,,,,,,,,
word-catalog-v1,CREATE_DRAFT,,,,,setting,setting,noun,B1,arts-culture-media,背景,,,,,,,,,,TRUE,故事,著作,引用,詩句,標題,情節,FALSE,,,,,,,,,,
word-catalog-v1,CREATE_DRAFT,,,,,short story,short story,noun,B1,arts-culture-media,短篇小說,,,,,,,,,,TRUE,年輕的成人,童話,平面藝術,動作片,電影製作人,肥皂劇,TRUE,young adult,fairy tale,graphic arts,art form,silent movie,advice column,,,,
word-catalog-v1,CREATE_DRAFT,,,,,storyline,storyline,noun,B1,arts-culture-media,情節,,,,,,,,,,TRUE,情節劇,戲劇,故事,著作,講故事的人,節目,FALSE,,,,,,,,,,
word-catalog-v1,CREATE_DRAFT,,,,,storyteller,storyteller,noun,B1,arts-culture-media,講故事的人,,,,,,,,,,TRUE,故事,詩句,戲劇,非虛構,標題,暢銷書,TRUE,tale,title,verse,storyline,setting,plot,,,,
word-catalog-v1,CREATE_DRAFT,,,,,tale,tale,noun,B1,arts-culture-media,故事,,,,,,,,,,TRUE,講故事的人,著作,詩句,戲劇,引用,隱喻,FALSE,,,,,,,,,,
word-catalog-v1,CREATE_DRAFT,,,,,title,title,noun,B1,arts-culture-media,標題,,,,,,,,,,TRUE,著作,故事,詩句,講故事的人,神話,介紹,FALSE,,,,,,,,,,
word-catalog-v1,CREATE_DRAFT,,,,,verse,verse,noun,B1,arts-culture-media,詩句,,,,,,,,,,TRUE,詩,詩歌,戲劇,標題,著作,引用,TRUE,writing,title,tale,storyteller,setting,play,,,,
word-catalog-v1,CREATE_DRAFT,,,,,writing,writing,noun,B1,arts-culture-media,著作,,,,,,,,,,TRUE,作者,戲劇,詩句,背景,標題,傳記,TRUE,verse,title,tale,storyteller,quotation,myth,,,,
word-catalog-v1,CREATE_DRAFT,,,,,Gothic,Gothic,adjective,B1,arts-culture-media,哥德式的,,,,,,,,,,TRUE,文學的,詩意的,假的,戲劇的,健壯的,競爭的,TRUE,literary,poetic,fake,dramatic,entertaining,olympic,,,,
word-catalog-v1,CREATE_DRAFT,,,,,literary,literary,adjective,B1,arts-culture-media,文學的,,,,,,,,,,TRUE,詩意的,哥德式的,假的,戲劇的,獲勝的,奧林匹克的,TRUE,Gothic,poetic,fake,dramatic,athletic,competitive,,,,
word-catalog-v1,CREATE_DRAFT,,,,,poetic,poetic,adjective,B1,arts-culture-media,詩意的,,,,,,,,,,TRUE,文學的,哥德式的,假的,娛樂的,健壯的,獲勝的,TRUE,literary,Gothic,fake,entertaining,winning,fun,,,,
word-catalog-v1,CREATE_DRAFT,,,,,young adult,young adult,noun,B1,arts-culture-media,年輕的成人,,,,,,,,,,TRUE,短篇小說,童話,電影製作人,平面藝術,電影節,無聲電影,TRUE,short story,fairy tale,graphic arts,special effects,MP3 player,disc jockey,,,,
word-catalog-v1,CREATE_DRAFT,,,,,play,play,noun,B1,arts-culture-media,戲劇,,,,,,,,,,FALSE,,,,,,,FALSE,,,,,,,,,,
word-catalog-v1,CREATE_DRAFT,,,,,address bar,address bar,noun,B1,technology,地址欄,,,,,,,,,,TRUE,聊天室,博客文章,操作系統,藝術史,文化研究,政治學,TRUE,blog post,chat room,operating system,cultural studies,information technology,art history,,,,
word-catalog-v1,CREATE_DRAFT,,,,,attach,attach,verb,B1,technology,附加,,,,,,,,,,FALSE,,,,,,,TRUE,follow,forward,tweet,surf,visit,install,,,,
word-catalog-v1,CREATE_DRAFT,,,,,blog,blog,noun,B1,technology,博客,,,,,,,,,,TRUE,書籤,瀏覽器,離線,收件箱,頁面,發件箱,TRUE,bookmark,browser,offline,inbox,outbox,page,,,,
word-catalog-v1,CREATE_DRAFT,,,,,blogger,blogger,noun,B1,technology,博主,,,,,,,,,,TRUE,書籤,瀏覽器,離線,服務器,推文,垃圾郵件,TRUE,bookmark,browser,offline,server,spam,tweet,,,,
word-catalog-v1,CREATE_DRAFT,,,,,blog post,blog post,noun,B1,technology,博客文章,,,,,,,,,,TRUE,地址欄,聊天室,操作系統,文化研究,博客,推文,TRUE,chat room,address bar,operating system,blog,computer science,cultural studies,,,,
word-catalog-v1,CREATE_DRAFT,,,,,bookmark,bookmark,noun,B1,technology,書籤,,,,,,,,,,TRUE,博主,博客,瀏覽器,收件箱,離線,服務器,TRUE,blogger,blog,browser,inbox,outbox,server,,,,
word-catalog-v1,CREATE_DRAFT,,,,,browser,browser,noun,B1,technology,瀏覽器,,,,,,,,,,TRUE,服務器,博主,書籤,收件箱,發件箱,垃圾郵件,TRUE,blogger,bookmark,blog,page,offline,spam,,,,
word-catalog-v1,CREATE_DRAFT,,,,,chat room,chat room,noun,B1,technology,聊天室,,,,,,,,,,TRUE,地址欄,博客文章,操作系統,藝術史,信息技術,瀏覽器,TRUE,blog post,address bar,operating system,information technology,computer science,browser,,,,
word-catalog-v1,CREATE_DRAFT,,,,,DM,DM,abbreviation,B1,technology,私人訊息,,,,,,,,,,FALSE,,,,,,,FALSE,,,,,,,,,,
word-catalog-v1,CREATE_DRAFT,,,,,Facebook,Facebook,proper_noun,B1,technology,臉書,,,,,,,,,,TRUE,搜尋引擎,網址,網上影片平台,元旦,果凍,神,TRUE,Google,URL,YouTube,Coca-Cola,Jell-O,Halloween,,,,
word-catalog-v1,CREATE_DRAFT,,,,,follow,follow,verb,B1,technology,關注,,,,,,,,,,TRUE,轉發,附加,發推,瀏覽,訪問,退出,FALSE,,,,,,,,,,
word-catalog-v1,CREATE_DRAFT,,,,,forward,forward,verb,B1,technology,轉發,,,,,,,,,,TRUE,發推,關注,附加,瀏覽,打字,安裝,TRUE,follow,attach,surf,tweet,quit,type,,,,
word-catalog-v1,CREATE_DRAFT,,,,,Google,Google,proper_noun,B1,technology,搜尋引擎,,,,,,,,,,TRUE,臉書,網上影片平台,網址,可口可樂,母親節,元旦,TRUE,Facebook,URL,YouTube,Coca-Cola,Father's Day,Mother's Day,,,,
word-catalog-v1,CREATE_DRAFT,,,,,inbox,inbox,noun,B1,technology,收件箱,,,,,,,,,,TRUE,發件箱,垃圾郵件,服務器,頁面,離線,博客,TRUE,outbox,page,offline,server,spam,error,,,,
word-catalog-v1,CREATE_DRAFT,,,,,log in,log in,phrasal_verb,B1,technology,登入,,,,,,,,,,TRUE,登出,備份,轉發,關注,發推,瀏覽,FALSE,,,,,,,,,,
word-catalog-v1,CREATE_DRAFT,,,,,offline,offline,noun,B1,technology,離線,,,,,,,,,,TRUE,頁面,推文,發件箱,收件箱,博主,博客,TRUE,outbox,inbox,page,server,tweet,key,,,,
word-catalog-v1,CREATE_DRAFT,,,,,outbox,outbox,noun,B1,technology,發件箱,,,,,,,,,,TRUE,收件箱,垃圾郵件,服務器,離線,軟件,硬件,TRUE,spam,offline,page,inbox,tweet,program,,,,
word-catalog-v1,CREATE_DRAFT,,,,,page,page,noun,B1,technology,頁面,,,,,,,,,,TRUE,推文,離線,發件箱,服務器,收件箱,桌面,TRUE,outbox,server,spam,inbox,bookmark,software,,,,
word-catalog-v1,CREATE_DRAFT,,,,,server,server,noun,B1,technology,服務器,,,,,,,,,,TRUE,瀏覽器,發件箱,頁面,垃圾郵件,推文,鍵,TRUE,page,spam,outbox,tweet,blogger,browser,,,,
word-catalog-v1,CREATE_DRAFT,,,,,spam,spam,noun,B1,technology,垃圾郵件,,,,,,,,,,TRUE,發件箱,收件箱,服務器,頁面,軟件,應用程式,TRUE,server,offline,page,tweet,blogger,hardware,,,,
word-catalog-v1,CREATE_DRAFT,,,,,surf,surf,verb,B1,technology,瀏覽,,,,,,,,,,TRUE,發推,訪問,轉發,關注,打字,瀏覽器,FALSE,,,,,,,,,,
word-catalog-v1,CREATE_DRAFT,,,,,tweet,tweet,verb,B1,technology,發推,,,,,,,,,,FALSE,,,,,,,TRUE,visit,surf,forward,attach,quit,drag,,,,
word-catalog-v1,CREATE_DRAFT,,,,,tweet,tweet,noun,B1,technology,推文,,,,,,,,,,FALSE,,,,,,,TRUE,spam,server,outbox,blog,key,program,,,,
word-catalog-v1,CREATE_DRAFT,,,,,URL,URL,proper_noun,B1,technology,網址,,,,,,,,,,TRUE,網上影片平台,臉書,搜尋引擎,元旦,超級碗,父親節,TRUE,YouTube,Google,Facebook,Jell-O,New Year's Day,Hanukkah,,,,
word-catalog-v1,CREATE_DRAFT,,,,,visit,visit,verb,B1,technology,訪問,,,,,,,,,,TRUE,發推,瀏覽,轉發,拖動,滾動,網址,TRUE,surf,forward,follow,attach,delete,URL,,,,
word-catalog-v1,CREATE_DRAFT,,,,,YouTube,YouTube,proper_noun,B1,technology,網上影片平台,,,,,,,,,,TRUE,網址,搜尋引擎,臉書,可口可樂,萬聖節前夕,超級碗,TRUE,URL,Google,Facebook,Jell-O,Super Bowl,Father's Day,,,,
word-catalog-v1,CREATE_DRAFT,,,,,accounting,accounting,noun,B1,science-mathematics,會計,,,,,,,,,,TRUE,統計,社會學,傳播學,金融,牙科學,經濟學,TRUE,communication,dentistry,economics,engineering,finance,geology,,,,
word-catalog-v1,CREATE_DRAFT,,,,,art history,art history,noun,B1,science-mathematics,藝術史,,,,,,,,,,TRUE,信息技術,計算機科學,文化研究,政治學,聊天室,地址欄,TRUE,cultural studies,computer science,information technology,political science,chat room,blog post,,,,
word-catalog-v1,CREATE_DRAFT,,,,,communication,communication,noun,B1,science-mathematics,傳播學,,,,,,,,,,TRUE,醫學,哲學,工程學,牙科學,經濟學,地質學,TRUE,accounting,dentistry,economics,engineering,linguistics,logic,,,,
word-catalog-v1,CREATE_DRAFT,,,,,computer science,computer science,noun,B1,science-mathematics,計算機科學,,,,,,,,,,TRUE,政治學,文化研究,信息技術,藝術史,博客文章,牙科學,TRUE,political science,art history,cultural studies,information technology,address bar,operating system,,,,
word-catalog-v1,CREATE_DRAFT,,,,,cultural studies,cultural studies,noun,B1,science-mathematics,文化研究,,,,,,,,,,TRUE,計算機科學,信息技術,藝術史,政治學,操作系統,傳播學,TRUE,art history,computer science,information technology,political science,communication,dentistry,,,,
word-catalog-v1,CREATE_DRAFT,,,,,dentistry,dentistry,noun,B1,science-mathematics,牙科學,,,,,,,,,,TRUE,醫學,哲學,工程學,語言學,傳播學,生理學,TRUE,finance,economics,geology,accounting,management,linguistics,,,,
word-catalog-v1,CREATE_DRAFT,,,,,economics,economics,noun,B1,science-mathematics,經濟學,,,,,,,,,,TRUE,醫學,哲學,地質學,語言學,心理學,社會學,TRUE,engineering,finance,geology,logic,nutrition,management,,,,
word-catalog-v1,CREATE_DRAFT,,,,,engineering,engineering,noun,B1,science-mathematics,工程學,,,,,,,,,,TRUE,醫學,哲學,經濟學,語言學,精神病學,機器人學,TRUE,philosophy,economics,finance,linguistics,physiology,dentistry,,,,
word-catalog-v1,CREATE_DRAFT,,,,,finance,finance,noun,B1,science-mathematics,金融,,,,,,,,,,TRUE,邏輯,營養,會計,工程學,地質學,管理,TRUE,engineering,geology,logic,philosophy,psychiatry,linguistics,,,,
word-catalog-v1,CREATE_DRAFT,,,,,geology,geology,noun,B1,science-mathematics,地質學,,,,,,,,,,TRUE,醫學,哲學,工程學,心理學,精神病學,金融,TRUE,nutrition,management,physiology,psychology,logic,robotics,,,,
word-catalog-v1,CREATE_DRAFT,,,,,information technology,information technology,noun,B1,science-mathematics,信息技術,,,,,,,,,,TRUE,藝術史,計算機科學,文化研究,政治學,邏輯,地質學,TRUE,cultural studies,political science,art history,computer science,nutrition,management,,,,
word-catalog-v1,CREATE_DRAFT,,,,,linguistics,linguistics,noun,B1,science-mathematics,語言學,,,,,,,,,,TRUE,醫學,哲學,生理學,地質學,機器人學,邏輯,TRUE,philosophy,psychiatry,sociology,medicine,physiology,psychology,,,,
word-catalog-v1,CREATE_DRAFT,,,,,logic,logic,noun,B1,science-mathematics,邏輯,,,,,,,,,,TRUE,營養,管理,金融,語言學,統計,生理學,TRUE,statistics,nutrition,robotics,linguistics,management,philosophy,,,,
word-catalog-v1,CREATE_DRAFT,,,,,management,management,noun,B1,science-mathematics,管理,,,,,,,,,,TRUE,生理學,心理學,營養,邏輯,金融,會計,FALSE,,,,,,,,,,
word-catalog-v1,CREATE_DRAFT,,,,,medicine,medicine,noun,B1,science-mathematics,醫學,,,,,,,,,,FALSE,,,,,,,TRUE,psychiatry,sociology,physiology,statistics,nutrition,robotics,,,,
word-catalog-v1,CREATE_DRAFT,,,,,nutrition,nutrition,noun,B1,science-mathematics,營養,,,,,,,,,,TRUE,管理,統計,邏輯,社會學,生理學,心理學,TRUE,psychology,medicine,philosophy,statistics,logic,robotics,,,,
word-catalog-v1,CREATE_DRAFT,,,,,philosophy,philosophy,noun,B1,science-mathematics,哲學,,,,,,,,,,TRUE,醫學,社會學,生理學,心理學,經濟學,牙科學,TRUE,psychiatry,sociology,physiology,management,logic,geology,,,,
word-catalog-v1,CREATE_DRAFT,,,,,physiology,physiology,noun,B1,science-mathematics,生理學,,,,,,,,,,TRUE,心理學,哲學,管理,醫學,經濟學,傳播學,TRUE,psychology,psychiatry,sociology,statistics,linguistics,finance,,,,
word-catalog-v1,CREATE_DRAFT,,,,,political science,political science,noun,B1,science-mathematics,政治學,,,,,,,,,,TRUE,計算機科學,信息技術,文化研究,藝術史,哲學,社會學,TRUE,computer science,information technology,cultural studies,art history,psychology,robotics,,,,
word-catalog-v1,CREATE_DRAFT,,,,,psychiatry,psychiatry,noun,B1,science-mathematics,精神病學,,,,,,,,,,TRUE,機器人學,社會學,心理學,生理學,語言學,工程學,TRUE,sociology,psychology,statistics,physiology,communication,management,,,,
word-catalog-v1,CREATE_DRAFT,,,,,psychology,psychology,noun,B1,science-mathematics,心理學,,,,,,,,,,TRUE,生理學,管理,哲學,醫學,社會學,精神病學,TRUE,psychiatry,robotics,sociology,philosophy,engineering,economics,,,,
word-catalog-v1,CREATE_DRAFT,,,,,robotics,robotics,noun,B1,science-mathematics,機器人學,,,,,,,,,,TRUE,精神病學,心理學,社會學,語言學,牙科學,傳播學,TRUE,statistics,psychology,sociology,nutrition,medicine,geology,,,,
word-catalog-v1,CREATE_DRAFT,,,,,sociology,sociology,noun,B1,science-mathematics,社會學,,,,,,,,,,TRUE,會計,哲學,醫學,機器人學,心理學,牙科學,TRUE,robotics,statistics,psychiatry,psychology,accounting,dentistry,,,,
word-catalog-v1,CREATE_DRAFT,,,,,statistics,statistics,noun,B1,science-mathematics,統計,,,,,,,,,,TRUE,會計,營養,機器人學,精神病學,邏輯,社會學,FALSE,,,,,,,,,,
word-catalog-v1,CREATE_DRAFT,,,,,wish,wish,verb,B1,abstract-concepts,希望,,,,,,,,,,FALSE,,,,,,,FALSE,,,,,,,,,,
word-catalog-v1,CREATE_DRAFT,,,,,achievement,achievement,noun,B1,abstract-concepts,成就,,,,,,,,,,TRUE,目標,野心,努力,願望,秘訣,尊重,TRUE,ambition,aim,effort,wish,respect,secret,,,,
word-catalog-v1,CREATE_DRAFT,,,,,aim,aim,noun,B1,abstract-concepts,目標,,,,,,,,,,FALSE,,,,,,,FALSE,,,,,,,,,,
word-catalog-v1,CREATE_DRAFT,,,,,aim,aim,verb,B1,abstract-concepts,旨在,,,,,,,,,,FALSE,,,,,,,TRUE,wish,manage,support,dream,intend,promote,,,,
word-catalog-v1,CREATE_DRAFT,,,,,ambition,ambition,noun,B1,abstract-concepts,野心,,,,,,,,,,TRUE,成就,努力,願望,目標,進步,錯誤,TRUE,achievement,effort,aim,respect,progress,mistake,,,,
word-catalog-v1,CREATE_DRAFT,,,,,bright,bright,adjective,B1,abstract-concepts,光明的,,,,,,,,,,FALSE,,,,,,,TRUE,practical,effective,hopeful,negative,lost,ignorant,,,,
word-catalog-v1,CREATE_DRAFT,,,,,effective,effective,adjective,B1,abstract-concepts,有效的,,,,,,,,,,TRUE,負面的,光明的,實用的,充滿希望的,丟失的,有罪的,TRUE,practical,bright,hopeful,negative,well-paid,racial,,,,
word-catalog-v1,CREATE_DRAFT,,,,,effort,effort,noun,B1,abstract-concepts,努力,,,,,,,,,,TRUE,願望,秘訣,野心,成就,進步,成功,TRUE,ambition,wish,secret,achievement,progress,mistake,,,,
word-catalog-v1,CREATE_DRAFT,,,,,wish,wish,noun,B1,abstract-concepts,願望,,,,,,,,,,FALSE,,,,,,,FALSE,,,,,,,,,,
word-catalog-v1,CREATE_DRAFT,,,,,manage,manage,verb,B1,abstract-concepts,設法,,,,,,,,,,FALSE,,,,,,,TRUE,support,dream,intend,aim,result,secure,,,,
word-catalog-v1,CREATE_DRAFT,,,,,practical,practical,adjective,B1,abstract-concepts,實用的,,,,,,,,,,TRUE,負面的,有效的,光明的,充滿希望的,令人失望的,無知的,TRUE,hopeful,effective,bright,negative,social,political,,,,
word-catalog-v1,CREATE_DRAFT,,,,,negative,negative,adjective,B1,abstract-concepts,負面的,,,,,,,,,,FALSE,,,,,,,TRUE,practical,hopeful,effective,bright,disappointing,criminal,,,,
word-catalog-v1,CREATE_DRAFT,,,,,promote,promote,verb,B1,abstract-concepts,促進,,,,,,,,,,FALSE,,,,,,,TRUE,support,dream,manage,result,succeed,accomplish,,,,
word-catalog-v1,CREATE_DRAFT,,,,,respect,respect,noun,B1,abstract-concepts,尊重,,,,,,,,,,TRUE,秘訣,進步,努力,願望,目的,困難,TRUE,secret,effort,progress,ambition,success,obstacle,,,,
word-catalog-v1,CREATE_DRAFT,,,,,secret,secret,noun,B1,abstract-concepts,秘訣,,,,,,,,,,FALSE,,,,,,,TRUE,respect,progress,effort,wish,success,purpose,,,,
word-catalog-v1,CREATE_DRAFT,,,,,support,support,verb,B1,abstract-concepts,支持,,,,,,,,,,TRUE,夢想,打算,促進,設法,獲得,導致,FALSE,,,,,,,,,,
word-catalog-v1,CREATE_DRAFT,,,,,work on,work on,phrasal_verb,B1,abstract-concepts,致力於,,,,,,,,,,TRUE,繼續,放棄,指出,吹滅,導致,支持,TRUE,go on,give up,point out,blow out,sort of,support,,,,
word-catalog-v1,CREATE_DRAFT,,,,,dream,dream,verb,B1,abstract-concepts,夢想,,,,,,,,,,FALSE,,,,,,,TRUE,intend,secure,result,promote,manage,succeed,,,,
word-catalog-v1,CREATE_DRAFT,,,,,hopeful,hopeful,adjective,B1,abstract-concepts,充滿希望的,,,,,,,,,,TRUE,負面的,實用的,有效的,光明的,種族的,社會的,TRUE,practical,effective,negative,bright,darling,honey,,,,
word-catalog-v1,CREATE_DRAFT,,,,,progress,progress,noun,B1,abstract-concepts,進步,,,,,,,,,,TRUE,尊重,秘訣,努力,成就,錯誤,成功,TRUE,secret,respect,effort,achievement,success,hard,,,,
word-catalog-v1,CREATE_DRAFT,,,,,intend,intend,verb,B1,abstract-concepts,打算,,,,,,,,,,TRUE,夢想,支持,獲得,促進,旨在,希望,TRUE,secure,dream,result,promote,wish,fight,,,,
word-catalog-v1,CREATE_DRAFT,,,,,fortunately,fortunately,adverb,B1,abstract-concepts,幸運地,,,,,,,,,,TRUE,成功地,不幸的是,清楚地,正確地,雙倍地,有效地,TRUE,unfortunately,successfully,all,anymore,anyway,apart,,,,
word-catalog-v1,CREATE_DRAFT,,,,,unfortunately,unfortunately,adverb,B1,abstract-concepts,不幸的是,,,,,,,,,,TRUE,幸運地,成功地,不再,幾乎不,不過,無論如何,TRUE,fortunately,successfully,certainly,clearly,commonly,correctly,,,,
word-catalog-v1,CREATE_DRAFT,,,,,successfully,successfully,adverb,B1,abstract-concepts,成功地,,,,,,,,,,TRUE,幸運地,不幸的是,同樣地,頻繁地,清楚地,完全地,TRUE,unfortunately,fortunately,definitely,each,effectively,all,,,,
word-catalog-v1,CREATE_DRAFT,,,,,result,result,verb,B1,abstract-concepts,導致,,,,,,,,,,TRUE,獲得,打算,夢想,支持,製造麻煩,完成,FALSE,,,,,,,,,,
word-catalog-v1,CREATE_DRAFT,,,,,secure,secure,verb,B1,abstract-concepts,獲得,,,,,,,,,,TRUE,打算,導致,夢想,支持,旨在,奮鬥,FALSE,,,,,,,,,,
word-catalog-v1,CREATE_DRAFT,,,,,action movie,action movie,noun,B1,arts-culture-media,動作片,,,,,,,,,,TRUE,電影製作人,售票處,電影節,特效,無聲電影,年輕的成人,TRUE,movie maker,silent movie,box office,film festival,special effects,young adult,,,,
word-catalog-v1,CREATE_DRAFT,,,,,animation,animation,noun,B1,arts-culture-media,動畫,,,,,,,,,,TRUE,試鏡,經典,批評,小丑,評論家,演員陣容,TRUE,audition,cast,classic,clown,critic,criticism,,,,
word-catalog-v1,CREATE_DRAFT,,,,,audition,audition,noun,B1,arts-culture-media,試鏡,,,,,,,,,,TRUE,動畫,經典,批評,小丑,類型,角色,TRUE,animation,cast,classic,clown,genre,part,,,,
word-catalog-v1,CREATE_DRAFT,,,,,box office,box office,noun,B1,arts-culture-media,售票處,,,,,,,,,,TRUE,動作片,電影節,特效,電影製作人,短篇小說,肥皂劇,TRUE,action movie,film festival,movie maker,silent movie,short story,art form,,,,
word-catalog-v1,CREATE_DRAFT,,,,,cast,cast,noun,B1,arts-culture-media,演員陣容,,,,,,,,,,TRUE,評論家,試鏡,動畫,經典,音樂劇,類型,TRUE,audition,animation,critic,classic,genre,melodrama,,,,
word-catalog-v1,CREATE_DRAFT,,,,,classic,classic,noun,B1,arts-culture-media,經典,,,,,,,,,,TRUE,試鏡,批評,小丑,動畫,劇本,編劇,TRUE,criticism,cast,clown,animation,musical,melodrama,,,,
word-catalog-v1,CREATE_DRAFT,,,,,clown,clown,noun,B1,arts-culture-media,小丑,,,,,,,,,,TRUE,經典,批評,評論家,角色,劇本,編劇,TRUE,critic,criticism,classic,part,animation,script,,,,
word-catalog-v1,CREATE_DRAFT,,,,,critic,critic,noun,B1,arts-culture-media,評論家,,,,,,,,,,TRUE,演員陣容,音樂劇,情節劇,小丑,類型,經典,TRUE,clown,audition,cast,genre,scriptwriter,musical,,,,
word-catalog-v1,CREATE_DRAFT,,,,,criticism,criticism,noun,B1,arts-culture-media,批評,,,,,,,,,,TRUE,角色,試鏡,類型,動畫,舞臺,明星,FALSE,,,,,,,,,,
word-catalog-v1,CREATE_DRAFT,,,,,direct,direct,verb,B1,arts-culture-media,導演,,,,,,,,,,TRUE,剪輯,製作,引用,說明,宣傳,觀看,FALSE,,,,,,,,,,
word-catalog-v1,CREATE_DRAFT,,,,,dramatic,dramatic,adjective,B1,arts-culture-media,戲劇的,,,,,,,,,,TRUE,娛樂的,詩意的,文學的,假的,奧林匹克的,戲劇,TRUE,entertaining,literary,Gothic,poetic,amusing,athletic,,,,
word-catalog-v1,CREATE_DRAFT,,,,,edit,edit,verb,B1,arts-culture-media,剪輯,,,,,,,,,,FALSE,,,,,,,TRUE,direct,produce,quote,paint,illustrate,decorate,,,,
word-catalog-v1,CREATE_DRAFT,,,,,entertaining,entertaining,adjective,B1,arts-culture-media,娛樂的,,,,,,,,,,TRUE,戲劇的,詩意的,文學的,獲勝的,音樂劇,導演,TRUE,dramatic,literary,Gothic,poetic,winning,direct,,,,
word-catalog-v1,CREATE_DRAFT,,,,,film festival,film festival,noun,B1,arts-culture-media,電影節,,,,,,,,,,TRUE,無聲電影,電影製作人,售票處,動作片,短篇小說,頭版,TRUE,movie maker,box office,special effects,action movie,short story,soap opera,,,,
word-catalog-v1,CREATE_DRAFT,,,,,genre,genre,noun,B1,arts-culture-media,類型,,,,,,,,,,TRUE,角色,劇本,編劇,舞臺,明星,半神,FALSE,,,,,,,,,,
word-catalog-v1,CREATE_DRAFT,,,,,part,part,noun,B1,arts-culture-media,角色,,,,,,,,,,TRUE,類型,劇本,情節劇,編劇,舞臺,悲劇,FALSE,,,,,,,,,,
word-catalog-v1,CREATE_DRAFT,,,,,produce,produce,verb,B1,arts-culture-media,製作,,,,,,,,,,TRUE,剪輯,導演,引用,畫,說明,採訪,FALSE,,,,,,,,,,
word-catalog-v1,CREATE_DRAFT,,,,,melodrama,melodrama,noun,B1,arts-culture-media,情節劇,,,,,,,,,,TRUE,情節,劇本,編劇,悲劇,音樂劇,驚悚片,TRUE,script,scriptwriter,stage,part,musical,star,,,,
word-catalog-v1,CREATE_DRAFT,,,,,movie maker,movie maker,noun,B1,arts-culture-media,電影製作人,,,,,,,,,,TRUE,電影節,無聲電影,動作片,特效,童話,唱片騎師,TRUE,silent movie,action movie,film festival,special effects,fairy tale,graphic arts,,,,
word-catalog-v1,CREATE_DRAFT,,,,,musical,musical,noun,B1,arts-culture-media,音樂劇,,,,,,,,,,TRUE,劇本,編劇,悲劇,超級英雄,預告片,超級明星,TRUE,script,superhero,melodrama,scriptwriter,stage,superstar,,,,
word-catalog-v1,CREATE_DRAFT,,,,,script,script,noun,B1,arts-culture-media,劇本,,,,,,,,,,TRUE,悲劇,音樂劇,情節劇,明星,半神,反派,FALSE,,,,,,,,,,
word-catalog-v1,CREATE_DRAFT,,,,,scriptwriter,scriptwriter,noun,B1,arts-culture-media,編劇,,,,,,,,,,TRUE,悲劇,音樂劇,情節劇,舞臺,驚悚片,超級英雄,FALSE,,,,,,,,,,
word-catalog-v1,CREATE_DRAFT,,,,,silent movie,silent movie,noun,B1,arts-culture-media,無聲電影,,,,,,,,,,TRUE,電影節,電影製作人,特效,童話,藝術形式,頭版,TRUE,movie maker,action movie,special effects,film festival,MP3 player,disc jockey,,,,
word-catalog-v1,CREATE_DRAFT,,,,,special effects,special effects,noun,B1,arts-culture-media,特效,,,,,,,,,,TRUE,無聲電影,電影節,電影製作人,動作片,藝術形式,視覺藝術,TRUE,silent movie,movie maker,film festival,fairy tale,soap opera,front page,,,,
word-catalog-v1,CREATE_DRAFT,,,,,stage,stage,noun,B1,arts-culture-media,舞臺,,,,,,,,,,TRUE,明星,半神,反派,西部片,預告片,超級明星,TRUE,star,demigod,superhero,thriller,superstar,tragedy,,,,
word-catalog-v1,CREATE_DRAFT,,,,,star,star,noun,B1,arts-culture-media,明星,,,,,,,,,,TRUE,超級明星,半神,舞臺,反派,驚悚片,超級英雄,TRUE,demigod,trailer,stage,superhero,thriller,villain,,,,
word-catalog-v1,CREATE_DRAFT,,,,,superhero,superhero,noun,B1,arts-culture-media,超級英雄,,,,,,,,,,TRUE,超級明星,西部片,預告片,驚悚片,舞臺,悲劇,TRUE,star,superstar,tragedy,Western,trailer,villain,,,,
word-catalog-v1,CREATE_DRAFT,,,,,superstar,superstar,noun,B1,arts-culture-media,超級明星,,,,,,,,,,TRUE,明星,超級英雄,西部片,預告片,驚悚片,演員陣容,TRUE,demigod,thriller,tragedy,Western,trailer,scriptwriter,,,,
word-catalog-v1,CREATE_DRAFT,,,,,demigod,demigod,noun,B1,arts-culture-media,半神,,,,,,,,,,TRUE,反派,明星,西部片,悲劇,驚悚片,編劇,TRUE,superstar,thriller,villain,superhero,Western,script,,,,
word-catalog-v1,CREATE_DRAFT,,,,,thriller,thriller,noun,B1,arts-culture-media,驚悚片,,,,,,,,,,TRUE,預告片,西部片,半神,超級英雄,悲劇,音樂劇,TRUE,demigod,tragedy,trailer,villain,musical,script,,,,
word-catalog-v1,CREATE_DRAFT,,,,,tragedy,tragedy,noun,B1,arts-culture-media,悲劇,,,,,,,,,,TRUE,劇本,編劇,情節劇,音樂劇,反派,預告片,TRUE,Western,thriller,trailer,villain,melodrama,musical,,,,
word-catalog-v1,CREATE_DRAFT,,,,,trailer,trailer,noun,B1,arts-culture-media,預告片,,,,,,,,,,TRUE,西部片,驚悚片,反派,超級明星,角色,評論家,TRUE,tragedy,Western,demigod,star,stage,part,,,,
word-catalog-v1,CREATE_DRAFT,,,,,villain,villain,noun,B1,arts-culture-media,反派,,,,,,,,,,TRUE,半神,預告片,西部片,舞臺,角色,類型,TRUE,trailer,Western,tragedy,superhero,stage,script,,,,
word-catalog-v1,CREATE_DRAFT,,,,,Western,Western,noun,B1,arts-culture-media,西部片,,,,,,,,,,FALSE,,,,,,,TRUE,villain,superstar,thriller,trailer,scriptwriter,genre,,,,
word-catalog-v1,CREATE_DRAFT,,,,,nature,nature,noun,B1,descriptions-qualities,本性,,,,,,,,,,TRUE,個人,特徵,慢,標準,超級,酷,TRUE,individual,characteristic,slow,cool,self-respect,lover,,,,
word-catalog-v1,CREATE_DRAFT,,,,,individual,individual,noun,B1,descriptions-qualities,個人,,,,,,,,,,TRUE,本性,特徵,慢,標準,情人,吻,TRUE,nature,characteristic,slow,standard,hunger,self-respect,,,,
word-catalog-v1,CREATE_DRAFT,,,,,horrible,horrible,adjective,B1,descriptions-qualities,可惡的,,,,,,,,,,TRUE,可靠的,邪惡的,弱的,外向的,個人的,放鬆的,TRUE,dependent,organized,outgoing,personal,relaxed,easy,,,,
word-catalog-v1,CREATE_DRAFT,,,,,dependent,dependent,adjective,B1,descriptions-qualities,依賴的,,,,,,,,,,TRUE,可惡的,弱的,外向的,個人的,明智的,刻薄的,FALSE,,,,,,,,,,
word-catalog-v1,CREATE_DRAFT,,,,,organized,organized,adjective,B1,descriptions-qualities,有條理的,,,,,,,,,,TRUE,可惡的,外向的,放鬆的,個人的,幼稚的,忠誠的,TRUE,horrible,dependent,outgoing,personal,reliable,wise,,,,
word-catalog-v1,CREATE_DRAFT,,,,,outgoing,outgoing,adjective,B1,descriptions-qualities,外向的,,,,,,,,,,TRUE,弱的,可惡的,可靠的,放鬆的,明智的,開放的,TRUE,organized,horrible,relaxed,dependent,reliable,weak,,,,
word-catalog-v1,CREATE_DRAFT,,,,,pretend,pretend,verb,B1,descriptions-qualities,假裝,,,,,,,,,,TRUE,感激,欺騙,激怒,渴望,調情,欽佩,TRUE,appreciate,trick,admire,anger,desire,embrace,,,,
word-catalog-v1,CREATE_DRAFT,,,,,characteristic,characteristic,noun,B1,descriptions-qualities,特徵,,,,,,,,,,TRUE,個人,本性,慢,超級,暗戀,寶貝,TRUE,individual,slow,nature,super,lover,hug,,,,
word-catalog-v1,CREATE_DRAFT,,,,,personal,personal,adjective,B1,descriptions-qualities,個人的,,,,,,,,,,TRUE,弱的,可靠的,放鬆的,刻薄的,幼稚的,忠誠的,TRUE,easy,relaxed,wise,mean,outgoing,reliable,,,,
word-catalog-v1,CREATE_DRAFT,,,,,relaxed,relaxed,adjective,B1,descriptions-qualities,放鬆的,,,,,,,,,,TRUE,開放的,弱的,明智的,個人的,負責的,神秘的,FALSE,,,,,,,,,,
word-catalog-v1,CREATE_DRAFT,,,,,easy,easy,adjective,B1,descriptions-qualities,放鬆的,,,,,,,,,,TRUE,開放的,弱的,可靠的,刻薄的,邪惡的,堅定的,FALSE,,,,,,,,,,
word-catalog-v1,CREATE_DRAFT,,,,,reliable,reliable,adjective,B1,descriptions-qualities,可靠的,,,,,,,,,,TRUE,可惡的,明智的,弱的,幼稚的,忠誠的,負責的,TRUE,childish,easy,wise,weak,loyal,mean,,,,
word-catalog-v1,CREATE_DRAFT,,,,,wise,wise,adjective,B1,descriptions-qualities,明智的,,,,,,,,,,TRUE,弱的,可靠的,刻薄的,神秘的,負責的,外向的,TRUE,open,childish,evil,weak,loyal,responsible,,,,
word-catalog-v1,CREATE_DRAFT,,,,,slow,slow,noun,B1,descriptions-qualities,慢,,,,,,,,,,TRUE,擔憂,特徵,個人,酷,吻,暗戀,TRUE,concern,characteristic,individual,cool,crush,baby,,,,
word-catalog-v1,CREATE_DRAFT,,,,,trick,trick,verb,B1,descriptions-qualities,欺騙,,,,,,,,,,FALSE,,,,,,,FALSE,,,,,,,,,,
word-catalog-v1,CREATE_DRAFT,,,,,weak,weak,adjective,B1,descriptions-qualities,弱的,,,,,,,,,,TRUE,幼稚的,邪惡的,堅定的,忠誠的,刻薄的,神秘的,TRUE,mean,open,mysterious,childish,evil,determined,,,,
word-catalog-v1,CREATE_DRAFT,,,,,mean,mean,adjective,B1,descriptions-qualities,刻薄的,,,,,,,,,,TRUE,開放的,幼稚的,弱的,邪惡的,忠誠的,個人的,TRUE,loyal,responsible,open,mysterious,determined,wise,,,,
word-catalog-v1,CREATE_DRAFT,,,,,childish,childish,adjective,B1,descriptions-qualities,幼稚的,,,,,,,,,,TRUE,堅定的,負責的,開放的,神秘的,邪惡的,放鬆的,TRUE,evil,mean,loyal,responsible,mysterious,reliable,,,,
word-catalog-v1,CREATE_DRAFT,,,,,loyal,loyal,adjective,B1,descriptions-qualities,忠誠的,,,,,,,,,,TRUE,堅定的,負責的,幼稚的,開放的,刻薄的,明智的,FALSE,,,,,,,,,,
word-catalog-v1,CREATE_DRAFT,,,,,open,open,adjective,B1,descriptions-qualities,開放的,,,,,,,,,,TRUE,放鬆的,神秘的,忠誠的,邪惡的,弱的,明智的,TRUE,evil,determined,childish,responsible,personal,easy,,,,
word-catalog-v1,CREATE_DRAFT,,,,,evil,evil,adjective,B1,descriptions-qualities,邪惡的,,,,,,,,,,TRUE,可惡的,堅定的,負責的,神秘的,忠誠的,可靠的,TRUE,open,mysterious,determined,weak,relaxed,reliable,,,,
word-catalog-v1,CREATE_DRAFT,,,,,responsible,responsible,adjective,B1,descriptions-qualities,負責的,,,,,,,,,,TRUE,堅定的,邪惡的,神秘的,弱的,個人的,有條理的,TRUE,evil,mysterious,open,loyal,personal,easy,,,,
word-catalog-v1,CREATE_DRAFT,,,,,mysterious,mysterious,adjective,B1,descriptions-qualities,神秘的,,,,,,,,,,TRUE,負責的,堅定的,開放的,忠誠的,弱的,外向的,TRUE,responsible,determined,evil,open,organized,relaxed,,,,
word-catalog-v1,CREATE_DRAFT,,,,,determined,determined,adjective,B1,descriptions-qualities,堅定的,,,,,,,,,,TRUE,神秘的,負責的,邪惡的,幼稚的,明智的,可靠的,TRUE,mysterious,responsible,childish,mean,weak,personal,,,,
word-catalog-v1,CREATE_DRAFT,,,,,concern,concern,noun,B1,descriptions-qualities,擔憂,,,,,,,,,,FALSE,,,,,,,TRUE,slow,characteristic,nature,super,anxiety,approval,,,,
word-catalog-v1,CREATE_DRAFT,,,,,appreciate,appreciate,verb,B1,descriptions-qualities,感激,,,,,,,,,,TRUE,假裝,欺騙,激怒,渴望,擁抱,親吻,TRUE,pretend,trick,admire,flirt,want,kiss,,,,
word-catalog-v1,CREATE_DRAFT,,,,,about,about,preposition,B1,function-words,大約,差不多,,,,,,,,,TRUE,下面,沿著,離開,進,沒有,自始至終,FALSE,,,,,,,,,,
word-catalog-v1,CREATE_DRAFT,,,,,all,all,adverb,B1,function-words,全部,,,,,,,,,,TRUE,完全地,不再,當然,通常,肯定,足夠,TRUE,anymore,anyway,apart,certainly,clearly,commonly,,,,
word-catalog-v1,CREATE_DRAFT,,,,,anymore,anymore,adverb,B1,function-words,不再,,,,,,,,,,TRUE,幾乎不,不過,全部,當然,通常,肯定,TRUE,all,anyway,apart,certainly,correctly,definitely,,,,
word-catalog-v1,CREATE_DRAFT,,,,,anyway,anyway,adverb,B1,function-words,無論如何,,,,,,,,,,TRUE,正確地,清楚地,全部,雙倍地,不再,當然,TRUE,anymore,clearly,apart,all,correctly,each,,,,
word-catalog-v1,CREATE_DRAFT,,,,,apart,apart,adverb,B1,function-words,分開,,,,,,,,,,TRUE,全部,通常,當然,不再,甚至,無論如何,FALSE,,,,,,,,,,
word-catalog-v1,CREATE_DRAFT,,,,,certainly,certainly,adverb,B1,function-words,當然,,,,,,,,,,TRUE,然而,顯然,自然地,必然地,肯定,通常,FALSE,,,,,,,,,,
word-catalog-v1,CREATE_DRAFT,,,,,clearly,clearly,adverb,B1,function-words,清楚地,,,,,,,,,,TRUE,正確地,有效地,雙倍地,同樣地,頻繁地,完全地,TRUE,commonly,equally,definitely,effectively,even,certainly,,,,
word-catalog-v1,CREATE_DRAFT,,,,,commonly,commonly,adverb,B1,function-words,通常,一般,,,,,,,,,TRUE,足夠,首先,肯定,甚至,當然,清楚地,FALSE,,,,,,,,,,
word-catalog-v1,CREATE_DRAFT,,,,,correctly,correctly,adverb,B1,function-words,正確地,,,,,,,,,,TRUE,確實,有效地,雙倍地,同樣地,清楚地,主要地,FALSE,,,,,,,,,,
word-catalog-v1,CREATE_DRAFT,,,,,definitely,definitely,adverb,B1,function-words,肯定,,,,,,,,,,TRUE,足夠,首先,甚至,通常,正確地,然而,FALSE,,,,,,,,,,
word-catalog-v1,CREATE_DRAFT,,,,,double,double,adverb,B1,function-words,雙倍地,,,,,,,,,,FALSE,,,,,,,TRUE,first,each,equally,frequently,effectively,even,,,,
word-catalog-v1,CREATE_DRAFT,,,,,each,each,adverb,B1,function-words,每,,,,,,,,,,TRUE,足夠,首先,甚至,有效地,確實,同樣地,FALSE,,,,,,,,,,
word-catalog-v1,CREATE_DRAFT,,,,,effectively,effectively,adverb,B1,function-words,有效地,,,,,,,,,,TRUE,頻繁地,雙倍地,同樣地,主要地,自然地,必然地,TRUE,fully,first,hardly,equally,frequently,heavily,,,,
word-catalog-v1,CREATE_DRAFT,,,,,enough,enough,adverb,B1,function-words,足夠,,,,,,,,,,FALSE,,,,,,,TRUE,even,fully,however,first,hardly,incredibly,,,,
word-catalog-v1,CREATE_DRAFT,,,,,equally,equally,adverb,B1,function-words,同樣地,,,,,,,,,,TRUE,頻繁地,完全地,有效地,主要地,自然地,獨創地,FALSE,,,,,,,,,,
word-catalog-v1,CREATE_DRAFT,,,,,even,even,adverb,B1,function-words,甚至,,,,,,,,,,TRUE,首先,然而,最少,絕對,足夠,幾乎不,TRUE,frequently,heavily,indeed,fully,however,least,,,,
word-catalog-v1,CREATE_DRAFT,,,,,first,first,adverb,B1,function-words,首先,,,,,,,,,,TRUE,甚至,確實,然而,最少,絕對,幾乎,FALSE,,,,,,,,,,
word-catalog-v1,CREATE_DRAFT,,,,,frequently,frequently,adverb,B1,function-words,頻繁地,,,,,,,,,,TRUE,完全地,主要地,同樣地,自然地,正確地,完美地,TRUE,hardly,incredibly,mainly,heavily,indeed,mostly,,,,
word-catalog-v1,CREATE_DRAFT,,,,,fully,fully,adverb,B1,function-words,完全地,,,,,,,,,,TRUE,完美地,頻繁地,全部,主要地,必然地,有效地,TRUE,however,least,naturally,frequently,hardly,incredibly,,,,
word-catalog-v1,CREATE_DRAFT,,,,,hardly,hardly,adverb,B1,function-words,幾乎不,,,,,,,,,,TRUE,幾乎,不再,不過,難以置信地,接下來,完全地,TRUE,mainly,absolutely,fully,heavily,indeed,naturally,,,,
word-catalog-v1,CREATE_DRAFT,,,,,heavily,heavily,adverb,B1,function-words,嚴重地,,,,,,,,,,TRUE,頻繁地,自然地,完全地,必然地,快速地,完美地,FALSE,,,,,,,,,,
word-catalog-v1,CREATE_DRAFT,,,,,however,however,adverb,B1,function-words,然而,,,,,,,,,,TRUE,顯然,當然,自然地,必然地,個人而言,確實,FALSE,,,,,,,,,,
word-catalog-v1,CREATE_DRAFT,,,,,incredibly,incredibly,adverb,B1,function-words,難以置信地,,,,,,,,,,TRUE,獨創地,主要地,嚴重地,頻繁地,安靜地,迅速地,TRUE,mostly,least,mainly,absolutely,nearly,however,,,,
word-catalog-v1,CREATE_DRAFT,,,,,indeed,indeed,adverb,B1,function-words,確實,,,,,,,,,,TRUE,正確地,最少,絕對,然而,特別,也許,TRUE,mostly,necessarily,incredibly,least,naturally,next,,,,
word-catalog-v1,CREATE_DRAFT,,,,,least,least,adverb,B1,function-words,最少,,,,,,,,,,TRUE,確實,絕對,幾乎,接下來,特別,顯然,TRUE,indeed,mainly,absolutely,nearly,normally,necessarily,,,,
word-catalog-v1,CREATE_DRAFT,,,,,mainly,mainly,adverb,B1,function-words,主要地,,,,,,,,,,TRUE,獨創地,自然地,快速地,必然地,類似地,安靜地,FALSE,,,,,,,,,,
word-catalog-v1,CREATE_DRAFT,,,,,mostly,mostly,adverb,B1,function-words,主要地,,,,,,,,,,TRUE,獨創地,完美地,自然地,迅速地,快速地,特別地,FALSE,,,,,,,,,,
word-catalog-v1,CREATE_DRAFT,,,,,naturally,naturally,adverb,B1,function-words,自然地,,,,,,,,,,TRUE,必然地,顯然,然而,主要地,獨創地,類似地,TRUE,obviously,next,originally,mostly,absolutely,nearly,,,,
word-catalog-v1,CREATE_DRAFT,,,,,absolutely,absolutely,adverb,B1,function-words,絕對,,,,,,,,,,TRUE,幾乎,可能,也許,接下來,特別,最少,TRUE,normally,particularly,naturally,necessarily,obviously,perfectly,,,,
word-catalog-v1,CREATE_DRAFT,,,,,most likely,most likely,adverb,B1,function-words,最有可能,,,,,,,,,,TRUE,根據,可能,最少,有效地,個人而言,接下來,FALSE,,,,,,,,,,
word-catalog-v1,CREATE_DRAFT,,,,,very likely,very likely,adverb,B1,function-words,最有可能,,,,,,,,,,TRUE,根據,可能,最少,難以置信地,幾乎,絕對,FALSE,,,,,,,,,,
word-catalog-v1,CREATE_DRAFT,,,,,nearly,nearly,adverb,B1,function-words,幾乎,,,,,,,,,,TRUE,幾乎不,也許,特別,顯然,僅僅,稍微,FALSE,,,,,,,,,,
word-catalog-v1,CREATE_DRAFT,,,,,necessarily,necessarily,adverb,B1,function-words,必然地,,,,,,,,,,TRUE,自然地,顯然,然而,完美地,安靜地,獨創地,TRUE,next,originally,perhaps,normally,particularly,personally,,,,
word-catalog-v1,CREATE_DRAFT,,,,,next,next,adverb,B1,function-words,接下來,,,,,,,,,,TRUE,個人而言,強烈地,迅速地,也許,快速地,類似地,TRUE,obviously,perfectly,possibly,originally,perhaps,properly,,,,
word-catalog-v1,CREATE_DRAFT,,,,,normally,normally,adverb,B1,function-words,通常,,,,,,,,,,TRUE,特別,可能,僅僅,接下來,稍微,因此,FALSE,,,,,,,,,,
word-catalog-v1,CREATE_DRAFT,,,,,obviously,obviously,adverb,B1,function-words,顯然,,,,,,,,,,TRUE,然而,當然,必然地,自然地,也許,特別,FALSE,,,,,,,,,,
word-catalog-v1,CREATE_DRAFT,,,,,originally,originally,adverb,B1,function-words,獨創地,,,,,,,,,,TRUE,特別地,完美地,安靜地,強烈地,迅速地,類似地,TRUE,particularly,personally,quickly,perfectly,possibly,quietly,,,,
word-catalog-v1,CREATE_DRAFT,,,,,particularly,particularly,adverb,B1,function-words,特別,,,,,,,,,,TRUE,特別地,可能,僅僅,也許,稍微,通常,FALSE,,,,,,,,,,
word-catalog-v1,CREATE_DRAFT,,,,,perfectly,perfectly,adverb,B1,function-words,完美地,,,,,,,,,,TRUE,完全地,快速地,安靜地,強烈地,迅速地,獨創地,TRUE,perhaps,properly,rapidly,personally,quickly,similarly,,,,
word-catalog-v1,CREATE_DRAFT,,,,,perhaps,perhaps,adverb,B1,function-words,也許,,,,,,,,,,TRUE,因此,可能,今天,僅僅,個人而言,顯然,FALSE,,,,,,,,,,
word-catalog-v1,CREATE_DRAFT,,,,,personally,personally,adverb,B1,function-words,個人而言,,,,,,,,,,TRUE,然而,快速地,類似地,特別地,安靜地,正確地,TRUE,possibly,quietly,simply,properly,rapidly,slightly,,,,
word-catalog-v1,CREATE_DRAFT,,,,,possibly,possibly,adverb,B1,function-words,可能,,,,,,,,,,TRUE,稍微,因此,今天,僅僅,也許,不過,FALSE,,,,,,,,,,
word-catalog-v1,CREATE_DRAFT,,,,,properly,properly,adverb,B1,function-words,正確地,,,,,,,,,,TRUE,強烈地,迅速地,快速地,特別地,確實,必然地,FALSE,,,,,,,,,,
word-catalog-v1,CREATE_DRAFT,,,,,quickly,quickly,adverb,B1,function-words,快速地,,,,,,,,,,TRUE,迅速地,類似地,安靜地,正確地,獨創地,同樣地,FALSE,,,,,,,,,,
word-catalog-v1,CREATE_DRAFT,,,,,quietly,quietly,adverb,B1,function-words,安靜地,,,,,,,,,,TRUE,強烈地,類似地,特別地,快速地,獨創地,主要地,TRUE,similarly,specifically,simply,strongly,quickly,rapidly,,,,
word-catalog-v1,CREATE_DRAFT,,,,,rapidly,rapidly,adverb,B1,function-words,迅速地,,,,,,,,,,TRUE,快速地,強烈地,安靜地,類似地,嚴重地,頻繁地,TRUE,slightly,surely,quietly,similarly,specifically,therefore,,,,
word-catalog-v1,CREATE_DRAFT,,,,,similarly,similarly,adverb,B1,function-words,類似地,以類似的方式,,,,,,,,,TRUE,特別地,迅速地,強烈地,正確地,獨創地,雙倍地,TRUE,simply,strongly,though,slightly,surely,typically,,,,
word-catalog-v1,CREATE_DRAFT,,,,,simply,simply,adverb,B1,function-words,僅僅,,,,,,,,,,TRUE,稍微,因此,今天,肯定,可能,通常,TRUE,specifically,therefore,today,strongly,though,similarly,,,,
word-catalog-v1,CREATE_DRAFT,,,,,slightly,slightly,adverb,B1,function-words,稍微,,,,,,,,,,TRUE,僅僅,因此,今天,肯定,特別地,強烈地,TRUE,surely,typically,simply,specifically,therefore,today,,,,
word-catalog-v1,CREATE_DRAFT,,,,,specifically,specifically,adverb,B1,function-words,特別地,專門地,,,,,,,,,TRUE,特別,強烈地,類似地,迅速地,正確地,必然地,TRUE,slightly,strongly,though,therefore,rapidly,quietly,,,,
word-catalog-v1,CREATE_DRAFT,,,,,strongly,strongly,adverb,B1,function-words,強烈地,,,,,,,,,,TRUE,特別地,安靜地,完美地,快速地,必然地,主要地,TRUE,surely,typically,today,though,similarly,quickly,,,,
word-catalog-v1,CREATE_DRAFT,,,,,surely,surely,adverb,B1,function-words,肯定,,,,,,,,,,TRUE,不過,因此,今天,通常,強烈地,個人而言,FALSE,,,,,,,,,,
word-catalog-v1,CREATE_DRAFT,,,,,therefore,therefore,adverb,B1,function-words,因此,,,,,,,,,,TRUE,不過,今天,肯定,稍微,特別地,個人而言,FALSE,,,,,,,,,,
word-catalog-v1,CREATE_DRAFT,,,,,though,though,adverb,B1,function-words,不過,,,,,,,,,,TRUE,不再,幾乎不,因此,今天,肯定,也許,TRUE,typically,today,therefore,strongly,slightly,properly,,,,
word-catalog-v1,CREATE_DRAFT,,,,,typically,typically,adverb,B1,function-words,通常,,,,,,,,,,TRUE,不過,今天,因此,肯定,特別,幾乎,FALSE,,,,,,,,,,
word-catalog-v1,CREATE_DRAFT,,,,,today,today,adverb,B1,function-words,今天,,,,,,,,,,TRUE,不過,通常,稍微,僅僅,肯定,強烈地,TRUE,typically,though,surely,therefore,rapidly,possibly,,,,
word-catalog-v1,CREATE_DRAFT,,,,,backpack,backpack,verb,B1,travel-transport,背包旅行,,,,,,,,,,FALSE,,,,,,,FALSE,,,,,,,,,,
word-catalog-v1,CREATE_DRAFT,,,,,holiday,holiday,noun,B1,travel-transport,假期,,,,,,,,,,TRUE,預訂,篝火,小冊子,戶外,登記,鑰匙卡,FALSE,,,,,,,,,,
word-catalog-v1,CREATE_DRAFT,,,,,booking,booking,noun,B1,travel-transport,預訂,,,,,,,,,,TRUE,假期,篝火,小冊子,戶外,門衛,交換,FALSE,,,,,,,,,,
word-catalog-v1,CREATE_DRAFT,,,,,brochure,brochure,noun,B1,travel-transport,小冊子,,,,,,,,,,TRUE,小屋,預訂,鑰匙卡,假期,雙人間,篝火,TRUE,booking,holiday,campfire,outdoors,keycard,check-in,,,,
word-catalog-v1,CREATE_DRAFT,,,,,affordable,affordable,adjective,B1,travel-transport,負擔得起的,,,,,,,,,,TRUE,國內的,公共的,小冊子,鑰匙卡,露營,青年旅社,TRUE,domestic,public,brochure,camp,booking,campfire,,,,
word-catalog-v1,CREATE_DRAFT,,,,,camp,camp,verb,B1,travel-transport,露營,,,,,,,,,,TRUE,探索,曬太陽,背包旅行,遊覽,登上,存取,FALSE,,,,,,,,,,
word-catalog-v1,CREATE_DRAFT,,,,,campfire,campfire,noun,B1,travel-transport,篝火,,,,,,,,,,TRUE,登記,戶外,預訂,門衛,假期,雙人間,TRUE,outdoors,keycard,brochure,check-in,doorman,exchange,,,,
word-catalog-v1,CREATE_DRAFT,,,,,outdoors,outdoors,noun,B1,travel-transport,戶外,,,,,,,,,,TRUE,登記,篝火,交換,門衛,預訂,行李,TRUE,campfire,keycard,check-in,doorman,hostel,minibar,,,,
word-catalog-v1,CREATE_DRAFT,,,,,keycard,keycard,noun,B1,travel-transport,鑰匙卡,,,,,,,,,,TRUE,雙人間,迷你吧,小冊子,戶外,登記,交換,TRUE,outdoors,check-in,holiday,exchange,luggage,hostel,,,,
word-catalog-v1,CREATE_DRAFT,,,,,check-in,check-in,noun,B1,travel-transport,登記,,,,,,,,,,TRUE,門衛,訪客,戶外,鑰匙卡,篝火,行李,TRUE,keycard,doorman,outdoors,campfire,visitor,luggage,,,,
word-catalog-v1,CREATE_DRAFT,,,,,reception desk,reception desk,noun,B1,travel-transport,接待處,,,,,,,,,,TRUE,前臺接待員,一日遊,前臺,導遊,靠窗座位,安全帶,FALSE,,,,,,,,,,
word-catalog-v1,CREATE_DRAFT,,,,,desk clerk,desk clerk,noun,B1,travel-transport,前臺接待員,,,,,,,,,,TRUE,前臺,接待處,一日遊,導遊,在船上,頭等艙,TRUE,reception desk,front desk,day trip,tour guide,seat belt,first class,,,,
word-catalog-v1,CREATE_DRAFT,,,,,day trip,day trip,noun,B1,travel-transport,一日遊,,,,,,,,,,TRUE,導遊,接待處,前臺接待員,前臺,商務艙,停車場,TRUE,desk clerk,reception desk,tour guide,front desk,window seat,business class,,,,
word-catalog-v1,CREATE_DRAFT,,,,,doorman,doorman,noun,B1,travel-transport,門衛,,,,,,,,,,TRUE,交換,海濱,訪客,雙人間,行李,迷你吧,TRUE,exchange,minibar,seaside,hostel,visitor,safari,,,,
word-catalog-v1,CREATE_DRAFT,,,,,double,double,noun,B1,travel-transport,雙人間,,,,,,,,,,FALSE,,,,,,,TRUE,doorman,exchange,minibar,single,luggage,seaside,,,,
word-catalog-v1,CREATE_DRAFT,,,,,exchange,exchange,noun,B1,travel-transport,交換,,,,,,,,,,TRUE,海濱,景點,訪客,門衛,行李,青年旅社,TRUE,hostel,visitor,safari,doorman,single,cottage,,,,
word-catalog-v1,CREATE_DRAFT,,,,,explore,explore,verb,B1,travel-transport,探索,,,,,,,,,,TRUE,曬太陽,露營,遊覽,背包旅行,運輸,交換,TRUE,sunbathe,tour,camp,backpack,board,bike,,,,
word-catalog-v1,CREATE_DRAFT,,,,,front desk,front desk,noun,B1,travel-transport,前臺,,,,,,,,,,TRUE,前臺接待員,導遊,接待處,一日遊,經濟艙,路標,TRUE,desk clerk,reception desk,tour guide,day trip,on board,inner city,,,,
word-catalog-v1,CREATE_DRAFT,,,,,tour guide,tour guide,noun,B1,travel-transport,導遊,,,,,,,,,,TRUE,一日遊,前臺,接待處,前臺接待員,路燈,消防站,FALSE,,,,,,,,,,
word-catalog-v1,CREATE_DRAFT,,,,,hostel,hostel,noun,B1,travel-transport,青年旅社,,,,,,,,,,TRUE,野生動物觀察之旅,迷你吧,單人房,海濱,景點,訪客,TRUE,minibar,luggage,seaside,visitor,cottage,check-in,,,,
word-catalog-v1,CREATE_DRAFT,,,,,minibar,minibar,noun,B1,travel-transport,迷你吧,,,,,,,,,,TRUE,單人房,青年旅社,行李,海濱,雙人間,鑰匙卡,TRUE,safari,single,hostel,luggage,seaside,sight,,,,
word-catalog-v1,CREATE_DRAFT,,,,,luggage,luggage,noun,B1,travel-transport,行李,,,,,,,,,,TRUE,景點,訪客,迷你吧,青年旅社,交換,小屋,FALSE,,,,,,,,,,
word-catalog-v1,CREATE_DRAFT,,,,,visitor,visitor,noun,B1,travel-transport,訪客,,,,,,,,,,TRUE,海濱,景點,單人房,行李,交換,小屋,TRUE,safari,single,cottage,minibar,seaside,brochure,,,,
word-catalog-v1,CREATE_DRAFT,,,,,sunbathe,sunbathe,verb,B1,travel-transport,曬太陽,,,,,,,,,,TRUE,探索,遊覽,露營,背包旅行,騎自行車,單人房,TRUE,explore,tour,camp,backpack,access,commute,,,,
word-catalog-v1,CREATE_DRAFT,,,,,seaside,seaside,noun,B1,travel-transport,海濱,,,,,,,,,,TRUE,景點,訪客,單人房,行李,登記,雙人間,TRUE,safari,visitor,single,luggage,minibar,keycard,,,,
word-catalog-v1,CREATE_DRAFT,,,,,safari,safari,noun,B1,travel-transport,野生動物觀察之旅,,,,,,,,,,TRUE,青年旅社,單人房,迷你吧,海濱,小屋,門衛,TRUE,cottage,seaside,single,visitor,sight,exchange,,,,
word-catalog-v1,CREATE_DRAFT,,,,,single,single,noun,B1,travel-transport,單人房,,,,,,,,,,TRUE,雙人間,景點,迷你吧,海濱,青年旅社,小冊子,FALSE,,,,,,,,,,
word-catalog-v1,CREATE_DRAFT,,,,,sight,sight,noun,B1,travel-transport,景點,,,,,,,,,,FALSE,,,,,,,TRUE,cottage,safari,single,luggage,exchange,booking,,,,
word-catalog-v1,CREATE_DRAFT,,,,,tour,tour,verb,B1,travel-transport,遊覽,,,,,,,,,,TRUE,曬太陽,探索,露營,背包旅行,通勤,景點,TRUE,sunbathe,explore,camp,backpack,transport,cottage,,,,
word-catalog-v1,CREATE_DRAFT,,,,,cottage,cottage,noun,B1,travel-transport,小屋,,,,,,,,,,TRUE,小冊子,景點,訪客,單人房,門衛,交換,FALSE,,,,,,,,,,
word-catalog-v1,CREATE_DRAFT,,,,,admit,admit,verb,B1,actions-events,承認,,,,,,,,,,TRUE,確認,建議,宣佈,道歉,幫助,附著,FALSE,,,,,,,,,,
word-catalog-v1,CREATE_DRAFT,,,,,advise,advise,verb,B1,actions-events,建議,,,,,,,,,,TRUE,承認,宣佈,道歉,授予,幫助,彎曲,FALSE,,,,,,,,,,
word-catalog-v1,CREATE_DRAFT,,,,,aim,aim,verb,B1,actions-events,瞄準,,,,,,,,,,FALSE,,,,,,,FALSE,,,,,,,,,,
word-catalog-v1,CREATE_DRAFT,,,,,announce,announce,verb,B1,actions-events,宣佈,,,,,,,,,,TRUE,建議,承認,附著,道歉,授予,受益,TRUE,apologize,advise,assist,admit,award,bake,,,,
word-catalog-v1,CREATE_DRAFT,,,,,apologize,apologize,verb,B1,actions-events,道歉,,,,,,,,,,TRUE,宣佈,幫助,阻塞,附著,彎曲,烤,TRUE,announce,assist,bend,advise,award,benefit,,,,
word-catalog-v1,CREATE_DRAFT,,,,,assist,assist,verb,B1,actions-events,幫助,,,,,,,,,,TRUE,費心,授予,受益,埋葬,阻塞,集中,FALSE,,,,,,,,,,
word-catalog-v1,CREATE_DRAFT,,,,,attach,attach,verb,B1,actions-events,附著,,,,,,,,,,FALSE,,,,,,,TRUE,apologize,bake,block,announce,bend,bother,,,,
word-catalog-v1,CREATE_DRAFT,,,,,award,award,verb,B1,actions-events,授予,,,,,,,,,,TRUE,彎曲,烤,費心,聲稱,受益,埋葬,FALSE,,,,,,,,,,
word-catalog-v1,CREATE_DRAFT,,,,,bake,bake,verb,B1,actions-events,烤,,,,,,,,,,TRUE,阻塞,集中,混合,授予,彎曲,聲稱,FALSE,,,,,,,,,,
word-catalog-v1,CREATE_DRAFT,,,,,bend,bend,verb,B1,actions-events,彎曲,,,,,,,,,,TRUE,費心,稱讚,受益,埋葬,混合,附著,TRUE,benefit,bury,block,center,bother,claim,,,,
word-catalog-v1,CREATE_DRAFT,,,,,benefit,benefit,verb,B1,actions-events,受益,,,,,,,,,,TRUE,阻塞,集中,費心,聲稱,稱讚,烤,TRUE,bury,clear,bend,block,center,combine,,,,
word-catalog-v1,CREATE_DRAFT,,,,,block,block,verb,B1,actions-events,阻塞,,,,,,,,,,TRUE,埋葬,混淆,集中,混合,受益,聲稱,TRUE,benefit,bother,claim,compliment,clear,concentrate,,,,
word-catalog-v1,CREATE_DRAFT,,,,,bother,bother,verb,B1,actions-events,費心,,,,,,,,,,TRUE,浪費,使心煩,稱讚,確認,聯繫,阻塞,TRUE,bury,center,combine,conclude,claim,compliment,,,,
word-catalog-v1,CREATE_DRAFT,,,,,bury,bury,verb,B1,actions-events,埋葬,,,,,,,,,,TRUE,混淆,對比,費心,集中,混合,說服,TRUE,confirm,clear,concentrate,confuse,bother,center,,,,
word-catalog-v1,CREATE_DRAFT,,,,,center,center,verb,B1,actions-events,集中,,,,,,,,,,TRUE,埋葬,聲稱,稱讚,確認,聯繫,定義,FALSE,,,,,,,,,,
word-catalog-v1,CREATE_DRAFT,,,,,claim,claim,verb,B1,actions-events,聲稱,,,,,,,,,,TRUE,稱讚,混淆,對比,得出結論,遞送,混合,TRUE,combine,conclude,consist,compliment,confirm,contact,,,,
word-catalog-v1,CREATE_DRAFT,,,,,clear,clear,verb,B1,actions-events,清理,,,,,,,,,,TRUE,說服,確定,確認,聯繫,定義,混淆,FALSE,,,,,,,,,,
word-catalog-v1,CREATE_DRAFT,,,,,combine,combine,verb,B1,actions-events,混合,,,,,,,,,,TRUE,混淆,對比,遞送,懷疑,說服,確定,FALSE,,,,,,,,,,
word-catalog-v1,CREATE_DRAFT,,,,,compliment,compliment,verb,B1,actions-events,稱讚,,,,,,,,,,TRUE,聲稱,得出結論,鼓勵,確認,聯繫,混合,TRUE,concentrate,confuse,contrast,conclude,consist,convince,,,,
word-catalog-v1,CREATE_DRAFT,,,,,concentrate,concentrate,verb,B1,actions-events,集中,,,,,,,,,,TRUE,定義,擴大,對比,得出結論,遞送,懷疑,FALSE,,,,,,,,,,
word-catalog-v1,CREATE_DRAFT,,,,,conclude,conclude,verb,B1,actions-events,得出結論,,,,,,,,,,TRUE,取得資格,由……組成,總結,體驗,說服,確定,TRUE,confirm,contact,define,confuse,contrast,deliver,,,,
word-catalog-v1,CREATE_DRAFT,,,,,confirm,confirm,verb,B1,actions-events,確認,,,,,,,,,,TRUE,確定,承認,鼓勵,面對,聯繫,定義,FALSE,,,,,,,,,,
word-catalog-v1,CREATE_DRAFT,,,,,confuse,confuse,verb,B1,actions-events,混淆,,,,,,,,,,TRUE,混合,擴大,摺疊,對比,遞送,體驗,TRUE,consist,convince,determine,contact,define,divide,,,,
word-catalog-v1,CREATE_DRAFT,,,,,consist,consist,verb,B1,actions-events,由……組成,,,,,,,,,,TRUE,得出結論,懷疑,強迫,說服,鼓勵,面對,TRUE,contrast,deliver,doubt,convince,determine,encourage,,,,
word-catalog-v1,CREATE_DRAFT,,,,,contact,contact,verb,B1,actions-events,聯繫,,,,,,,,,,TRUE,關聯,定義,擴大,摺疊,對比,由……組成,TRUE,define,divide,expand,consist,contrast,deliver,,,,
word-catalog-v1,CREATE_DRAFT,,,,,contrast,contrast,verb,B1,actions-events,對比,,,,,,,,,,TRUE,面對,遞送,懷疑,體驗,強迫,聯繫,TRUE,doubt,experience,contact,convince,determine,face,,,,
word-catalog-v1,CREATE_DRAFT,,,,,convince,convince,verb,B1,actions-events,說服,,,,,,,,,,TRUE,前往,確定,鼓勵,定義,分開,擴大,FALSE,,,,,,,,,,
word-catalog-v1,CREATE_DRAFT,,,,,define,define,verb,B1,actions-events,定義,,,,,,,,,,TRUE,確定,摺疊,說服,遞送,遞,忽略,TRUE,encourage,divide,expand,fold,deliver,doubt,,,,
word-catalog-v1,CREATE_DRAFT,,,,,deliver,deliver,verb,B1,actions-events,遞送,,,,,,,,,,TRUE,遞,懷疑,體驗,強迫,前往,掛,TRUE,experience,define,determine,encourage,face,hand,,,,
word-catalog-v1,CREATE_DRAFT,,,,,determine,determine,verb,B1,actions-events,確定,,,,,,,,,,TRUE,定義,確認,影響,鼓勵,面對,分開,TRUE,divide,expand,fold,hang,experience,head,,,,
word-catalog-v1,CREATE_DRAFT,,,,,divide,divide,verb,B1,actions-events,分開,,,,,,,,,,TRUE,分類,表明,擴大,摺疊,忽略,懷疑,FALSE,,,,,,,,,,
word-catalog-v1,CREATE_DRAFT,,,,,doubt,doubt,verb,B1,actions-events,懷疑,,,,,,,,,,TRUE,體驗,強迫,前往,影響,鼓勵,熨燙,FALSE,,,,,,,,,,
word-catalog-v1,CREATE_DRAFT,,,,,encourage,encourage,verb,B1,actions-events,鼓勵,,,,,,,,,,TRUE,掛,面對,表明,擴大,摺疊,遞,TRUE,face,hand,doubt,expand,fold,hang,,,,
word-catalog-v1,CREATE_DRAFT,,,,,expand,expand,verb,B1,actions-events,擴大,,,,,,,,,,TRUE,忽略,體驗,缺乏,強迫,前往,面對,TRUE,ignore,encourage,experience,head,impact,face,,,,
word-catalog-v1,CREATE_DRAFT,,,,,experience,experience,verb,B1,actions-events,體驗,,,,,,,,,,TRUE,掛,影響,熨燙,放置,表明,摺疊,TRUE,hand,indicate,fold,hang,ignore,influence,,,,
word-catalog-v1,CREATE_DRAFT,,,,,face,face,verb,B1,actions-events,面對,,,,,,,,,,TRUE,對比,限制,忽略,遞,缺乏,強迫,FALSE,,,,,,,,,,
word-catalog-v1,CREATE_DRAFT,,,,,fold,fold,verb,B1,actions-events,摺疊,,,,,,,,,,TRUE,貼標籤,弄髒,前往,影響,掛,熨燙,TRUE,head,impact,iron,hand,indicate,label,,,,
word-catalog-v1,CREATE_DRAFT,,,,,force,force,verb,B1,actions-events,強迫,,,,,,,,,,FALSE,,,,,,,TRUE,hang,ignore,influence,lack,head,impact,,,,
word-catalog-v1,CREATE_DRAFT,,,,,hand,hand,verb,B1,actions-events,遞,,,,,,,,,,TRUE,遞送,掛,放置,表明,限制,注意,TRUE,iron,lay,indicate,label,limit,force,,,,
word-catalog-v1,CREATE_DRAFT,,,,,hang,hang,verb,B1,actions-events,掛,,,,,,,,,,TRUE,遞,忽略,缺乏,弄髒,貼標籤,前往,TRUE,ignore,influence,lack,mess,hand,iron,,,,
word-catalog-v1,CREATE_DRAFT,,,,,head,head,verb,B1,actions-events,前往,,,,,,,,,,TRUE,發生,影響,熨燙,放置,限制,注意,TRUE,impact,lay,mix,hang,indicate,label,,,,
word-catalog-v1,CREATE_DRAFT,,,,,hold on,hold on,phrasal_verb,B1,actions-events,等待,,,,,,,,,,TRUE,出發,到達,表明,忽略,缺乏,貼標籤,FALSE,,,,,,,,,,
word-catalog-v1,CREATE_DRAFT,,,,,ignore,ignore,verb,B1,actions-events,忽略,,,,,,,,,,TRUE,弄髒,發生,影響,下毒,熨燙,表明,TRUE,limit,note,influence,lack,mess,occur,,,,
word-catalog-v1,CREATE_DRAFT,,,,,impact,impact,verb,B1,actions-events,影響,,,,,,,,,,TRUE,放置,限制,注意,缺乏,貼標籤,弄髒,FALSE,,,,,,,,,,
word-catalog-v1,CREATE_DRAFT,,,,,indicate,indicate,verb,B1,actions-events,表明,,,,,,,,,,TRUE,證明,代表,發生,下毒,熨燙,編程,TRUE,iron,lay,mix,persuade,label,note,,,,
word-catalog-v1,CREATE_DRAFT,,,,,influence,influence,verb,B1,actions-events,影響,,,,,,,,,,TRUE,放置,限制,注意,倒,下毒,編程,FALSE,,,,,,,,,,
word-catalog-v1,CREATE_DRAFT,,,,,iron,iron,verb,B1,actions-events,熨燙,,,,,,,,,,TRUE,缺乏,貼標籤,弄髒,發生,反射,按,TRUE,limit,place,lack,mess,lay,mix,,,,
word-catalog-v1,CREATE_DRAFT,,,,,label,label,verb,B1,actions-events,貼標籤,,,,,,,,,,TRUE,粘貼,放置,證明,限制,注意,取得資格,TRUE,occur,persuade,limit,note,place,iron,,,,
word-catalog-v1,CREATE_DRAFT,,,,,lack,lack,verb,B1,actions-events,缺乏,,,,,,,,,,TRUE,倒,弄髒,發生,下毒,編程,按,TRUE,mess,occur,label,lay,mix,prove,,,,
word-catalog-v1,CREATE_DRAFT,,,,,lay,lay,verb,B1,actions-events,放置,,,,,,,,,,TRUE,放,釋放,反射,留下,證明,缺乏,FALSE,,,,,,,,,,
word-catalog-v1,CREATE_DRAFT,,,,,limit,limit,verb,B1,actions-events,限制,,,,,,,,,,TRUE,關聯,注意,倒,放置,弄髒,發生,FALSE,,,,,,,,,,
word-catalog-v1,CREATE_DRAFT,,,,,mess,mess,verb,B1,actions-events,弄髒,,,,,,,,,,TRUE,請求,下毒,編程,反射,按,限制,FALSE,,,,,,,,,,
word-catalog-v1,CREATE_DRAFT,,,,,mix,mix,verb,B1,actions-events,混合,,,,,,,,,,TRUE,混淆,留下,證明,關聯,注意,代表,FALSE,,,,,,,,,,
word-catalog-v1,CREATE_DRAFT,,,,,note,note,verb,B1,actions-events,注意,,,,,,,,,,TRUE,修訂,倒,發生,請求,下毒,冒險,TRUE,persuade,place,qualify,occur,reflect,prove,,,,
word-catalog-v1,CREATE_DRAFT,,,,,occur,occur,verb,B1,actions-events,發生,,,,,,,,,,TRUE,發信號,編程,按,反射,留下,說服,FALSE,,,,,,,,,,
word-catalog-v1,CREATE_DRAFT,,,,,persuade,persuade,verb,B1,actions-events,說服,,,,,,,,,,TRUE,需要,證明,關聯,代表,修訂,倒,FALSE,,,,,,,,,,
word-catalog-v1,CREATE_DRAFT,,,,,place,place,verb,B1,actions-events,放置,,,,,,,,,,TRUE,放,釋放,請求,下毒,冒險,編程,FALSE,,,,,,,,,,
word-catalog-v1,CREATE_DRAFT,,,,,poison,poison,verb,B1,actions-events,下毒,,,,,,,,,,FALSE,,,,,,,TRUE,relate,qualify,release,reflect,remain,place,,,,
word-catalog-v1,CREATE_DRAFT,,,,,pour,pour,verb,B1,actions-events,倒,,,,,,,,,,FALSE,,,,,,,TRUE,prove,relate,represent,poison,qualify,release,,,,
word-catalog-v1,CREATE_DRAFT,,,,,press,press,verb,B1,actions-events,按,,,,,,,,,,FALSE,,,,,,,TRUE,request,reflect,remain,require,prove,relate,,,,
word-catalog-v1,CREATE_DRAFT,,,,,program,program,verb,B1,actions-events,編程,,,,,,,,,,FALSE,,,,,,,FALSE,,,,,,,,,,
word-catalog-v1,CREATE_DRAFT,,,,,prove,prove,verb,B1,actions-events,證明,,,,,,,,,,TRUE,表明,反射,留下,需要,關聯,代表,FALSE,,,,,,,,,,
word-catalog-v1,CREATE_DRAFT,,,,,qualify,qualify,verb,B1,actions-events,取得資格,,,,,,,,,,TRUE,得出結論,發信號,修訂,沉沒,請求,冒險,TRUE,represent,revise,release,request,risk,reflect,,,,
word-catalog-v1,CREATE_DRAFT,,,,,reflect,reflect,verb,B1,actions-events,反射,,,,,,,,,,TRUE,留下,需要,取得資格,關聯,打鼾,修訂,TRUE,remain,require,qualify,relate,represent,revise,,,,
word-catalog-v1,CREATE_DRAFT,,,,,relate,relate,verb,B1,actions-events,關聯,,,,,,,,,,TRUE,聯繫,代表,沉沒,反射,請求,冒險,TRUE,scan,release,request,risk,remain,require,,,,
word-catalog-v1,CREATE_DRAFT,,,,,release,release,verb,B1,actions-events,釋放,,,,,,,,,,TRUE,放,放置,分類,留下,需要,打鼾,FALSE,,,,,,,,,,
word-catalog-v1,CREATE_DRAFT,,,,,remain,remain,verb,B1,actions-events,留下,,,,,,,,,,TRUE,下毒,代表,儲存,修訂,沉沒,請求,TRUE,signal,represent,revise,scan,sink,request,,,,
word-catalog-v1,CREATE_DRAFT,,,,,represent,represent,verb,B1,actions-events,代表,,,,,,,,,,TRUE,表明,冒險,分類,粘貼,需要,嗅,TRUE,risk,sort,require,signal,snore,revise,,,,
word-catalog-v1,CREATE_DRAFT,,,,,request,request,verb,B1,actions-events,請求,,,,,,,,,,TRUE,供應,打鼾,儲存,修訂,倖存,沉沒,TRUE,scan,sink,sniff,risk,sort,stick,,,,
word-catalog-v1,CREATE_DRAFT,,,,,require,require,verb,B1,actions-events,需要,,,,,,,,,,TRUE,發信號,總結,冒險,切換,分類,粘貼,FALSE,,,,,,,,,,
word-catalog-v1,CREATE_DRAFT,,,,,revise,revise,verb,B1,actions-events,修訂,,,,,,,,,,TRUE,嗅,供應,放,打鼾,儲存,發信號,TRUE,roll,signal,snore,store,scan,sink,,,,
word-catalog-v1,CREATE_DRAFT,,,,,risk,risk,verb,B1,actions-events,冒險,,,,,,,,,,TRUE,倖存,沉沒,總結,切換,分類,供應,FALSE,,,,,,,,,,
word-catalog-v1,CREATE_DRAFT,,,,,roll,roll,verb,B1,actions-events,滾動,,,,,,,,,,FALSE,,,,,,,FALSE,,,,,,,,,,
word-catalog-v1,CREATE_DRAFT,,,,,scan,scan,verb,B1,actions-events,瀏覽,,,,,,,,,,TRUE,粘貼,嗅,放,打鼾,倖存,沉沒,FALSE,,,,,,,,,,
word-catalog-v1,CREATE_DRAFT,,,,,set,set,verb,B1,actions-events,放,,,,,,,,,,FALSE,,,,,,,FALSE,,,,,,,,,,
word-catalog-v1,CREATE_DRAFT,,,,,signal,signal,verb,B1,actions-events,發信號,,,,,,,,,,TRUE,發生,傾向於,打哈欠,使心煩,儲存,總結,TRUE,sniff,summarize,sort,stick,snore,store,,,,
word-catalog-v1,CREATE_DRAFT,,,,,sink,sink,verb,B1,actions-events,沉沒,,,,,,,,,,TRUE,切換,分類,溫暖,粘貼,供應,嗅,TRUE,survive,sniff,summarize,switch,signal,sort,,,,
word-catalog-v1,CREATE_DRAFT,,,,,sort,sort,verb,B1,actions-events,分類,,,,,,,,,,TRUE,分開,打鼾,警告,儲存,倖存,傾向於,FALSE,,,,,,,,,,
word-catalog-v1,CREATE_DRAFT,,,,,snore,snore,verb,B1,actions-events,打鼾,,,,,,,,,,TRUE,打哈欠,看,總結,切換,溫暖,粘貼,TRUE,stick,tend,store,survive,translate,sniff,,,,
word-catalog-v1,CREATE_DRAFT,,,,,sniff,sniff,verb,B1,actions-events,嗅,吸鼻子,,,,,,,,,TRUE,看,放,揮手,供應,警告,儲存,TRUE,summarize,switch,upset,snore,stick,supply,,,,
word-catalog-v1,CREATE_DRAFT,,,,,stick,stick,verb,B1,actions-events,粘貼,,,,,,,,,,TRUE,貼標籤,倖存,傾向於,浪費,總結,暫停,TRUE,tend,store,survive,yawn,summarize,switch,,,,
word-catalog-v1,CREATE_DRAFT,,,,,store,store,verb,B1,actions-events,儲存,,,,,,,,,,TRUE,倖存,切換,溫暖,揮手,供應,增加,TRUE,translate,upset,warm,supply,tend,warn,,,,
word-catalog-v1,CREATE_DRAFT,,,,,summarize,summarize,verb,B1,actions-events,總結,,,,,,,,,,TRUE,使心煩,警告,歸還,傾向於,看,浪費,FALSE,,,,,,,,,,
word-catalog-v1,CREATE_DRAFT,,,,,supply,supply,verb,B1,actions-events,供應,,,,,,,,,,FALSE,,,,,,,FALSE,,,,,,,,,,
word-catalog-v1,CREATE_DRAFT,,,,,survive,survive,verb,B1,actions-events,倖存,,,,,,,,,,TRUE,儲存,暫停,切換,想知道,回應,溫暖,TRUE,translate,yawn,switch,upset,warm,wave,,,,
word-catalog-v1,CREATE_DRAFT,,,,,switch,switch,verb,B1,actions-events,切換,,,,,,,,,,TRUE,打哈欠,揮手,增加,警告,使心煩,歸還,TRUE,survive,tend,warn,wonder,translate,yawn,,,,
word-catalog-v1,CREATE_DRAFT,,,,,tend,tend,verb,B1,actions-events,傾向於,,,,,,,,,,TRUE,想知道,打哈欠,使心煩,浪費,看,暫停,TRUE,pause,upset,warm,wave,raise,warn,,,,
word-catalog-v1,CREATE_DRAFT,,,,,translate,translate,verb,B1,actions-events,翻譯,,,,,,,,,,TRUE,回應,溫暖,揮手,增加,傾向於,警告,FALSE,,,,,,,,,,
word-catalog-v1,CREATE_DRAFT,,,,,upset,upset,verb,B1,actions-events,使心煩,,,,,,,,,,FALSE,,,,,,,TRUE,wonder,yawn,pause,respond,warm,wave,,,,
word-catalog-v1,CREATE_DRAFT,,,,,view,view,verb,B1,actions-events,看,,,,,,,,,,FALSE,,,,,,,TRUE,raise,warn,wonder,upset,yawn,respond,,,,
word-catalog-v1,CREATE_DRAFT,,,,,yawn,yawn,verb,B1,actions-events,打哈欠,,,,,,,,,,TRUE,打鼾,想知道,使心煩,歸還,傾向於,暫停,TRUE,pause,view,warm,wave,translate,tend,,,,
word-catalog-v1,CREATE_DRAFT,,,,,warm,warm,verb,B1,actions-events,溫暖,,,,,,,,,,TRUE,浪費,回應,揮手,增加,歸還,暫停,FALSE,,,,,,,,,,
word-catalog-v1,CREATE_DRAFT,,,,,warn,warn,verb,B1,actions-events,警告,,,,,,,,,,TRUE,溫暖,浪費,回應,想知道,揮手,打哈欠,FALSE,,,,,,,,,,
word-catalog-v1,CREATE_DRAFT,,,,,waste,waste,verb,B1,actions-events,浪費,揮霍,,,,,,,,,FALSE,,,,,,,TRUE,raise,wonder,pause,respond,view,return,,,,
word-catalog-v1,CREATE_DRAFT,,,,,wave,wave,verb,B1,actions-events,揮手,,,,,,,,,,TRUE,增加,歸還,警告,暫停,想知道,溫暖,TRUE,raise,wonder,warn,pause,waste,switch,,,,
word-catalog-v1,CREATE_DRAFT,,,,,wonder,wonder,verb,B1,actions-events,想知道,,,,,,,,,,TRUE,打哈欠,回應,增加,歸還,看,傾向於,TRUE,wave,respond,raise,pause,waste,translate,,,,
word-catalog-v1,CREATE_DRAFT,,,,,pause,pause,verb,B1,actions-events,暫停,,,,,,,,,,TRUE,回應,增加,揮手,想知道,看,切換,TRUE,respond,wonder,raise,wave,survive,tend,,,,
word-catalog-v1,CREATE_DRAFT,,,,,raise,raise,verb,B1,actions-events,增加,,,,,,,,,,TRUE,暫停,歸還,回應,警告,打哈欠,倖存,FALSE,,,,,,,,,,
word-catalog-v1,CREATE_DRAFT,,,,,return,return,verb,B1,actions-events,歸還,,,,,,,,,,FALSE,,,,,,,TRUE,respond,raise,pause,warn,supply,summarize,,,,
word-catalog-v1,CREATE_DRAFT,,,,,respond,respond,verb,B1,actions-events,回應,,,,,,,,,,TRUE,供應,歸還,增加,暫停,看,使心煩,TRUE,return,wonder,raise,wave,warm,waste,,,,
word-catalog-v1,CREATE_DRAFT,,,,,annoyed,annoyed,adjective,B1,descriptions-qualities,惱火的,,,,,,,,,,TRUE,自動的,人類的,基本的,中央的,複雜的,困惑的,TRUE,automatic,aware,human,basic,central,complex,,,,
word-catalog-v1,CREATE_DRAFT,,,,,automatic,automatic,adjective,B1,descriptions-qualities,自動的,,,,,,,,,,TRUE,惱火的,人類的,基本的,中央的,方便的,文化的,TRUE,annoyed,aware,human,basic,confused,convenient,,,,
word-catalog-v1,CREATE_DRAFT,,,,,aware,aware,adjective,B1,descriptions-qualities,意識到的,,,,,,,,,,TRUE,自動的,惱火的,人類的,複雜的,方便的,失望的,TRUE,automatic,annoyed,central,human,cultural,confused,,,,
word-catalog-v1,CREATE_DRAFT,,,,,human,human,adjective,B1,descriptions-qualities,人類的,,,,,,,,,,TRUE,基本的,困惑的,自動的,惱火的,文化的,喝醉的,TRUE,complex,aware,basic,current,convenient,disappointed,,,,
word-catalog-v1,CREATE_DRAFT,,,,,basic,basic,adjective,B1,descriptions-qualities,基本的,,,,,,,,,,TRUE,中央的,複雜的,困惑的,東方的,方便的,失望的,FALSE,,,,,,,,,,
word-catalog-v1,CREATE_DRAFT,,,,,central,central,adjective,B1,descriptions-qualities,中央的,,,,,,,,,,TRUE,中間的,基本的,複雜的,文化的,喝醉的,相等的,TRUE,complex,cultural,drunk,confused,current,eastern,,,,
word-catalog-v1,CREATE_DRAFT,,,,,complex,complex,adjective,B1,descriptions-qualities,複雜的,,,,,,,,,,TRUE,中央的,困惑的,東方的,巨大的,必要的,人類的,FALSE,,,,,,,,,,
word-catalog-v1,CREATE_DRAFT,,,,,confused,confused,adjective,B1,descriptions-qualities,困惑的,,,,,,,,,,TRUE,方便的,失望的,文化的,喝醉的,相等的,熟悉的,TRUE,convenient,disappointed,embarrassing,central,cultural,drunk,,,,
word-catalog-v1,CREATE_DRAFT,,,,,convenient,convenient,adjective,B1,descriptions-qualities,方便的,,,,,,,,,,TRUE,東方的,北方的,官方的,南方的,西方的,巨大的,TRUE,equal,current,eastern,huge,disappointed,embarrassing,,,,
word-catalog-v1,CREATE_DRAFT,,,,,cultural,cultural,adjective,B1,descriptions-qualities,文化的,,,,,,,,,,TRUE,固定的,失望的,必要的,全球的,喝醉的,相等的,TRUE,essential,drunk,equal,familiar,convenient,current,,,,
word-catalog-v1,CREATE_DRAFT,,,,,current,current,adjective,B1,descriptions-qualities,當前的,,,,,,,,,,TRUE,以前的,熟悉的,歷史的,東方的,巨大的,固定的,FALSE,,,,,,,,,,
word-catalog-v1,CREATE_DRAFT,,,,,disappointed,disappointed,adjective,B1,descriptions-qualities,失望的,,,,,,,,,,TRUE,想像的,必要的,全球的,室內的,喝醉的,熟悉的,TRUE,eastern,huge,fixed,embarrassing,essential,global,,,,
word-catalog-v1,CREATE_DRAFT,,,,,drunk,drunk,adjective,B1,descriptions-qualities,喝醉的,,,,,,,,,,TRUE,相等的,歷史的,受傷的,失望的,東方的,巨大的,TRUE,equal,familiar,historical,disappointed,eastern,fixed,,,,
word-catalog-v1,CREATE_DRAFT,,,,,eastern,eastern,adjective,B1,descriptions-qualities,東方的,,,,,,,,,,TRUE,方便的,北方的,官方的,南方的,固定的,想像的,TRUE,huge,imaginary,drunk,embarrassing,essential,indoor,,,,
word-catalog-v1,CREATE_DRAFT,,,,,embarrassing,embarrassing,adjective,B1,descriptions-qualities,尷尬的,,,,,,,,,,TRUE,無辜的,必要的,全球的,室內的,合法的,相等的,FALSE,,,,,,,,,,
word-catalog-v1,CREATE_DRAFT,,,,,equal,equal,adjective,B1,descriptions-qualities,相等的,,,,,,,,,,TRUE,相對的,熟悉的,歷史的,受傷的,魔法的,巨大的,TRUE,global,familiar,historical,injured,huge,fixed,,,,
word-catalog-v1,CREATE_DRAFT,,,,,huge,huge,adjective,B1,descriptions-qualities,巨大的,,,,,,,,,,TRUE,強大的,固定的,想像的,無辜的,原生的,必要的,FALSE,,,,,,,,,,
word-catalog-v1,CREATE_DRAFT,,,,,essential,essential,adjective,B1,descriptions-qualities,必要的,,,,,,,,,,TRUE,重要的,次要的,全球的,室內的,合法的,熟悉的,FALSE,,,,,,,,,,
word-catalog-v1,CREATE_DRAFT,,,,,familiar,familiar,adjective,B1,descriptions-qualities,熟悉的,,,,,,,,,,TRUE,歷史的,受傷的,魔法的,傳統的,固定的,想像的,TRUE,imaginary,innocent,global,indoor,legal,historical,,,,
word-catalog-v1,CREATE_DRAFT,,,,,fixed,fixed,adjective,B1,descriptions-qualities,固定的,,,,,,,,,,TRUE,特定的,堅固的,無辜的,原生的,古代的,全球的,TRUE,injured,magic,imaginary,innocent,native,familiar,,,,
word-catalog-v1,CREATE_DRAFT,,,,,global,global,adjective,B1,descriptions-qualities,全球的,,,,,,,,,,TRUE,全部的,室內的,合法的,秘密的,歷史的,受傷的,TRUE,indoor,legal,northern,fixed,historical,injured,,,,
word-catalog-v1,CREATE_DRAFT,,,,,historical,historical,adjective,B1,descriptions-qualities,歷史的,,,,,,,,,,TRUE,魔法的,傳統的,想像的,無辜的,原生的,古代的,TRUE,magic,traditional,global,imaginary,innocent,ancient,,,,
word-catalog-v1,CREATE_DRAFT,,,,,imaginary,imaginary,adjective,B1,descriptions-qualities,想像的,,,,,,,,,,TRUE,隱藏的,室內的,合法的,北方的,秘密的,明顯的,TRUE,native,indoor,legal,northern,magic,traditional,,,,
word-catalog-v1,CREATE_DRAFT,,,,,indoor,indoor,adjective,B1,descriptions-qualities,室內的,,,,,,,,,,TRUE,受傷的,魔法的,傳統的,重要的,奇怪的,無辜的,TRUE,injured,big,innocent,native,ancient,hidden,,,,
word-catalog-v1,CREATE_DRAFT,,,,,injured,injured,adjective,B1,descriptions-qualities,受傷的,,,,,,,,,,TRUE,原生的,古代的,隱藏的,性的,合法的,北方的,TRUE,legal,northern,obvious,magic,big,odd,,,,
word-catalog-v1,CREATE_DRAFT,,,,,innocent,innocent,adjective,B1,descriptions-qualities,無辜的,,,,,,,,,,TRUE,秘密的,明顯的,過時的,魔法的,傳統的,重要的,TRUE,traditional,native,ancient,hidden,official,legal,,,,
word-catalog-v1,CREATE_DRAFT,,,,,legal,legal,adjective,B1,descriptions-qualities,合法的,,,,,,,,,,TRUE,魔法的,合適的,奇怪的,戶外的,原生的,古代的,TRUE,northern,obvious,old-fashioned,innocent,magic,traditional,,,,
word-catalog-v1,CREATE_DRAFT,,,,,magic,magic,adjective,B1,descriptions-qualities,魔法的,,,,,,,,,,TRUE,合法的,隱藏的,性的,秘密的,過時的,傳統的,TRUE,big,odd,outdoor,native,ancient,official,,,,
word-catalog-v1,CREATE_DRAFT,,,,,native,native,adjective,B1,descriptions-qualities,原生的,,,,,,,,,,TRUE,北方的,明顯的,重要的,奇怪的,戶外的,初級的,TRUE,hidden,powerful,northern,obvious,old-fashioned,previous,,,,
word-catalog-v1,CREATE_DRAFT,,,,,northern,northern,adjective,B1,descriptions-qualities,北方的,,,,,,,,,,TRUE,官方的,南方的,東方的,方便的,古代的,隱藏的,TRUE,traditional,big,odd,outdoor,primary,hidden,,,,
word-catalog-v1,CREATE_DRAFT,,,,,traditional,traditional,adjective,B1,descriptions-qualities,傳統的,,,,,,,,,,TRUE,性的,強大的,罕見的,秘密的,明顯的,過時的,TRUE,ancient,official,powerful,rare,secret,obvious,,,,
word-catalog-v1,CREATE_DRAFT,,,,,ancient,ancient,adjective,B1,descriptions-qualities,古代的,,,,,,,,,,TRUE,以前的,重要的,奇怪的,戶外的,粗糙的,隱藏的,TRUE,old-fashioned,previous,big,odd,outdoor,rough,,,,
word-catalog-v1,CREATE_DRAFT,,,,,secret,secret,adjective,B1,descriptions-qualities,秘密的,,,,,,,,,,FALSE,,,,,,,TRUE,primary,hidden,official,powerful,rare,scientific,,,,
word-catalog-v1,CREATE_DRAFT,,,,,big,big,adjective,B1,descriptions-qualities,重要的,,,,,,,,,,TRUE,次要的,貴重的,必要的,初級的,官方的,性的,FALSE,,,,,,,,,,
word-catalog-v1,CREATE_DRAFT,,,,,hidden,hidden,adjective,B1,descriptions-qualities,隱藏的,,,,,,,,,,TRUE,強大的,罕見的,科學的,明顯的,以前的,相對的,TRUE,obvious,old-fashioned,previous,secondary,odd,primary,,,,
word-catalog-v1,CREATE_DRAFT,,,,,obvious,obvious,adjective,B1,descriptions-qualities,明顯的,,,,,,,,,,TRUE,過時的,奇怪的,戶外的,初級的,粗糙的,官方的,FALSE,,,,,,,,,,
word-catalog-v1,CREATE_DRAFT,,,,,odd,odd,adjective,B1,descriptions-qualities,奇怪的,,,,,,,,,,TRUE,性的,強大的,罕見的,科學的,鋒利的,寂靜的,FALSE,,,,,,,,,,
word-catalog-v1,CREATE_DRAFT,,,,,official,official,adjective,B1,descriptions-qualities,官方的,,,,,,,,,,TRUE,北方的,南方的,西方的,方便的,過時的,以前的,TRUE,outdoor,rough,sexual,powerful,rare,scientific,,,,
word-catalog-v1,CREATE_DRAFT,,,,,old-fashioned,old-fashioned,adjective,B1,descriptions-qualities,過時的,,,,,,,,,,TRUE,用過的,相對的,戶外的,初級的,粗糙的,性的,FALSE,,,,,,,,,,
word-catalog-v1,CREATE_DRAFT,,,,,outdoor,outdoor,adjective,B1,descriptions-qualities,戶外的,,,,,,,,,,TRUE,光滑的,強大的,罕見的,科學的,次要的,口頭的,TRUE,sharp,previous,secondary,silent,primary,rough,,,,
word-catalog-v1,CREATE_DRAFT,,,,,powerful,powerful,adjective,B1,descriptions-qualities,強大的,,,,,,,,,,TRUE,巨大的,鋒利的,以前的,相對的,寂靜的,初級的,TRUE,sexual,smooth,rare,scientific,sharp,southern,,,,
word-catalog-v1,CREATE_DRAFT,,,,,previous,previous,adjective,B1,descriptions-qualities,以前的,,,,,,,,,,TRUE,當前的,粗糙的,性的,光滑的,罕見的,科學的,TRUE,secondary,silent,spoken,powerful,primary,sexual,,,,
word-catalog-v1,CREATE_DRAFT,,,,,primary,primary,adjective,B1,descriptions-qualities,初級的,,,,,,,,,,TRUE,鋒利的,靜止的,相對的,次要的,寂靜的,口頭的,FALSE,,,,,,,,,,
word-catalog-v1,CREATE_DRAFT,,,,,rare,rare,adjective,B1,descriptions-qualities,罕見的,,,,,,,,,,TRUE,粗糙的,性的,光滑的,鋒利的,靜止的,初級的,TRUE,rough,smooth,scientific,sharp,relative,secondary,,,,
word-catalog-v1,CREATE_DRAFT,,,,,relative,relative,adjective,B1,descriptions-qualities,相對的,,,,,,,,,,FALSE,,,,,,,TRUE,southern,silent,spoken,suitable,rare,rough,,,,
word-catalog-v1,CREATE_DRAFT,,,,,rough,rough,adjective,B1,descriptions-qualities,粗糙的,,,,,,,,,,TRUE,科學的,次要的,寂靜的,口頭的,合適的,性的,TRUE,sexual,smooth,scientific,total,secondary,silent,,,,
word-catalog-v1,CREATE_DRAFT,,,,,scientific,scientific,adjective,B1,descriptions-qualities,科學的,,,,,,,,,,TRUE,光滑的,心煩的,鋒利的,靜止的,全部的,次要的,TRUE,sharp,southern,spoken,suitable,unlikely,sexual,,,,
word-catalog-v1,CREATE_DRAFT,,,,,secondary,secondary,adjective,B1,descriptions-qualities,次要的,,,,,,,,,,TRUE,重要的,必要的,寂靜的,口頭的,合適的,光滑的,FALSE,,,,,,,,,,
word-catalog-v1,CREATE_DRAFT,,,,,sexual,sexual,adjective,B1,descriptions-qualities,性的,,,,,,,,,,TRUE,心煩的,鋒利的,南方的,靜止的,用過的,科學的,TRUE,smooth,sharp,southern,total,used,silent,,,,
word-catalog-v1,CREATE_DRAFT,,,,,sharp,sharp,adjective,B1,descriptions-qualities,鋒利的,,,,,,,,,,TRUE,全部的,寂靜的,書面的,性的,口頭的,貴重的,TRUE,spoken,suitable,unlikely,valuable,smooth,still,,,,
word-catalog-v1,CREATE_DRAFT,,,,,silent,silent,adjective,B1,descriptions-qualities,寂靜的,,,,,,,,,,TRUE,靜止的,合適的,光滑的,心煩的,南方的,書面的,TRUE,southern,total,used,written,spoken,suitable,,,,
word-catalog-v1,CREATE_DRAFT,,,,,smooth,smooth,adjective,B1,descriptions-qualities,光滑的,,,,,,,,,,TRUE,全部的,用過的,口頭的,合適的,貴重的,特定的,TRUE,unlikely,valuable,specific,silent,southern,still,,,,
word-catalog-v1,CREATE_DRAFT,,,,,southern,southern,adjective,B1,descriptions-qualities,南方的,,,,,,,,,,TRUE,西方的,官方的,北方的,方便的,體貼的,心煩的,TRUE,total,used,written,smooth,middle,unlikely,,,,
word-catalog-v1,CREATE_DRAFT,,,,,spoken,spoken,adjective,B1,descriptions-qualities,口頭的,,,,,,,,,,TRUE,堅固的,靜止的,全部的,用過的,書面的,中間的,TRUE,suitable,valuable,specific,thoughtful,still,total,,,,
word-catalog-v1,CREATE_DRAFT,,,,,standard,standard,noun,B1,descriptions-qualities,標準,,,,,,,,,,TRUE,超級,擔憂,霸凌者,本性,酷,寶貝,FALSE,,,,,,,,,,
word-catalog-v1,CREATE_DRAFT,,,,,still,still,adjective,B1,descriptions-qualities,靜止的,,,,,,,,,,FALSE,,,,,,,TRUE,used,written,middle,suitable,valuable,specific,,,,
word-catalog-v1,CREATE_DRAFT,,,,,suitable,suitable,adjective,B1,descriptions-qualities,合適的,,,,,,,,,,TRUE,合法的,貴重的,特定的,體貼的,心煩的,西方的,TRUE,unlikely,thoughtful,total,used,spoken,valuable,,,,
word-catalog-v1,CREATE_DRAFT,,,,,super,super,noun,B1,descriptions-qualities,超級,,,,,,,,,,TRUE,標準,擔憂,霸凌者,本性,吻,激情,TRUE,standard,concern,cool,nature,slow,interest,,,,
word-catalog-v1,CREATE_DRAFT,,,,,total,total,adjective,B1,descriptions-qualities,全部的,,,,,,,,,,TRUE,全球的,堅固的,用過的,書面的,貴重的,特定的,TRUE,written,middle,unlikely,specific,thoughtful,upset,,,,
word-catalog-v1,CREATE_DRAFT,,,,,unlikely,unlikely,adjective,B1,descriptions-qualities,不太可能,,,,,,,,,,TRUE,中間的,體貼的,全部的,心煩的,西方的,堅固的,TRUE,used,written,middle,thoughtful,firm,still,,,,
word-catalog-v1,CREATE_DRAFT,,,,,upset,upset,adjective,B1,descriptions-qualities,心煩的,,,,,,,,,,FALSE,,,,,,,TRUE,valuable,specific,unlikely,used,western,firm,,,,
word-catalog-v1,CREATE_DRAFT,,,,,used,used,adjective,B1,descriptions-qualities,用過的,,,,,,,,,,TRUE,過時的,書面的,中間的,貴重的,特定的,體貼的,TRUE,written,middle,upset,valuable,total,western,,,,
word-catalog-v1,CREATE_DRAFT,,,,,valuable,valuable,adjective,B1,descriptions-qualities,貴重的,,,,,,,,,,TRUE,重要的,用過的,西方的,堅固的,書面的,體貼的,TRUE,specific,thoughtful,written,used,western,total,,,,
word-catalog-v1,CREATE_DRAFT,,,,,western,western,adjective,B1,descriptions-qualities,西方的,,,,,,,,,,FALSE,,,,,,,TRUE,middle,specific,thoughtful,firm,valuable,spoken,,,,
word-catalog-v1,CREATE_DRAFT,,,,,written,written,adjective,B1,descriptions-qualities,書面的,,,,,,,,,,TRUE,中間的,特定的,堅固的,西方的,貴重的,合適的,TRUE,middle,specific,thoughtful,suitable,western,southern,,,,
word-catalog-v1,CREATE_DRAFT,,,,,specific,specific,adjective,B1,descriptions-qualities,特定的,,,,,,,,,,TRUE,固定的,中間的,體貼的,書面的,堅固的,合適的,TRUE,written,firm,middle,upset,suitable,sharp,,,,
word-catalog-v1,CREATE_DRAFT,,,,,firm,firm,adjective,B1,descriptions-qualities,堅固的,,,,,,,,,,FALSE,,,,,,,TRUE,thoughtful,specific,middle,used,smooth,sexual,,,,
word-catalog-v1,CREATE_DRAFT,,,,,middle,middle,adjective,B1,descriptions-qualities,中間的,,,,,,,,,,FALSE,,,,,,,TRUE,firm,thoughtful,written,specific,suitable,silent,,,,
word-catalog-v1,CREATE_DRAFT,,,,,thoughtful,thoughtful,adjective,B1,descriptions-qualities,體貼的,,,,,,,,,,TRUE,中間的,特定的,堅固的,書面的,心煩的,口頭的,TRUE,middle,firm,valuable,unlikely,written,secondary,,,,
word-catalog-v1,CREATE_DRAFT,,,,,black pepper,black pepper,noun,B1,food-drink,黑胡椒,,,,,,,,,,TRUE,麵包卷,四季豆,花生醬,水果沙拉,土豆泥,低脂飲食,TRUE,bread roll,fruit salad,green bean,peanut butter,mashed potato,low-fat diet,,,,
word-catalog-v1,CREATE_DRAFT,,,,,bread roll,bread roll,noun,B1,food-drink,麵包卷,,,,,,,,,,TRUE,黑胡椒,四季豆,花生醬,水果沙拉,無麩質飲食,低碳水化合物飲食,TRUE,black pepper,fruit salad,green bean,peanut butter,low-carb diet,gluten-free diet,,,,
word-catalog-v1,CREATE_DRAFT,,,,,cheeseburger,cheeseburger,noun,B1,food-drink,芝士漢堡,,,,,,,,,,TRUE,芝士蛋糕,咖喱,薄煎餅,大蒜,生菜,植物基,TRUE,curry,garlic,lettuce,mint,pancake,plant-based,,,,
word-catalog-v1,CREATE_DRAFT,,,,,curry,curry,noun,B1,food-drink,咖喱,,,,,,,,,,TRUE,大蒜,薄荷,生菜,芝士漢堡,泡菜,薄煎餅,TRUE,cheeseburger,garlic,lettuce,mint,popcorn,pickle,,,,
word-catalog-v1,CREATE_DRAFT,,,,,fruit salad,fruit salad,noun,B1,food-drink,水果沙拉,,,,,,,,,,TRUE,麵包卷,黑胡椒,四季豆,花生醬,汽水,礦泉水,TRUE,bread roll,green bean,black pepper,peanut butter,macadamia nut,soft drink,,,,
word-catalog-v1,CREATE_DRAFT,,,,,garlic,garlic,noun,B1,food-drink,大蒜,,,,,,,,,,TRUE,咖喱,薄荷,生菜,泡菜,爆米花,外賣,TRUE,curry,cheeseburger,pancake,lettuce,popcorn,take-away,,,,
word-catalog-v1,CREATE_DRAFT,,,,,green bean,green bean,noun,B1,food-drink,四季豆,,,,,,,,,,TRUE,土豆泥,花生醬,麵包卷,黑胡椒,無麩質飲食,能量飲料,TRUE,fruit salad,bread roll,peanut butter,black pepper,mineral water,energy drink,,,,
word-catalog-v1,CREATE_DRAFT,,,,,lettuce,lettuce,noun,B1,food-drink,生菜,,,,,,,,,,TRUE,泡菜,薄荷,大蒜,咖喱,無糖,植物基,TRUE,mint,plant-based,garlic,pickle,sugar-free,take-away,,,,
word-catalog-v1,CREATE_DRAFT,,,,,mint,mint,noun,B1,food-drink,薄荷,,,,,,,,,,TRUE,薄煎餅,生菜,爆米花,外賣,大蒜,無糖,TRUE,pancake,plant-based,lettuce,popcorn,pickle,croissant,,,,
word-catalog-v1,CREATE_DRAFT,,,,,pancake,pancake,noun,B1,food-drink,薄煎餅,,,,,,,,,,TRUE,薄荷,捲餅,植物基,爆米花,芝士漢堡,牛角麵包,TRUE,mint,plant-based,sugar-free,popcorn,curry,cupcake,,,,
word-catalog-v1,CREATE_DRAFT,,,,,peanut butter,peanut butter,noun,B1,food-drink,花生醬,,,,,,,,,,TRUE,土豆泥,四季豆,麵包卷,黑胡椒,低碳水化合物飲食,白肉,TRUE,mashed potato,green bean,fruit salad,low-carb diet,Swiss cheese,blue cheese,,,,
word-catalog-v1,CREATE_DRAFT,,,,,plant-based,plant-based,noun,B1,food-drink,植物基,,,,,,,,,,TRUE,爆米花,薄煎餅,甜甜圈,紙杯蛋糕,泡菜,外賣,TRUE,pancake,pickle,take-away,croissant,cheesecake,sugar-free,,,,
word-catalog-v1,CREATE_DRAFT,,,,,popcorn,popcorn,noun,B1,food-drink,爆米花,,,,,,,,,,TRUE,植物基,牛角麵包,甜甜圈,薄煎餅,無糖,捲餅,TRUE,donut,cupcake,plant-based,pickle,take-away,croissant,,,,
word-catalog-v1,CREATE_DRAFT,,,,,pickle,pickle,noun,B1,food-drink,泡菜,,,,,,,,,,TRUE,生菜,外賣,無糖,捲餅,甜椒,薄荷,TRUE,cheesecake,popcorn,sugar-free,donut,cupcake,calorie,,,,
word-catalog-v1,CREATE_DRAFT,,,,,raw,raw,adjective,B1,food-drink,生的,,,,,,,,,,TRUE,成熟的,氣泡的,無酒精的,含酒精的,心理的,陽性,TRUE,ripe,nonalcoholic,alcoholic,still,positive,take-away,,,,
word-catalog-v1,CREATE_DRAFT,,,,,ripe,ripe,adjective,B1,food-drink,成熟的,,,,,,,,,,TRUE,生的,氣泡的,無酒精的,含酒精的,卡路里,紙杯蛋糕,TRUE,raw,sparkling,nonalcoholic,alcoholic,croissant,cheesecake,,,,
word-catalog-v1,CREATE_DRAFT,,,,,take-away,take-away,noun,B1,food-drink,外賣,,,,,,,,,,TRUE,無糖,捲餅,泡菜,甜椒,巧克力,甜甜圈,FALSE,,,,,,,,,,
word-catalog-v1,CREATE_DRAFT,,,,,sugar-free,sugar-free,noun,B1,food-drink,無糖,,,,,,,,,,TRUE,外賣,捲餅,牛角麵包,芝士蛋糕,卡路里,甜椒,TRUE,chocolate,donut,pepper,cupcake,calorie,croissant,,,,
word-catalog-v1,CREATE_DRAFT,,,,,mashed potato,mashed potato,noun,B1,food-drink,土豆泥,,,,,,,,,,TRUE,四季豆,低脂飲食,花生醬,無麩質飲食,礦泉水,瑞士奶酪,TRUE,low-fat diet,gluten-free diet,low-carb diet,peanut butter,bread roll,macadamia nut,,,,
word-catalog-v1,CREATE_DRAFT,,,,,croissant,croissant,noun,B1,food-drink,牛角麵包,,,,,,,,,,TRUE,紙杯蛋糕,芝士蛋糕,巧克力,甜甜圈,卡路里,爆米花,TRUE,cheesecake,chocolate,wrap,donut,pepper,sugar-free,,,,
word-catalog-v1,CREATE_DRAFT,,,,,wrap,wrap,noun,B1,food-drink,捲餅,,,,,,,,,,FALSE,,,,,,,TRUE,cupcake,calorie,cheesecake,chocolate,take-away,pickle,,,,
word-catalog-v1,CREATE_DRAFT,,,,,cupcake,cupcake,noun,B1,food-drink,紙杯蛋糕,,,,,,,,,,TRUE,芝士蛋糕,牛角麵包,巧克力,甜甜圈,捲餅,芝士漢堡,TRUE,donut,pepper,calorie,wrap,take-away,popcorn,,,,
word-catalog-v1,CREATE_DRAFT,,,,,cheesecake,cheesecake,noun,B1,food-drink,芝士蛋糕,,,,,,,,,,TRUE,紙杯蛋糕,芝士漢堡,牛角麵包,卡路里,巧克力,甜椒,TRUE,chocolate,cupcake,donut,wrap,pancake,plant-based,,,,
word-catalog-v1,CREATE_DRAFT,,,,,donut,donut,noun,B1,food-drink,甜甜圈,,,,,,,,,,TRUE,甜椒,卡路里,芝士蛋糕,巧克力,植物基,無糖,TRUE,pepper,cheesecake,calorie,chocolate,mint,garlic,,,,
word-catalog-v1,CREATE_DRAFT,,,,,low-fat diet,low-fat diet,noun,B1,food-drink,低脂飲食,,,,,,,,,,TRUE,低碳水化合物飲食,無麩質飲食,土豆泥,花生醬,藍紋奶酪,夏威夷果,TRUE,low-carb diet,gluten-free diet,mashed potato,peanut butter,soft drink,mineral water,,,,
word-catalog-v1,CREATE_DRAFT,,,,,low-carb diet,low-carb diet,noun,B1,food-drink,低碳水化合物飲食,,,,,,,,,,TRUE,低脂飲食,無麩質飲食,水果沙拉,土豆泥,黑胡椒,汽水,TRUE,low-fat diet,gluten-free diet,mashed potato,green bean,black pepper,energy drink,,,,
word-catalog-v1,CREATE_DRAFT,,,,,gluten-free diet,gluten-free diet,noun,B1,food-drink,無麩質飲食,,,,,,,,,,TRUE,低脂飲食,低碳水化合物飲食,土豆泥,花生醬,黑胡椒,瑞士奶酪,TRUE,low-fat diet,low-carb diet,mashed potato,peanut butter,black pepper,red meat,,,,
word-catalog-v1,CREATE_DRAFT,,,,,calorie,calorie,noun,B1,food-drink,卡路里,,,,,,,,,,TRUE,巧克力,甜甜圈,甜椒,紙杯蛋糕,外賣,植物基,TRUE,pepper,chocolate,donut,take-away,cheeseburger,pickle,,,,
word-catalog-v1,CREATE_DRAFT,,,,,chocolate,chocolate,noun,B1,food-drink,巧克力,,,,,,,,,,TRUE,卡路里,甜甜圈,甜椒,芝士蛋糕,薄煎餅,泡菜,TRUE,calorie,pepper,cheesecake,croissant,sugar-free,lettuce,,,,
word-catalog-v1,CREATE_DRAFT,,,,,pepper,pepper,noun,B1,food-drink,甜椒,,,,,,,,,,TRUE,甜甜圈,巧克力,卡路里,捲餅,外賣,咖喱,TRUE,chocolate,calorie,cupcake,wrap,sugar-free,curry,,,,
word-catalog-v1,CREATE_DRAFT,,,,,Jell-O,Jell-O,proper_noun,B1,food-drink,果凍,,,,,,,,,,TRUE,可口可樂,元旦,臉書,神,母親節,網址,TRUE,Coca-Cola,YouTube,URL,Halloween,Facebook,Google,,,,
word-catalog-v1,CREATE_DRAFT,,,,,content,content,noun,B1,abstract-concepts,內容,,,,,,,,,,TRUE,情況,態度,印象,理論,思考,選項,TRUE,situation,attitude,impression,point,theory,thinking,,,,
word-catalog-v1,CREATE_DRAFT,,,,,situation,situation,noun,B1,abstract-concepts,情況,,,,,,,,,,TRUE,內容,態度,印象,理論,無知,點,TRUE,content,attitude,impression,point,option,ignorance,,,,
word-catalog-v1,CREATE_DRAFT,,,,,attitude,attitude,noun,B1,abstract-concepts,態度,,,,,,,,,,TRUE,情況,內容,印象,思考,概念,點,TRUE,situation,content,theory,impression,possibility,option,,,,
word-catalog-v1,CREATE_DRAFT,,,,,impression,impression,noun,B1,abstract-concepts,印象,,,,,,,,,,TRUE,態度,選項,情況,無知,預測,內容,TRUE,thinking,attitude,point,concept,ignorance,prediction,,,,
word-catalog-v1,CREATE_DRAFT,,,,,point,point,noun,B1,abstract-concepts,點,,,,,,,,,,TRUE,理論,思考,真相,選項,概念,可能性,FALSE,,,,,,,,,,
word-catalog-v1,CREATE_DRAFT,,,,,theory,theory,noun,B1,abstract-concepts,理論,,,,,,,,,,TRUE,無知,預測,許可,思考,真相,印象,TRUE,thinking,possibility,truth,option,concept,need,,,,
word-catalog-v1,CREATE_DRAFT,,,,,thinking,thinking,noun,B1,abstract-concepts,思考,,,,,,,,,,TRUE,理論,選項,概念,證據,無知,預測,TRUE,theory,ignorance,prediction,permission,possibility,truth,,,,
word-catalog-v1,CREATE_DRAFT,,,,,option,option,noun,B1,abstract-concepts,選項,,,,,,,,,,TRUE,可能性,許可,差距,真相,概念,證據,TRUE,concept,need,evidence,thinking,ignorance,permission,,,,
word-catalog-v1,CREATE_DRAFT,,,,,ignorance,ignorance,noun,B1,abstract-concepts,無知,,,,,,,,,,TRUE,可能性,抱歉,預測,許可,差距,選項,TRUE,prediction,gap,option,possibility,truth,evidence,,,,
word-catalog-v1,CREATE_DRAFT,,,,,possibility,possibility,noun,B1,abstract-concepts,可能性,,,,,,,,,,TRUE,許可,真相,無知,概念,抱歉,比較,TRUE,concept,need,sorry,prediction,permission,gap,,,,
word-catalog-v1,CREATE_DRAFT,,,,,concept,concept,noun,B1,abstract-concepts,概念,,,,,,,,,,TRUE,證據,預測,差距,真相,增長,抱歉,TRUE,truth,need,evidence,sorry,comparison,possibility,,,,
word-catalog-v1,CREATE_DRAFT,,,,,prediction,prediction,noun,B1,abstract-concepts,預測,,,,,,,,,,TRUE,證據,比較,許可,可能性,噩夢,增長,FALSE,,,,,,,,,,
word-catalog-v1,CREATE_DRAFT,,,,,truth,truth,noun,B1,abstract-concepts,真相,,,,,,,,,,TRUE,差距,預測,需求,證據,比較,概念,TRUE,permission,gap,growth,prediction,evidence,comparison,,,,
word-catalog-v1,CREATE_DRAFT,,,,,need,need,noun,B1,abstract-concepts,需求,,,,,,,,,,TRUE,抱歉,真相,許可,區別,差距,噩夢,FALSE,,,,,,,,,,
word-catalog-v1,CREATE_DRAFT,,,,,permission,permission,noun,B1,abstract-concepts,許可,,,,,,,,,,TRUE,可能性,夢,系列,增長,證據,擁有,TRUE,sorry,gap,nightmare,need,growth,truth,,,,
word-catalog-v1,CREATE_DRAFT,,,,,no way,no way,noun,B1,abstract-concepts,絕不可能,,,,,,,,,,TRUE,贊成,可能性,許可,社會不平等,愛情生活,雙重約會,TRUE,in favor,love letter,love life,blind date,double date,local government,,,,
word-catalog-v1,CREATE_DRAFT,,,,,evidence,evidence,noun,B1,abstract-concepts,證據,,,,,,,,,,TRUE,抱歉,比較,區別,差距,中間,夢,FALSE,,,,,,,,,,
word-catalog-v1,CREATE_DRAFT,,,,,gap,gap,noun,B1,abstract-concepts,差距,,,,,,,,,,TRUE,噩夢,系列,增長,擁有,抱歉,比較,TRUE,sorry,comparison,difference,nightmare,series,evidence,,,,
word-catalog-v1,CREATE_DRAFT,,,,,in favor,in favor,noun,B1,abstract-concepts,贊成,,,,,,,,,,TRUE,絕不可能,死刑,情書,盲約,血錢,聖誕樹,TRUE,no way,blood money,death penalty,christmas stocking,christmas tree,love letter,,,,
word-catalog-v1,CREATE_DRAFT,,,,,sorry,sorry,noun,B1,abstract-concepts,抱歉,,,,,,,,,,TRUE,區別,中間,另外,噩夢,夢,系列,TRUE,growth,comparison,difference,concern,nightmare,boundary,,,,
word-catalog-v1,CREATE_DRAFT,,,,,unless,unless,conjunction,B1,abstract-concepts,除非,,,,,,,,,,TRUE,只要,一會兒,自從,雖然,每當,哪裡,TRUE,provided that,while,since,once,although,that,,,,
word-catalog-v1,CREATE_DRAFT,,,,,point out,point out,phrasal_verb,B1,abstract-concepts,指出,,,,,,,,,,TRUE,繼續,致力於,放棄,有點,出發,登出,TRUE,work on,go on,give up,sort of,drop out,set out,,,,
word-catalog-v1,CREATE_DRAFT,,,,,comparison,comparison,noun,B1,abstract-concepts,比較,,,,,,,,,,TRUE,增長,擁有,區別,中間,另外,關注,FALSE,,,,,,,,,,
word-catalog-v1,CREATE_DRAFT,,,,,concern,concern,noun,B1,abstract-concepts,關注,,,,,,,,,,FALSE,,,,,,,FALSE,,,,,,,,,,
word-catalog-v1,CREATE_DRAFT,,,,,growth,growth,noun,B1,abstract-concepts,增長,,,,,,,,,,TRUE,噩夢,夢,系列,擁有,邊界,關注,FALSE,,,,,,,,,,
word-catalog-v1,CREATE_DRAFT,,,,,dream,dream,noun,B1,abstract-concepts,夢,,,,,,,,,,FALSE,,,,,,,TRUE,series,feeling,difference,growth,nightmare,plus,,,,
word-catalog-v1,CREATE_DRAFT,,,,,nightmare,nightmare,noun,B1,abstract-concepts,噩夢,,,,,,,,,,TRUE,夢,區別,中間,擁有,邊界,感覺,TRUE,series,boundary,feeling,difference,dream,concern,,,,
word-catalog-v1,CREATE_DRAFT,,,,,sort of,sort of,phrase,B1,abstract-concepts,有點,,,,,,,,,,TRUE,指出,吹滅,繼續,等待,撫養,登入,FALSE,,,,,,,,,,
word-catalog-v1,CREATE_DRAFT,,,,,difference,difference,noun,B1,abstract-concepts,區別,,,,,,,,,,TRUE,另外,系列,中間,擁有,邊界,比較,TRUE,series,boundary,feeling,nightmare,comparison,possession,,,,
word-catalog-v1,CREATE_DRAFT,,,,,series,series,noun,B1,abstract-concepts,系列,,,,,,,,,,TRUE,另外,區別,中間,邊界,抱歉,證據,FALSE,,,,,,,,,,
word-catalog-v1,CREATE_DRAFT,,,,,possession,possession,noun,B1,abstract-concepts,擁有,,,,,,,,,,FALSE,,,,,,,FALSE,,,,,,,,,,
word-catalog-v1,CREATE_DRAFT,,,,,middle,middle,noun,B1,abstract-concepts,中間,,,,,,,,,,FALSE,,,,,,,TRUE,boundary,feeling,series,plus,sorry,gap,,,,
word-catalog-v1,CREATE_DRAFT,,,,,boundary,boundary,noun,B1,abstract-concepts,邊界,,,,,,,,,,TRUE,另外,系列,中間,增長,感覺,差距,FALSE,,,,,,,,,,
word-catalog-v1,CREATE_DRAFT,,,,,feeling,feeling,noun,B1,abstract-concepts,感覺,,,,,,,,,,TRUE,另外,擁有,邊界,噩夢,區別,差距,FALSE,,,,,,,,,,
word-catalog-v1,CREATE_DRAFT,,,,,plus,plus,noun,B1,abstract-concepts,另外,,,,,,,,,,FALSE,,,,,,,TRUE,feeling,boundary,difference,growth,possession,sorry,,,,
