schema_version,requested_action,catalog_key,sense_key,record_revision,catalog_status,term,lemma,part_of_speech,level,category,definition_zh,accepted_answers_zh,prompt_en,prompt_zh,phonetic_ipa,example_en,example_zh,accepted_forms_en,synonyms_en,antonyms_en,enable_en_to_zh,distractor_zh_1,distractor_zh_2,distractor_zh_3,distractor_zh_4,distractor_zh_5,distractor_zh_6,enable_zh_to_en,distractor_en_1,distractor_en_2,distractor_en_3,distractor_en_4,distractor_en_5,distractor_en_6,source_reference,contributor_ref,change_note,retirement_reason
word-catalog-v1,CREATE_DRAFT,,,,,gadget,gadget,noun,B2,technology,小工具,,,,'gædʒit,,,,,,TRUE,設備,電池,容量,充電器,信號,進程,TRUE,device,battery,capacity,signal,generation,process,,,,
word-catalog-v1,CREATE_DRAFT,,,,,device,device,noun,B2,technology,設備,,,,di'vais,,,,,,TRUE,小工具,電池,容量,信號,內存,代,FALSE,,,,,,,,,,
word-catalog-v1,CREATE_DRAFT,,,,,mechanical,mechanical,adjective,B2,technology,機械的,,,,mi'kænikәl,,,,,,TRUE,新的,電子的,巧妙的,直觀的,最新的,過時的,TRUE,electronic,ingenious,intuitive,latest,obsolete,outdated,,,,
word-catalog-v1,CREATE_DRAFT,,,,,electronic,electronic,adjective,B2,technology,電子的,,,,.ilek'trɒnik,,,,,,TRUE,新的,機械的,巧妙的,直觀的,尖端的,虛擬,TRUE,mechanical,ingenious,intuitive,latest,novel,cutting-edge,,,,
word-catalog-v1,CREATE_DRAFT,,,,,ingenious,ingenious,adjective,B2,technology,巧妙的,,,,in'dʒi:njәs,,,,,,TRUE,新的,電子的,機械的,最新的,尖端的,主動的,TRUE,electronic,mechanical,obsolete,intuitive,novel,virtual,,,,
word-catalog-v1,CREATE_DRAFT,,,,,intuitive,intuitive,adjective,B2,technology,直觀的,,,,in'tju:itiv,,,,,,TRUE,新的,過時的,巧妙的,機械的,客觀的,主觀的,TRUE,outdated,ingenious,latest,mechanical,virtual,active,,,,
word-catalog-v1,CREATE_DRAFT,,,,,latest,latest,adjective,B2,technology,最新的,,,,'leitist,,,,,,TRUE,新的,直觀的,過時的,機械的,被動的,語法的,TRUE,obsolete,outdated,electronic,novel,cutting-edge,passive,,,,
word-catalog-v1,CREATE_DRAFT,,,,,obsolete,obsolete,adjective,B2,technology,過時的,,,,'ɒbsәli:t,,,,,,TRUE,新的,最新的,電子的,虛擬,條件的,完成的,FALSE,,,,,,,,,,
word-catalog-v1,CREATE_DRAFT,,,,,outdated,outdated,adjective,B2,technology,過時的,,,,.aut'deitid,,,,,,TRUE,新的,最新的,直觀的,機械的,外部的,分析的,FALSE,,,,,,,,,,
word-catalog-v1,CREATE_DRAFT,,,,,novel,novel,adjective,B2,technology,新的,,,,'nɒvl,,,,,,TRUE,最新的,過時的,巧妙的,機械的,尖端的,比較的,TRUE,outdated,obsolete,latest,mechanical,cutting-edge,grammatical,,,,
word-catalog-v1,CREATE_DRAFT,,,,,power,power,verb,B2,technology,供電,,,,'pauә,,,,,,TRUE,充電,耗盡,啟動,更新,編碼,崩潰,TRUE,charge,recharge,drain,boot,update,code,,,,
word-catalog-v1,CREATE_DRAFT,,,,,charge,charge,verb,B2,technology,充電,,,,tʃɑ:dʒ,,,,,,FALSE,,,,,,,FALSE,,,,,,,,,,
word-catalog-v1,CREATE_DRAFT,,,,,recharge,recharge,verb,B2,technology,充電,,,,riː'tʃɑːdʒ,,,,,,TRUE,供電,耗盡,啟動,更新,導入,導出,FALSE,,,,,,,,,,
word-catalog-v1,CREATE_DRAFT,,,,,drain,drain,verb,B2,technology,耗盡,,,,drein,,,,,,TRUE,充電,供電,啟動,更新,聯網,處理,TRUE,power,recharge,boot,charge,crash,hack,,,,
word-catalog-v1,CREATE_DRAFT,,,,,boot,boot,verb,B2,technology,啟動,,,,bu:t,,,,,,TRUE,耗盡,充電,供電,更新,選擇,黑客攻擊,FALSE,,,,,,,,,,
word-catalog-v1,CREATE_DRAFT,,,,,start up,start up,phrasal_verb,B2,technology,啟動,,,,stɑːrt,,,,,,TRUE,關閉,回電,切斷,稍等,掛斷,轉接,FALSE,,,,,,,,,,
word-catalog-v1,CREATE_DRAFT,,,,,shut down,shut down,phrasal_verb,B2,technology,關閉,,,,'ʃʌtd'aʊn,,,,,,TRUE,啟動,總結,回電,切斷,稍等,打電話,FALSE,,,,,,,,,,
word-catalog-v1,CREATE_DRAFT,,,,,update,update,verb,B2,technology,更新,,,,ʌp'deɪt,,,,,,TRUE,耗盡,充電,啟動,供電,發射,引用,TRUE,drain,boot,power,recharge,import,export,,,,
word-catalog-v1,CREATE_DRAFT,,,,,battery,battery,noun,B2,technology,電池,,,,'bætәri,,,,,,TRUE,充電器,容量,進程,屏幕,內存,代,TRUE,capacity,signal,charger,generation,memory,screen,,,,
word-catalog-v1,CREATE_DRAFT,,,,,capacity,capacity,noun,B2,technology,容量,,,,kә'pæsiti,,,,,,TRUE,電池,信號,進程,屏幕,內存,控制器,TRUE,battery,process,signal,charger,controller,memory,,,,
word-catalog-v1,CREATE_DRAFT,,,,,signal,signal,noun,B2,technology,信號,,,,'signl,,,,,,TRUE,容量,電池,進程,代,顯微鏡,控制器,TRUE,capacity,generation,battery,screen,microscope,controller,,,,
word-catalog-v1,CREATE_DRAFT,,,,,generation,generation,noun,B2,technology,代,,,,.dʒenә'reiʃәn,,,,,,TRUE,信號,屏幕,內存,充電器,指南針,顯微鏡,TRUE,process,charger,memory,compass,screen,microscope,,,,
word-catalog-v1,CREATE_DRAFT,,,,,process,process,noun,B2,technology,進程,,,,'prɒses,,,,,,FALSE,,,,,,,TRUE,drone,generation,charger,controller,signal,compass,,,,
word-catalog-v1,CREATE_DRAFT,,,,,charger,charger,noun,B2,technology,充電器,,,,'tʃɑ:dʒә,,,,,,TRUE,電池,控制器,無人機,指南針,顯微鏡,觸摸屏,TRUE,process,memory,screen,drone,touchscreen,controller,,,,
word-catalog-v1,CREATE_DRAFT,,,,,memory,memory,noun,B2,technology,內存,,,,'memәri,,,,,,TRUE,屏幕,進程,充電器,無人機,控制器,指南針,TRUE,microscope,compass,charger,drone,touchscreen,capacity,,,,
word-catalog-v1,CREATE_DRAFT,,,,,screen,screen,noun,B2,technology,屏幕,,,,skri:n,,,,,,FALSE,,,,,,,TRUE,microscope,memory,controller,compass,drone,battery,,,,
word-catalog-v1,CREATE_DRAFT,,,,,controller,controller,noun,B2,technology,控制器,,,,kәn'trәulә,,,,,,TRUE,充電器,顯微鏡,無人機,觸摸屏,屏幕,代,TRUE,screen,microscope,touchscreen,process,generation,signal,,,,
word-catalog-v1,CREATE_DRAFT,,,,,control panel,control panel,noun,B2,technology,控制面板,,,,kənˈtroʊl ˌpæn.əl,,,,,,TRUE,放大鏡,人工智能,虛擬現實,文件名,滑鼠墊,專有名詞,TRUE,magnifying glass,artificial intelligence,virtual reality,file name,mouse pad,auxiliary verb,,,,
word-catalog-v1,CREATE_DRAFT,,,,,microscope,microscope,noun,B2,technology,顯微鏡,,,,'maikrәuskәup,,,,,,TRUE,指南針,無人機,觸摸屏,充電器,內存,容量,TRUE,compass,drone,touchscreen,controller,gadget,device,,,,
word-catalog-v1,CREATE_DRAFT,,,,,magnifying glass,magnifying glass,noun,B2,technology,放大鏡,,,,ˈmæɡ.nə.faɪ.ɪŋ ˌɡlæs,,,,,,TRUE,控制面板,文件名,滑鼠墊,人工智能,顯微鏡,助動詞,TRUE,control panel,artificial intelligence,virtual reality,file name,proper noun,past participle,,,,
word-catalog-v1,CREATE_DRAFT,,,,,compass,compass,noun,B2,technology,指南針,,,,'kʌmpәs,,,,,,TRUE,無人機,觸摸屏,控制器,屏幕,內存,小工具,TRUE,drone,touchscreen,microscope,screen,battery,gadget,,,,
word-catalog-v1,CREATE_DRAFT,,,,,drone,drone,noun,B2,technology,無人機,,,,drәun,,,,,,TRUE,指南針,觸摸屏,顯微鏡,充電器,進程,小工具,TRUE,compass,touchscreen,microscope,memory,generation,device,,,,
word-catalog-v1,CREATE_DRAFT,,,,,cutting-edge,cutting-edge,adjective,B2,technology,尖端的,,,,ˈkʌtɪŋ edʒ,,,,,,TRUE,新的,過時的,電子的,機械的,虛擬,反對的,TRUE,novel,outdated,intuitive,obsolete,conditional,perfect,,,,
word-catalog-v1,CREATE_DRAFT,,,,,off,off,particle,B2,technology,關閉,,,,ɒf,,,,,,FALSE,,,,,,,FALSE,,,,,,,,,,
word-catalog-v1,CREATE_DRAFT,,,,,touchscreen,touchscreen,noun,B2,technology,觸摸屏,,,,tʌtʃɪzk'ri:n,,,,,,TRUE,屏幕,無人機,指南針,顯微鏡,容量,設備,TRUE,drone,compass,controller,screen,capacity,programming,,,,
word-catalog-v1,CREATE_DRAFT,,,,,breed,breed,noun,B2,animals-plants,品種,,,,bri:d,,,,,,FALSE,,,,,,,TRUE,cage,species,territory,owl,ape,cheetah,,,,
word-catalog-v1,CREATE_DRAFT,,,,,breed,breed,verb,B2,animals-plants,繁殖,,,,bri:d,,,,,,FALSE,,,,,,,TRUE,bark,chain,lay,mate,trap,bloom,,,,
word-catalog-v1,CREATE_DRAFT,,,,,cage,cage,noun,B2,animals-plants,籠子,,,,keidʒ,,,,,,TRUE,爪子,物種,品種,領地,獵豹,貓頭鷹,TRUE,breed,species,territory,owl,leopard,puppy,,,,
word-catalog-v1,CREATE_DRAFT,,,,,species,species,noun,B2,animals-plants,物種,,,,'spi:ʃiz,,,,,,TRUE,品種,哺乳動物,爬行動物,野生動物,籠子,領地,TRUE,cage,breed,territory,ape,reindeer,leopard,,,,
word-catalog-v1,CREATE_DRAFT,,,,,territory,territory,noun,B2,animals-plants,領地,,,,'teritәri,,,,,,FALSE,,,,,,,TRUE,species,cheetah,cage,squirrel,puppy,tortoise,,,,
word-catalog-v1,CREATE_DRAFT,,,,,polar bear,polar bear,noun,B2,animals-plants,北極熊,,,,ˌpoʊ.lɚ ˈber,,,,,,TRUE,垂柳,北極光,替代能源,沙塵暴,旱季,甘蔗,TRUE,weeping willow,northern lights,alternative energy,dry season,dust storm,sugar cane,,,,
word-catalog-v1,CREATE_DRAFT,,,,,owl,owl,noun,B2,animals-plants,貓頭鷹,,,,aul,,,,,,TRUE,小狗,獵豹,猿,馴鹿,物種,松鼠,TRUE,ape,cheetah,reindeer,feather,leopard,squirrel,,,,
word-catalog-v1,CREATE_DRAFT,,,,,ape,ape,noun,B2,animals-plants,猿,,,,eip,,,,,,TRUE,豹,小狗,烏龜,獵豹,馴鹿,羽毛,TRUE,owl,paw,puppy,tortoise,venom,cheetah,,,,
word-catalog-v1,CREATE_DRAFT,,,,,cheetah,cheetah,noun,B2,animals-plants,獵豹,,,,'tʃi:tә,,,,,,TRUE,豹,松鼠,小狗,猿,烏龜,毒液,TRUE,reindeer,feather,ape,paw,owl,puppy,,,,
word-catalog-v1,CREATE_DRAFT,,,,,leopard,leopard,noun,B2,animals-plants,豹,,,,'lepәd,,,,,,TRUE,獵豹,猿,馴鹿,羽毛,群,爪子,TRUE,squirrel,tortoise,venom,reindeer,feather,paw,,,,
word-catalog-v1,CREATE_DRAFT,,,,,puppy,puppy,noun,B2,animals-plants,小狗,,,,'pʌpi,,,,,,TRUE,松鼠,烏龜,毒液,馴鹿,羽毛,爪子,TRUE,leopard,squirrel,pack,tortoise,venom,cheetah,,,,
word-catalog-v1,CREATE_DRAFT,,,,,reindeer,reindeer,noun,B2,animals-plants,馴鹿,,,,'rein.diә,,,,,,TRUE,小狗,松鼠,烏龜,羽毛,籠子,貓頭鷹,TRUE,feather,puppy,squirrel,paw,pack,mammal,,,,
word-catalog-v1,CREATE_DRAFT,,,,,squirrel,squirrel,noun,B2,animals-plants,松鼠,,,,'skwә:rәl,,,,,,TRUE,毒液,爪子,馴鹿,豹,小狗,領地,TRUE,reindeer,tortoise,venom,reptile,leopard,mammal,,,,
word-catalog-v1,CREATE_DRAFT,,,,,tortoise,tortoise,noun,B2,animals-plants,烏龜,,,,'tɒ:tәs,,,,,,TRUE,毒液,松鼠,羽毛,群,物種,獵豹,FALSE,,,,,,,,,,
word-catalog-v1,CREATE_DRAFT,,,,,feather,feather,noun,B2,animals-plants,羽毛,,,,'feðә,,,,,,TRUE,烏龜,爪子,毒液,群,豹,籠子,TRUE,paw,pack,wildlife,venom,reptile,tortoise,,,,
word-catalog-v1,CREATE_DRAFT,,,,,paw,paw,noun,B2,animals-plants,爪子,,,,pɒ:,,,,,,TRUE,籠子,羽毛,毒液,烏龜,領地,哺乳動物,TRUE,feather,pack,mammal,wildlife,venom,reindeer,,,,
word-catalog-v1,CREATE_DRAFT,,,,,venom,venom,noun,B2,animals-plants,毒液,,,,'venәm,,,,,,TRUE,爪子,群,松鼠,羽毛,貓頭鷹,爬行動物,TRUE,reptile,paw,feather,pack,ape,territory,,,,
word-catalog-v1,CREATE_DRAFT,,,,,bark,bark,verb,B2,animals-plants,吠,,,,bɑ:k,,,,,,TRUE,產卵,交配,誘捕,用鏈條鎖住,繁殖,開花,TRUE,chain,lay,mate,breed,blossom,float,,,,
word-catalog-v1,CREATE_DRAFT,,,,,chain,chain,verb,B2,animals-plants,用鏈條鎖住,,,,tʃein,,,,,,TRUE,產卵,交配,吠,誘捕,漂浮,保存,TRUE,bark,lay,mate,breed,preserve,flash,,,,
word-catalog-v1,CREATE_DRAFT,,,,,lay,lay,verb,B2,animals-plants,產卵,,,,lei,,,,,,TRUE,交配,吠,誘捕,用鏈條鎖住,閃爍,收穫,TRUE,chain,bark,mate,breed,dig,harness,,,,
word-catalog-v1,CREATE_DRAFT,,,,,mate,mate,verb,B2,animals-plants,交配,,,,meit,,,,,,TRUE,產卵,吠,誘捕,用鏈條鎖住,裝載,打包,TRUE,trap,lay,chain,breed,preserve,harvest,,,,
word-catalog-v1,CREATE_DRAFT,,,,,pack,pack,noun,B2,animals-plants,群,,,,pæk,,,,,,TRUE,哺乳動物,野生動物,爬行動物,猿,豹,毒液,TRUE,mammal,wildlife,reptile,venom,squirrel,puppy,,,,
word-catalog-v1,CREATE_DRAFT,,,,,domestic,domestic,adjective,B2,animals-plants,馴養的,,,,dәu'mestik,,,,,,TRUE,滅絕的,太陽的,月亮的,火山的,漆黑的,不可再生的,TRUE,extinct,solar,lunar,volcanic,nonrenewable,hydroelectric,,,,
word-catalog-v1,CREATE_DRAFT,,,,,extinct,extinct,adjective,B2,animals-plants,滅絕的,,,,ik'stiŋkt,,,,,,TRUE,馴養的,太陽的,月亮的,火山的,水力發電的,下降的,TRUE,domestic,solar,lunar,volcanic,pitch-black,airless,,,,
word-catalog-v1,CREATE_DRAFT,,,,,mammal,mammal,noun,B2,animals-plants,哺乳動物,,,,mæmәl,,,,,,TRUE,野生動物,爬行動物,物種,群,貓頭鷹,馴鹿,TRUE,wildlife,reptile,pack,feather,squirrel,leopard,,,,
word-catalog-v1,CREATE_DRAFT,,,,,reptile,reptile,noun,B2,animals-plants,爬行動物,,,,'reptail,,,,,,TRUE,哺乳動物,野生動物,物種,群,爪子,毒液,TRUE,mammal,wildlife,pack,paw,owl,species,,,,
word-catalog-v1,CREATE_DRAFT,,,,,trap,trap,verb,B2,animals-plants,誘捕,,,,træp,,,,,,TRUE,交配,產卵,吠,繁殖,堆積,閃爍,TRUE,mate,bark,lay,blossom,keep,load,,,,
word-catalog-v1,CREATE_DRAFT,,,,,wildlife,wildlife,noun,B2,animals-plants,野生動物,,,,'waildlaif,,,,,,TRUE,爬行動物,哺乳動物,物種,群,烏龜,小狗,TRUE,reptile,mammal,pack,venom,cheetah,cage,,,,
word-catalog-v1,CREATE_DRAFT,,,,,apron,apron,noun,B2,clothing-appearance,圍裙,,,,'eiprәn,,,,,,TRUE,迷你裙,徽章,浴袍,頭盔,面具,比基尼,TRUE,badge,bathrobe,bikini,cardigan,helmet,mask,,,,
word-catalog-v1,CREATE_DRAFT,,,,,badge,badge,noun,B2,clothing-appearance,徽章,,,,bædʒ,,,,,,TRUE,圍裙,浴袍,頭盔,面具,毛衣,涼鞋,FALSE,,,,,,,,,,
word-catalog-v1,CREATE_DRAFT,,,,,bathrobe,bathrobe,noun,B2,clothing-appearance,浴袍,,,,'bɑ:θrәub,,,,,,TRUE,徽章,圍裙,比基尼,頭盔,背心,毛衣,TRUE,apron,badge,bikini,cardigan,masquerade,miniskirt,,,,
word-catalog-v1,CREATE_DRAFT,,,,,bikini,bikini,noun,B2,clothing-appearance,比基尼,,,,bi'ki:ni,,,,,,TRUE,開襟毛衣,迷你裙,化裝舞會,浴袍,徽章,圍裙,TRUE,bathrobe,helmet,apron,mask,jersey,masquerade,,,,
word-catalog-v1,CREATE_DRAFT,,,,,cardigan,cardigan,noun,B2,clothing-appearance,開襟毛衣,,,,'kɑ:digәn,,,,,,TRUE,毛衣,衣櫃,化裝舞會,比基尼,迷你裙,面具,TRUE,sandal,bikini,helmet,miniskirt,vest,bathrobe,,,,
word-catalog-v1,CREATE_DRAFT,,,,,helmet,helmet,noun,B2,clothing-appearance,頭盔,,,,'helmit,,,,,,TRUE,織物,涼鞋,蕾絲,背心,襯裡,面具,TRUE,cardigan,mask,jersey,fabric,masquerade,sandal,,,,
word-catalog-v1,CREATE_DRAFT,,,,,mask,mask,noun,B2,clothing-appearance,面具,,,,mæsk,,,,,,TRUE,織物,絲綢,頭盔,涼鞋,蕾絲,兜帽,TRUE,lace,miniskirt,vest,lining,jersey,fabric,,,,
word-catalog-v1,CREATE_DRAFT,,,,,masquerade,masquerade,noun,B2,clothing-appearance,化裝舞會,,,,.mɑ:skә'reid,,,,,,TRUE,服裝,開襟毛衣,迷你裙,模特兒工作,比基尼,背心,TRUE,silk,sandal,lace,hood,mask,miniskirt,,,,
word-catalog-v1,CREATE_DRAFT,,,,,miniskirt,miniskirt,noun,B2,clothing-appearance,迷你裙,,,,'mɪni:sk'ɜ:t,,,,,,TRUE,圍裙,化裝舞會,襯裡,拉鏈,毛衣,開襟毛衣,TRUE,vest,lining,zipper,masquerade,jersey,silk,,,,
word-catalog-v1,CREATE_DRAFT,,,,,jersey,jersey,noun,B2,clothing-appearance,毛衣,,,,'dʒә:zi,,,,,,TRUE,開襟毛衣,衣櫃,織物,絲綢,系列,涼鞋,FALSE,,,,,,,,,,
word-catalog-v1,CREATE_DRAFT,,,,,sandal,sandal,noun,B2,clothing-appearance,涼鞋,,,,'sændl,,,,,,TRUE,蕾絲,兜帽,背心,襯裡,拉鏈,絲綢,TRUE,fabric,collection,lace,hood,modeling,vest,,,,
word-catalog-v1,CREATE_DRAFT,,,,,vest,vest,noun,B2,clothing-appearance,背心,,,,vest,,,,,,TRUE,織物,系列,蕾絲,兜帽,襯裡,服裝,TRUE,lining,zipper,outfit,sandal,fabric,silk,,,,
word-catalog-v1,CREATE_DRAFT,,,,,fabric,fabric,noun,B2,clothing-appearance,織物,,,,'fæbrik,,,,,,TRUE,拉鏈,絲綢,系列,背心,涼鞋,服裝,TRUE,collection,wardrobe,lace,hood,lining,zipper,,,,
word-catalog-v1,CREATE_DRAFT,,,,,lace,lace,noun,B2,clothing-appearance,蕾絲,,,,leis,,,,,,TRUE,絲綢,兜帽,織物,襯裡,衣櫃,毛衣,TRUE,modeling,outfit,silk,collection,wardrobe,hood,,,,
word-catalog-v1,CREATE_DRAFT,,,,,lining,lining,noun,B2,clothing-appearance,襯裡,,,,'lainiŋ,,,,,,TRUE,拉鏈,蕾絲,系列,兜帽,衣櫃,涼鞋,TRUE,modeling,zipper,outfit,lace,silk,vest,,,,
word-catalog-v1,CREATE_DRAFT,,,,,silk,silk,noun,B2,clothing-appearance,絲綢,,,,silk,,,,,,TRUE,蕾絲,拉鏈,服裝,系列,模特兒工作,毛衣,TRUE,collection,wardrobe,lining,modeling,fabric,sandal,,,,
word-catalog-v1,CREATE_DRAFT,,,,,hood,hood,noun,B2,clothing-appearance,兜帽,,,,hʊd,,,,,,FALSE,,,,,,,TRUE,zipper,outfit,collection,wardrobe,fabric,jersey,,,,
word-catalog-v1,CREATE_DRAFT,,,,,zipper,zipper,noun,B2,clothing-appearance,拉鏈,,,,'zipә,,,,,,TRUE,服裝,兜帽,系列,衣櫃,絲綢,模特兒工作,TRUE,hood,modeling,outfit,lining,lace,miniskirt,,,,
word-catalog-v1,CREATE_DRAFT,,,,,collection,collection,noun,B2,clothing-appearance,系列,,,,kә'lekʃәn,,,,,,TRUE,拉鏈,服裝,衣櫃,襯裡,兜帽,面具,FALSE,,,,,,,,,,
word-catalog-v1,CREATE_DRAFT,,,,,modeling,modeling,noun,B2,clothing-appearance,模特兒工作,建模,,,'mɔdliŋ,,,,,,TRUE,化裝舞會,系列,服裝,開襟毛衣,迷你裙,拉鏈,FALSE,,,,,,,,,,
word-catalog-v1,CREATE_DRAFT,,,,,outfit,outfit,noun,B2,clothing-appearance,服裝,,,,'autfit,,,,,,TRUE,化裝舞會,衣櫃,模特兒工作,系列,織物,拉鏈,FALSE,,,,,,,,,,
word-catalog-v1,CREATE_DRAFT,,,,,wardrobe,wardrobe,noun,B2,clothing-appearance,衣櫃,,,,'wɒ:drәub,,,,,,TRUE,毛衣,開襟毛衣,服裝,絲綢,襯裡,背心,FALSE,,,,,,,,,,
word-catalog-v1,CREATE_DRAFT,,,,,dress up,dress up,phrasal_verb,B2,clothing-appearance,盛裝打扮,,,,dres,,,,,,TRUE,匹配,出軌,忠於,像,關閉,逃脫懲罰,TRUE,match,start up,hook up,pull up,sober up,call up,,,,
word-catalog-v1,CREATE_DRAFT,,,,,match,match,verb,B2,clothing-appearance,匹配,,,,mætʃ,,,,,,TRUE,染,簡單,休閒的,迷人的,運動的,條紋的,TRUE,dye,casual,glamorous,plain,sporty,striped,,,,
word-catalog-v1,CREATE_DRAFT,,,,,casual,casual,adjective,B2,clothing-appearance,休閒的,非正式的,,,'kæʒjuәl,,,,,,TRUE,相配的,迷人的,時尚的,運動的,條紋的,羊毛的,FALSE,,,,,,,,,,
word-catalog-v1,CREATE_DRAFT,,,,,glamorous,glamorous,adjective,B2,clothing-appearance,迷人的,,,,'glæmәrәs,,,,,,TRUE,休閒的,相配的,時尚的,運動的,脫了衣服的,簡單,TRUE,matching,casual,plain,stylish,sporty,undressed,,,,
word-catalog-v1,CREATE_DRAFT,,,,,matching,matching,adjective,B2,clothing-appearance,相配的,,,,'mætʃiŋ,,,,,,TRUE,迷人的,休閒的,條紋的,羊毛的,脫了衣服的,尖的,TRUE,glamorous,striped,wooly,plain,stylish,undressed,,,,
word-catalog-v1,CREATE_DRAFT,,,,,plain,plain,adjective,B2,clothing-appearance,簡單,,,,plein,,,,,,TRUE,相配的,時尚的,運動的,盲的,寬的,整個,FALSE,,,,,,,,,,
word-catalog-v1,CREATE_DRAFT,,,,,sporty,sporty,adjective,B2,clothing-appearance,運動的,,,,'spɔ:ti,,,,,,TRUE,條紋的,羊毛的,相配的,休閒的,簡單,粘的,FALSE,,,,,,,,,,
word-catalog-v1,CREATE_DRAFT,,,,,striped,striped,adjective,B2,clothing-appearance,條紋的,,,,straipt,,,,,,TRUE,時尚的,羊毛的,運動的,休閒的,硬的,尖的,TRUE,matching,wooly,sporty,stylish,glamorous,curved,,,,
word-catalog-v1,CREATE_DRAFT,,,,,stylish,stylish,adjective,B2,clothing-appearance,時尚的,,,,'stailiʃ,,,,,,TRUE,條紋的,羊毛的,迷人的,簡單,盲的,寬的,FALSE,,,,,,,,,,
word-catalog-v1,CREATE_DRAFT,,,,,undressed,undressed,adjective,B2,clothing-appearance,脫了衣服的,,,,'ʌn'drest,,,,,,TRUE,時尚的,羊毛的,條紋的,休閒的,彎曲的,水平的,TRUE,wooly,striped,stylish,matching,casual,horizontal,,,,
word-catalog-v1,CREATE_DRAFT,,,,,wooly,wooly,adjective,B2,clothing-appearance,羊毛的,,,,'wuli,,,,,,TRUE,時尚的,相配的,運動的,粘的,硬的,垂直的,TRUE,undressed,striped,sporty,stylish,vertical,parallel,,,,
word-catalog-v1,CREATE_DRAFT,,,,,affair,affair,noun,B2,people-family,婚外情,,,,ә'fєә,,,,,,TRUE,離婚,紐帶,家庭,血統,祖先,前任,TRUE,bond,household,divorce,lineage,ancestor,ex,,,,
word-catalog-v1,CREATE_DRAFT,,,,,bond,bond,noun,B2,people-family,紐帶,,,,bɒnd,,,,,,TRUE,家庭,離婚,婚外情,血統,父母,岳父母,TRUE,affair,household,divorce,lineage,folks,in-law,,,,
word-catalog-v1,CREATE_DRAFT,,,,,household,household,noun,B2,people-family,家庭,,,,'haushәuld,,,,,,TRUE,紐帶,祖先,離婚,婚外情,父母,繼女,TRUE,bond,affair,ancestor,divorce,folks,sibling,,,,
word-catalog-v1,CREATE_DRAFT,,,,,divorce,divorce,noun,B2,people-family,離婚,,,,di'vɒ:s,,,,,,TRUE,婚外情,前任,家庭,血統,繼父,繼兄弟,TRUE,ex,household,lineage,affair,stepbrother,stepchild,,,,
word-catalog-v1,CREATE_DRAFT,,,,,lineage,lineage,noun,B2,people-family,血統,,,,'liniidʒ,,,,,,TRUE,祖先,前任,紐帶,父母,繼母,岳父母,TRUE,ancestor,ex,bond,folks,in-law,stepdaughter,,,,
word-catalog-v1,CREATE_DRAFT,,,,,ancestor,ancestor,noun,B2,people-family,祖先,,,,'ænsestә,,,,,,TRUE,血統,前任,離婚,父母,繼女,繼子女,TRUE,lineage,ex,sibling,divorce,stepbrother,stepfather,,,,
word-catalog-v1,CREATE_DRAFT,,,,,ex,ex,noun,B2,people-family,前任,,,,eks,,,,,,TRUE,祖先,家庭,繼父,繼子,血統,父母,TRUE,ancestor,folks,in-law,stepchild,stepmother,sibling,,,,
word-catalog-v1,CREATE_DRAFT,,,,,extended family,extended family,adjective,B2,people-family,大家庭,,,,iksˈtendid ˈfæmili,,,,,,TRUE,受夠了,緊密的,兄弟般的,懷孕的,養父母,同卵雙胞胎,TRUE,fed up,brotherly,close-knit,pregnant,foster parent,identical twin,,,,
word-catalog-v1,CREATE_DRAFT,,,,,folks,folks,noun,B2,people-family,父母,,,,foʊks,,,,,,TRUE,岳父母,繼母,繼父,繼兄弟,分居,兄弟姐妹,TRUE,stepdaughter,stepsister,stepbrother,stepfather,stepson,in-law,,,,
word-catalog-v1,CREATE_DRAFT,,,,,foster parent,foster parent,noun,B2,people-family,養父母,,,,ˈfɑː.stɚ ˌper.ənt,,,,,,TRUE,同卵雙胞胎,單身派對,伴郎,花童,訂婚戒指,結婚戒指,TRUE,identical twin,bachelor party,bachelorette party,best man,flower girl,engagement ring,,,,
word-catalog-v1,CREATE_DRAFT,,,,,identical twin,identical twin,noun,B2,people-family,同卵雙胞胎,,,,aiˈdentikəl twin,,,,,,TRUE,養父母,單身女郎派對,單身派對,訂婚戒指,結婚戒指,婚紗,TRUE,foster parent,wedding ring,wedding gown,dance floor,bachelor party,bachelorette party,,,,
word-catalog-v1,CREATE_DRAFT,,,,,in-law,in-law,noun,B2,people-family,岳父母,,,,in'lɔ:,,,,,,TRUE,父母,繼母,繼父,繼子女,繼姐妹,繼兄弟,FALSE,,,,,,,,,,
word-catalog-v1,CREATE_DRAFT,,,,,sibling,sibling,noun,B2,people-family,兄弟姐妹,,,,'sibliŋ,,,,,,TRUE,繼姐妹,繼兄弟,繼子女,岳父母,繼女,收養,TRUE,stepchild,stepmother,separation,stepdaughter,stepsister,adoption,,,,
word-catalog-v1,CREATE_DRAFT,,,,,stepbrother,stepbrother,noun,B2,people-family,繼兄弟,,,,'stepbrʌðә,,,,,,TRUE,兄弟姐妹,繼子,繼女,繼母,繼父,繼子女,TRUE,stepfather,stepson,sibling,stepchild,stepmother,separation,,,,
word-catalog-v1,CREATE_DRAFT,,,,,stepchild,stepchild,noun,B2,people-family,繼子女,,,,'steptʃaild,,,,,,TRUE,繼子,繼女,繼母,繼姐妹,繼兄弟,分居,TRUE,stepbrother,stepdaughter,stepsister,adoption,sibling,folks,,,,
word-catalog-v1,CREATE_DRAFT,,,,,stepdaughter,stepdaughter,noun,B2,people-family,繼女,,,,"'step,dɔ:tә",,,,,,TRUE,繼子女,繼子,繼父,繼姐妹,收養,分居,TRUE,stepfather,stepson,stepmother,stepsister,adoption,ex,,,,
word-catalog-v1,CREATE_DRAFT,,,,,stepfather,stepfather,noun,B2,people-family,繼父,,,,"'step,fɑ:ðә",,,,,,TRUE,繼子,繼女,繼母,父母,岳父母,收養,TRUE,separation,stepson,stepdaughter,stepmother,stepbrother,folks,,,,
word-catalog-v1,CREATE_DRAFT,,,,,stepmother,stepmother,noun,B2,people-family,繼母,,,,'step'mʌðə,,,,,,TRUE,繼子,繼父,繼女,父母,繼姐妹,前任,TRUE,separation,stepfather,stepsister,adoption,in-law,sibling,,,,
word-catalog-v1,CREATE_DRAFT,,,,,stepsister,stepsister,noun,B2,people-family,繼姐妹,,,,'stepsistә,,,,,,TRUE,兄弟姐妹,繼母,繼子,繼兄弟,收養,婚外情,TRUE,stepson,separation,adoption,stepmother,in-law,ancestor,,,,
word-catalog-v1,CREATE_DRAFT,,,,,stepson,stepson,noun,B2,people-family,繼子,,,,'stepsʌn,,,,,,TRUE,繼子女,繼母,繼父,分居,祖先,紐帶,TRUE,stepsister,separation,adoption,stepbrother,household,lineage,,,,
word-catalog-v1,CREATE_DRAFT,,,,,separation,separation,noun,B2,people-family,分居,,,,.sepә'reiʃәn,,,,,,TRUE,收養,繼姐妹,繼子,兄弟姐妹,繼女,離婚,TRUE,stepson,stepchild,adoption,stepfather,stepdaughter,bond,,,,
word-catalog-v1,CREATE_DRAFT,,,,,adoption,adoption,noun,B2,people-family,收養,,,,ә'dɒpʃәn,,,,,,TRUE,分居,繼姐妹,繼子,岳父母,兄弟姐妹,前任,FALSE,,,,,,,,,,
word-catalog-v1,CREATE_DRAFT,,,,,brotherly,brotherly,adjective,B2,people-family,兄弟般的,,,,'brʌðәli,,,,,,TRUE,緊密的,懷孕的,富有的,高級的,初級的,經濟的,TRUE,close-knit,pregnant,wealthy,senior,junior,economic,,,,
word-catalog-v1,CREATE_DRAFT,,,,,close-knit,close-knit,adjective,B2,people-family,緊密的,,,,ˌkloʊsˈnɪt,,,,,,TRUE,兄弟般的,懷孕的,富有的,高級的,傲慢的,大膽的,FALSE,,,,,,,,,,
word-catalog-v1,CREATE_DRAFT,,,,,adopt,adopt,verb,B2,people-family,收養,,,,ә'dɒpt,,,,,,TRUE,繼承,私奔,建立,資助,製造,運送,FALSE,,,,,,,,,,
word-catalog-v1,CREATE_DRAFT,,,,,cheat on,cheat on,phrasal_verb,B2,people-family,出軌,,,,tʃi:t ɔn,,,,,,TRUE,忠於,像,留出,下降,還清,約出去,TRUE,stand by,take after,live on,come down,pay off,set aside,,,,
word-catalog-v1,CREATE_DRAFT,,,,,inherit,inherit,verb,B2,people-family,繼承,,,,in'herit,,,,,,TRUE,收養,私奔,贊助,建立,資助,簽訂合同,TRUE,adopt,elope,contract,establish,found,fund,,,,
word-catalog-v1,CREATE_DRAFT,,,,,stand by,stand by,phrasal_verb,B2,people-family,忠於,,,,'stændbai,,,,,,TRUE,出軌,像,下降,還清,靠……生活,詐騙,TRUE,cheat on,take after,come down,live on,rip off,run out,,,,
word-catalog-v1,CREATE_DRAFT,,,,,take after,take after,phrasal_verb,B2,people-family,像,,,,,,,,,,TRUE,忠於,出軌,留出,下降,靠……生活,用完,FALSE,,,,,,,,,,
word-catalog-v1,CREATE_DRAFT,,,,,artwork,artwork,noun,B2,arts-culture-media,插圖,,,,'ɑ:twә:k,,,,,,TRUE,前景,傑作,展覽,收藏家,色調,墨水,FALSE,,,,,,,,,,
word-catalog-v1,CREATE_DRAFT,,,,,foreground,foreground,noun,B2,arts-culture-media,前景,,,,'fɒ:graund,,,,,,TRUE,插圖,傑作,展覽,收藏家,自畫像,水彩畫,TRUE,artwork,collector,masterpiece,exhibit,self-portrait,shade,,,,
word-catalog-v1,CREATE_DRAFT,,,,,collector,collector,noun,B2,arts-culture-media,收藏家,,,,kә'lektә,,,,,,TRUE,自畫像,前景,插圖,傑作,色調,作曲家,TRUE,foreground,artwork,masterpiece,exhibit,ink,watercolor,,,,
word-catalog-v1,CREATE_DRAFT,,,,,graphic artist,graphic artist,noun,B2,arts-culture-media,平面藝術家,,,,ˌɡræfɪk ˈɑːrtɪst,,,,,,TRUE,油畫顏料,主題,演藝界,新聞發佈會,燈光工程師,原聲吉他,TRUE,subject matter,oil paint,acoustic guitar,bass guitar,grand piano,country music,,,,
word-catalog-v1,CREATE_DRAFT,,,,,masterpiece,masterpiece,noun,B2,arts-culture-media,傑作,,,,'mɑ:stәpi:s,,,,,,TRUE,展覽,墨水,前景,插圖,自畫像,製作,TRUE,collector,self-portrait,foreground,exhibit,ink,drumstick,,,,
word-catalog-v1,CREATE_DRAFT,,,,,exhibit,exhibit,noun,B2,arts-culture-media,展覽,,,,ig'zibit,,,,,,FALSE,,,,,,,FALSE,,,,,,,,,,
word-catalog-v1,CREATE_DRAFT,,,,,self-portrait,self-portrait,noun,B2,arts-culture-media,自畫像,,,,'self'pɔ:treit,,,,,,TRUE,水彩畫,收藏家,色調,墨水,插圖,魔像,TRUE,shade,masterpiece,watercolor,ink,collector,organ,,,,
word-catalog-v1,CREATE_DRAFT,,,,,subject matter,subject matter,noun,B2,arts-culture-media,主題,,,,ˈsʌbdʒikt ˈmætə,,,,,,TRUE,油畫顏料,平面藝術家,票房,音效,重金屬,歌劇院,TRUE,graphic artist,oil paint,heavy metal,opera house,record player,sound system,,,,
word-catalog-v1,CREATE_DRAFT,,,,,shade,shade,noun,B2,arts-culture-media,色調,,,,ʃeid,,,,,,TRUE,墨水,展覽,傑作,水彩畫,藍調,音調,TRUE,self-portrait,watercolor,ink,exhibit,trombone,blues,,,,
word-catalog-v1,CREATE_DRAFT,,,,,ink,ink,noun,B2,arts-culture-media,墨水,,,,iŋk,,,,,,TRUE,水彩畫,色調,展覽,自畫像,前景,鼓棒,TRUE,shade,watercolor,self-portrait,masterpiece,foreground,folk,,,,
word-catalog-v1,CREATE_DRAFT,,,,,oil paint,oil paint,noun,B2,arts-culture-media,油畫顏料,,,,ˈɔɪl ˌpeɪnt,,,,,,TRUE,平面藝術家,主題,低音吉他,三角鋼琴,鄉村音樂,音響系統,TRUE,subject matter,graphic artist,punk rock,tooth fairy,voodoo doll,news agency,,,,
word-catalog-v1,CREATE_DRAFT,,,,,watercolor,watercolor,noun,B2,arts-culture-media,水彩畫,,,,ˈwɑː.t̬ɚˌkʌl.ɚ,,,,,,TRUE,墨水,自畫像,收藏家,色調,幽默畫,管風琴,TRUE,shade,ink,self-portrait,artwork,foreground,hip-hop,,,,
word-catalog-v1,CREATE_DRAFT,,,,,abstract,abstract,adjective,B2,arts-culture-media,抽象的,,,,'æbstrækt,,,,,,TRUE,藝術的,原創的,現實的,經典的,當代的,視覺的,TRUE,artistic,original,realistic,classic,modern,contemporary,,,,
word-catalog-v1,CREATE_DRAFT,,,,,artistic,artistic,adjective,B2,arts-culture-media,藝術的,,,,ɑ:'tistik,,,,,,TRUE,抽象的,原創的,現實的,經典的,鮮豔的,現代,TRUE,abstract,original,realistic,classic,visual,vivid,,,,
word-catalog-v1,CREATE_DRAFT,,,,,original,original,adjective,B2,arts-culture-media,原創的,真正的,,,ә'ridʒәnl,,,,,,TRUE,藝術的,抽象的,現實的,當代的,鮮豔的,傳說的,TRUE,artistic,abstract,modern,realistic,visual,deafening,,,,
word-catalog-v1,CREATE_DRAFT,,,,,realistic,realistic,adjective,B2,arts-culture-media,現實的,,,,riә'listik,,,,,,TRUE,現代,原創的,經典的,視覺的,相關的,動畫的,TRUE,contemporary,original,classic,vivid,fabled,relevant,,,,
word-catalog-v1,CREATE_DRAFT,,,,,classic,classic,adjective,B2,arts-culture-media,經典的,,,,'klæsik,,,,,,TRUE,當代的,藝術的,視覺的,抽象的,現代,相關的,TRUE,modern,contemporary,artistic,visual,vivid,animated,,,,
word-catalog-v1,CREATE_DRAFT,,,,,modern,modern,adjective,B2,arts-culture-media,現代,,,,'mɒdәn,,,,,,TRUE,當代的,現實的,鮮豔的,經典的,動畫的,相關的,TRUE,classic,contemporary,realistic,visual,deafening,fabled,,,,
word-catalog-v1,CREATE_DRAFT,,,,,contemporary,contemporary,adjective,B2,arts-culture-media,當代的,,,,kәn'tempәrәri,,,,,,TRUE,現代,視覺的,鮮豔的,原創的,藝術的,傳說的,TRUE,modern,vivid,abstract,visual,relevant,fabled,,,,
word-catalog-v1,CREATE_DRAFT,,,,,visual,visual,adjective,B2,arts-culture-media,視覺的,,,,'viʒuәl,,,,,,TRUE,當代的,鮮豔的,經典的,抽象的,震耳欲聾的,主動的,TRUE,contemporary,vivid,modern,original,abstract,deafening,,,,
word-catalog-v1,CREATE_DRAFT,,,,,vivid,vivid,adjective,B2,arts-culture-media,鮮豔的,,,,'vivid,,,,,,TRUE,視覺的,當代的,現實的,抽象的,動畫的,震耳欲聾的,FALSE,,,,,,,,,,
word-catalog-v1,CREATE_DRAFT,,,,,depict,depict,verb,B2,arts-culture-media,描繪,,,,di'pikt,,,,,,TRUE,展示,展出,裝框,啟發,建模,修復,TRUE,display,frame,inspire,model,restore,exhibit,,,,
word-catalog-v1,CREATE_DRAFT,,,,,display,display,verb,B2,arts-culture-media,展示,,,,dis'plei,,,,,,TRUE,展出,描繪,裝框,啟發,作曲,指揮,FALSE,,,,,,,,,,
word-catalog-v1,CREATE_DRAFT,,,,,exhibit,exhibit,verb,B2,arts-culture-media,展出,,,,ig'zibit,,,,,,FALSE,,,,,,,TRUE,depict,display,frame,inspire,compose,conduct,,,,
word-catalog-v1,CREATE_DRAFT,,,,,frame,frame,verb,B2,arts-culture-media,裝框,,,,freim,,,,,,TRUE,展示,建模,描繪,修復,發佈,迷住,TRUE,model,depict,restore,inspire,release,bewitch,,,,
word-catalog-v1,CREATE_DRAFT,,,,,inspire,inspire,verb,B2,arts-culture-media,啟發,,,,in'spaiә,,,,,,FALSE,,,,,,,TRUE,frame,model,restore,depict,charm,curse,,,,
word-catalog-v1,CREATE_DRAFT,,,,,model,model,verb,B2,arts-culture-media,建模,,,,'mɒdәl,,,,,,FALSE,,,,,,,FALSE,,,,,,,,,,
word-catalog-v1,CREATE_DRAFT,,,,,restore,restore,verb,B2,arts-culture-media,修復,,,,ri'stɒ:,,,,,,TRUE,建模,啟發,裝框,描繪,詛咒,鬧鬼,TRUE,model,inspire,display,depict,enchant,haunt,,,,
word-catalog-v1,CREATE_DRAFT,,,,,anatomy,anatomy,noun,B2,body-health,解剖學,,,,ә'nætәmi,,,,,,TRUE,器官,動脈,細胞,心跳,頭皮,鎖骨,TRUE,artery,organ,cell,heartbeat,scalp,collarbone,,,,
word-catalog-v1,CREATE_DRAFT,,,,,organ,organ,noun,B2,body-health,器官,,,,'ɔ:ɡən,,,,,,FALSE,,,,,,,TRUE,anatomy,artery,cell,heartbeat,breast,abdomen,,,,
word-catalog-v1,CREATE_DRAFT,,,,,Adam's apple,Adam's apple,noun,B2,body-health,喉結,,,,ˌæd.əmz ˈæp.əl,,,,,,TRUE,腎結石,血管,肚臍,消化系統,免疫系統,大腳趾,TRUE,blood vessel,digestive system,immune system,belly button,big toe,kidney stone,,,,
word-catalog-v1,CREATE_DRAFT,,,,,artery,artery,noun,B2,body-health,動脈,,,,'ɑ:tәri,,,,,,TRUE,靜脈,器官,細胞,心跳,胸部,腹部,TRUE,anatomy,scalp,organ,cell,breast,belly,,,,
word-catalog-v1,CREATE_DRAFT,,,,,blood vessel,blood vessel,noun,B2,body-health,血管,,,,ˈblʌd ˌves.əl,,,,,,TRUE,喉結,肚臍,消化系統,免疫系統,散粉,唇彩,TRUE,Adam's apple,digestive system,immune system,belly button,emergency room,mental health,,,,
word-catalog-v1,CREATE_DRAFT,,,,,cell,cell,noun,B2,body-health,細胞,,,,sel,,,,,,FALSE,,,,,,,TRUE,collarbone,heartbeat,artery,abdomen,intestine,belly,,,,
word-catalog-v1,CREATE_DRAFT,,,,,heartbeat,heartbeat,noun,B2,body-health,心跳,,,,'hɑ:tbi:t,,,,,,TRUE,頭皮,鎖骨,動脈,胸部,腹部,肚子,TRUE,scalp,collarbone,breast,cell,abdomen,gallbladder,,,,
word-catalog-v1,CREATE_DRAFT,,,,,scalp,scalp,noun,B2,body-health,頭皮,,,,skælp,,,,,,TRUE,眼皮,心跳,鎖骨,細胞,胸部,肚子,TRUE,heartbeat,collarbone,bladder,breast,intestine,buttock,,,,
word-catalog-v1,CREATE_DRAFT,,,,,collarbone,collarbone,noun,B2,body-health,鎖骨,,,,'kɒlərb'əʊn,,,,,,TRUE,脛骨,頭皮,腹部,膽囊,膀胱,胸部,TRUE,scalp,abdomen,belly,gallbladder,spine,bladder,,,,
word-catalog-v1,CREATE_DRAFT,,,,,breast,breast,noun,B2,body-health,胸部,,,,brest,,,,,,TRUE,臀部,腹部,鎖骨,肚子,膽囊,腸,FALSE,,,,,,,,,,
word-catalog-v1,CREATE_DRAFT,,,,,abdomen,abdomen,noun,B2,body-health,腹部,,,,'æbdәmen,,,,,,TRUE,臀部,胸部,脊柱,膀胱,小腿,頭皮,TRUE,calf,intestine,buttock,shin,belly,gallbladder,,,,
word-catalog-v1,CREATE_DRAFT,,,,,digestive system,digestive system,noun,B2,body-health,消化系統,,,,daɪˈdʒes.tɪv ˌsɪs.təm,,,,,,TRUE,免疫系統,肚臍,血管,喉結,心理健康,呼吸裝置,TRUE,immune system,belly button,blood vessel,Adam's apple,plastic surgeon,breathing apparatus,,,,
word-catalog-v1,CREATE_DRAFT,,,,,immune system,immune system,noun,B2,body-health,免疫系統,,,,iˈmju:n ˈsistəm,,,,,,TRUE,消化系統,大腳趾,肚臍,喉結,心理健康,急診室,TRUE,digestive system,belly button,big toe,Adam's apple,electric razor,face powder,,,,
word-catalog-v1,CREATE_DRAFT,,,,,belly,belly,noun,B2,body-health,肚子,,,,'beli,,,,,,TRUE,膽囊,腸,脊柱,膀胱,小腿,小指,TRUE,spine,bladder,calf,pinky,intestine,buttock,,,,
word-catalog-v1,CREATE_DRAFT,,,,,belly button,belly button,noun,B2,body-health,肚臍,,,,"'belɪ,bʌtn",,,,,,TRUE,血管,大腳趾,免疫系統,喉結,面膜,牙線,TRUE,immune system,digestive system,big toe,Adam's apple,lip gloss,nail polish,,,,
word-catalog-v1,CREATE_DRAFT,,,,,intestine,intestine,noun,B2,body-health,腸,,,,in'testin,,,,,,TRUE,頜,臀部,脛骨,膽囊,脊柱,肚子,TRUE,shin,eyelid,gallbladder,spine,jaw,bladder,,,,
word-catalog-v1,CREATE_DRAFT,,,,,gallbladder,gallbladder,noun,B2,body-health,膽囊,,,,'ɡɔ:lbl'ædər,,,,,,TRUE,膀胱,小腿,小指,臀部,脛骨,眼皮,TRUE,calf,pinky,vein,buttock,shin,eyelid,,,,
word-catalog-v1,CREATE_DRAFT,,,,,bladder,bladder,noun,B2,body-health,膀胱,,,,'blædә,,,,,,TRUE,鼻孔,脊柱,眉毛,小腿,腸,靜脈,TRUE,nostril,spine,jaw,eyebrow,calf,pinky,,,,
word-catalog-v1,CREATE_DRAFT,,,,,buttock,buttock,noun,B2,body-health,臀部,,,,'bʌtәk,,,,,,TRUE,腹部,胸部,小指,脛骨,眼皮,鼻孔,FALSE,,,,,,,,,,
word-catalog-v1,CREATE_DRAFT,,,,,spine,spine,noun,B2,body-health,脊柱,,,,spain,,,,,,TRUE,眉毛,臀部,小腿,小指,靜脈,頜,TRUE,vein,shin,eyelid,nostril,jaw,eyebrow,,,,
word-catalog-v1,CREATE_DRAFT,,,,,calf,calf,noun,B2,body-health,小腿,,,,kɑ:f,,,,,,FALSE,,,,,,,TRUE,pinky,vein,spine,shin,nostril,bladder,,,,
word-catalog-v1,CREATE_DRAFT,,,,,shin,shin,noun,B2,body-health,脛骨,,,,ʃin,,,,,,TRUE,鎖骨,眼皮,鼻孔,眉毛,脊柱,小指,TRUE,eyelid,calf,jaw,eyebrow,buttock,gallbladder,,,,
word-catalog-v1,CREATE_DRAFT,,,,,big toe,big toe,noun,B2,body-health,大腳趾,,,,biɡ təu,,,,,,TRUE,腎結石,肚臍,消化系統,喉結,指甲油,指甲銼,TRUE,kidney stone,belly button,immune system,Adam's apple,face mask,dental floss,,,,
word-catalog-v1,CREATE_DRAFT,,,,,pinky,pinky,noun,B2,body-health,小指,,,,'piŋki,,,,,,TRUE,小腿,靜脈,頜,眼皮,鼻孔,脛骨,TRUE,vein,eyelid,nostril,calf,spine,intestine,,,,
word-catalog-v1,CREATE_DRAFT,,,,,eyelid,eyelid,noun,B2,body-health,眼皮,,,,'ailid,,,,,,TRUE,頭皮,眉毛,靜脈,頜,鼻孔,膀胱,TRUE,pinky,jaw,eyebrow,vein,buttock,bladder,,,,
word-catalog-v1,CREATE_DRAFT,,,,,jaw,jaw,noun,B2,body-health,頜,,,,dʒɒ:,,,,,,TRUE,眉毛,腸,眼皮,靜脈,小指,脛骨,TRUE,nostril,eyebrow,eyelid,pinky,gallbladder,belly,,,,
word-catalog-v1,CREATE_DRAFT,,,,,vein,vein,noun,B2,body-health,靜脈,,,,vein,,,,,,TRUE,動脈,鼻孔,眉毛,頜,眼皮,膽囊,TRUE,jaw,nostril,eyebrow,buttock,intestine,belly,,,,
word-catalog-v1,CREATE_DRAFT,,,,,nostril,nostril,noun,B2,body-health,鼻孔,,,,'nɒstril,,,,,,TRUE,靜脈,眉毛,頜,脊柱,眼皮,肚子,TRUE,vein,eyebrow,jaw,calf,abdomen,intestine,,,,
word-catalog-v1,CREATE_DRAFT,,,,,eyebrow,eyebrow,noun,B2,body-health,眉毛,,,,'aibrau,,,,,,TRUE,鼻孔,靜脈,小指,脛骨,臀部,脊柱,TRUE,nostril,vein,eyelid,pinky,breast,collarbone,,,,
word-catalog-v1,CREATE_DRAFT,,,,,kidney stone,kidney stone,noun,B2,body-health,腎結石,,,,ˈkidni stəun,,,,,,TRUE,喉結,大腳趾,免疫系統,肚臍,指甲剪,指甲油,TRUE,big toe,belly button,digestive system,nail file,cotton swab,nail clippers,,,,
word-catalog-v1,CREATE_DRAFT,,,,,agency,agency,noun,B2,work-business,機構,,,,'eidʒәnsi,,,,,,TRUE,公司,主席,職員,董事會,匯票,收入,FALSE,,,,,,,,,,
word-catalog-v1,CREATE_DRAFT,,,,,corporation,corporation,noun,B2,work-business,公司,,,,.kɒ:pә'reiʃәn,,,,,,TRUE,機構,主席,職員,保險,企業家,董事會,FALSE,,,,,,,,,,
word-catalog-v1,CREATE_DRAFT,,,,,board,board,noun,B2,work-business,董事會,,,,bɒ:d,,,,,,TRUE,工會,企業家,公司,機構,主席,匯票,TRUE,corporation,chairman,agency,entrepreneur,clerk,draft,,,,
word-catalog-v1,CREATE_DRAFT,,,,,chairman,chairman,noun,B2,work-business,主席,,,,'tʃєәmәn,,,,,,TRUE,收入,公司,職員,保險,機構,策略,TRUE,board,entrepreneur,income,corporation,clerk,insurance,,,,
word-catalog-v1,CREATE_DRAFT,,,,,entrepreneur,entrepreneur,noun,B2,work-business,企業家,,,,.ɒntrәprә'nә:,,,,,,TRUE,董事會,匯票,收入,保險,機構,夥伴關係,TRUE,chairman,board,draft,income,clerk,strategy,,,,
word-catalog-v1,CREATE_DRAFT,,,,,clerk,clerk,noun,B2,work-business,職員,,,,klә:k,,,,,,TRUE,匯票,主席,收入,企業家,保險,策略,TRUE,insurance,entrepreneur,draft,chairman,income,partnership,,,,
word-catalog-v1,CREATE_DRAFT,,,,,draft,draft,noun,B2,work-business,匯票,,,,dræft. drɑ:ft,,,,,,TRUE,職員,收入,保險,主席,股東,發貨,TRUE,insurance,agency,clerk,income,chairman,stockholder,,,,
word-catalog-v1,CREATE_DRAFT,,,,,income,income,noun,B2,work-business,收入,,,,'inkʌm,,,,,,TRUE,匯票,職員,公司,保險,企業家,股東,TRUE,draft,insurance,board,entrepreneur,agency,strategy,,,,
word-catalog-v1,CREATE_DRAFT,,,,,insurance,insurance,noun,B2,work-business,保險,,,,in'ʃurәns,,,,,,TRUE,收入,策略,匯票,工會,財富,職員,TRUE,income,corporation,draft,partnership,union,clerk,,,,
word-catalog-v1,CREATE_DRAFT,,,,,market research,market research,noun,B2,work-business,市場調研,,,,ˈmɑ:kit riˈsə:tʃ,,,,,,TRUE,利潤率,逃稅,銀行對賬單,退休歲月,出租車司機,旅行代理人,TRUE,profit margin,tax evasion,bank statement,cab driver,health professional,security guard,,,,
word-catalog-v1,CREATE_DRAFT,,,,,contract,contract,verb,B2,work-business,簽訂合同,,,,'kɒntrækt,,,,,,TRUE,建立,製造,資助,運送,贊助,啟動,TRUE,establish,manufacture,found,launch,fund,ship,,,,
word-catalog-v1,CREATE_DRAFT,,,,,establish,establish,verb,B2,work-business,建立,,,,i'stæbliʃ,,,,,,TRUE,製造,資助,運送,簽訂合同,說,存入,FALSE,,,,,,,,,,
word-catalog-v1,CREATE_DRAFT,,,,,found,found,verb,B2,work-business,建立,,,,faund,,,,,,TRUE,製造,贊助,資助,簽訂合同,擁有,定價,FALSE,,,,,,,,,,
word-catalog-v1,CREATE_DRAFT,,,,,fund,fund,verb,B2,work-business,資助,,,,fʌnd,,,,,,TRUE,贊助,建立,運送,簽訂合同,說,擁有,TRUE,manufacture,sponsor,launch,contract,ship,speak,,,,
word-catalog-v1,CREATE_DRAFT,,,,,manufacture,manufacture,verb,B2,work-business,製造,,,,.mænju'fæktʃә,,,,,,TRUE,建立,運送,贊助,存入,購買,定價,TRUE,sponsor,fund,launch,found,contract,credit,,,,
word-catalog-v1,CREATE_DRAFT,,,,,launch,launch,verb,B2,work-business,啟動,,,,lɒ:ntʃ,,,,,,FALSE,,,,,,,FALSE,,,,,,,,,,
word-catalog-v1,CREATE_DRAFT,,,,,ship,ship,verb,B2,work-business,運送,,,,ʃip,,,,,,TRUE,製造,贊助,資助,說,購買,繼承,TRUE,sponsor,manufacture,launch,establish,credit,possess,,,,
word-catalog-v1,CREATE_DRAFT,,,,,sponsor,sponsor,verb,B2,work-business,贊助,,,,'spɒnsә,,,,,,FALSE,,,,,,,TRUE,ship,manufacture,fund,contract,credit,possess,,,,
word-catalog-v1,CREATE_DRAFT,,,,,strategy,strategy,noun,B2,work-business,策略,,,,'strætidʒi,,,,,,FALSE,,,,,,,TRUE,stockholder,shipment,partnership,union,fortune,savings,,,,
word-catalog-v1,CREATE_DRAFT,,,,,partnership,partnership,noun,B2,work-business,夥伴關係,,,,'pɑ:tnәʃip,,,,,,TRUE,儲蓄,股東,發貨,工會,財富,策略,TRUE,strategy,stockholder,shipment,union,fee,lending,,,,
word-catalog-v1,CREATE_DRAFT,,,,,profit margin,profit margin,noun,B2,work-business,利潤率,,,,ˈprɑː.fɪt ˌmɑːr.dʒɪn,,,,,,TRUE,逃稅,市場調研,銀行對賬單,保安,退休歲月,健康專業人士,TRUE,tax evasion,market research,bank statement,travel agent,golden years,cab driver,,,,
word-catalog-v1,CREATE_DRAFT,,,,,stockholder,stockholder,noun,B2,work-business,股東,,,,'stɒkhәuldә,,,,,,TRUE,儲蓄,發貨,工會,費用,借貸,夥伴關係,TRUE,fortune,savings,shipment,strategy,fee,insurance,,,,
word-catalog-v1,CREATE_DRAFT,,,,,union,union,noun,B2,work-business,工會,,,,'ju:njәn,,,,,,TRUE,董事會,財富,股東,儲蓄,費用,借貸,TRUE,fortune,stockholder,savings,lending,strategy,board,,,,
word-catalog-v1,CREATE_DRAFT,,,,,tax evasion,tax evasion,noun,B2,work-business,逃稅,,,,ˈtæks ɪˌveɪ.ʒən,,,,,,TRUE,利潤率,市場調研,銀行對賬單,保安,出租車司機,首席執行官,TRUE,profit margin,market research,bank statement,health professional,travel agent,chief executive officer,,,,
word-catalog-v1,CREATE_DRAFT,,,,,shipment,shipment,noun,B2,work-business,發貨,,,,'ʃipmәnt,,,,,,TRUE,財富,儲蓄,工會,費用,保險,收入,TRUE,fortune,union,savings,fee,lending,income,,,,
word-catalog-v1,CREATE_DRAFT,,,,,fortune,fortune,noun,B2,work-business,財富,,,,'fɒ:tʃәn,,,,,,TRUE,發貨,儲蓄,借貸,股東,公司,匯票,TRUE,shipment,savings,union,fee,entrepreneur,corporation,,,,
word-catalog-v1,CREATE_DRAFT,,,,,savings,savings,noun,B2,work-business,儲蓄,,,,'seiviŋz,,,,,,TRUE,財富,發貨,費用,借貸,策略,主席,TRUE,fortune,shipment,partnership,lending,fee,draft,,,,
word-catalog-v1,CREATE_DRAFT,,,,,wealthy,wealthy,adjective,B2,work-business,富有的,,,,'welθi,,,,,,TRUE,初級的,高級的,經濟的,永久的,自僱的,臨時的,FALSE,,,,,,,,,,
word-catalog-v1,CREATE_DRAFT,,,,,come down,come down,phrasal_verb,B2,work-business,下降,,,,'kʌmd'aʊn,,,,,,TRUE,還清,留出,靠……生活,詐騙,用完,忠於,FALSE,,,,,,,,,,
word-catalog-v1,CREATE_DRAFT,,,,,live on,live on,phrasal_verb,B2,work-business,靠……生活,,,,lɪv,,,,,,TRUE,下降,還清,留出,詐騙,出軌,像,TRUE,pay off,set aside,come down,rip off,run out,cheat on,,,,
word-catalog-v1,CREATE_DRAFT,,,,,pay off,pay off,phrasal_verb,B2,work-business,還清,,,,'peiɒf,,,,,,TRUE,留出,下降,靠……生活,詐騙,檢查,騙賣,TRUE,live on,set aside,come down,rip off,palm off,stand by,,,,
word-catalog-v1,CREATE_DRAFT,,,,,set aside,set aside,phrasal_verb,B2,work-business,留出,,,,set,,,,,,TRUE,還清,下降,靠……生活,用完,出軌,鬧翻,TRUE,pay off,live on,come down,rip off,take after,check out,,,,
word-catalog-v1,CREATE_DRAFT,,,,,fee,fee,noun,B2,work-business,費用,,,,fi:,,,,,,TRUE,借貸,儲蓄,財富,發貨,機構,企業家,TRUE,lending,savings,fortune,shipment,chairman,agency,,,,
word-catalog-v1,CREATE_DRAFT,,,,,lending,lending,noun,B2,work-business,借貸,,,,'lendiŋ,,,,,,TRUE,費用,儲蓄,財富,發貨,職員,公司,FALSE,,,,,,,,,,
word-catalog-v1,CREATE_DRAFT,,,,,senior,senior,adjective,B2,work-business,高級的,,,,'si:njә,,,,,,TRUE,初級的,富有的,經濟的,自願的,永久的,自由職業的,TRUE,junior,wealthy,economic,freelance,permanent,self-employed,,,,
word-catalog-v1,CREATE_DRAFT,,,,,junior,junior,adjective,B2,work-business,初級的,,,,'dʒu:njә,,,,,,TRUE,高級的,富有的,經濟的,自僱的,自願的,緊密的,FALSE,,,,,,,,,,
word-catalog-v1,CREATE_DRAFT,,,,,speak,speak,verb,B2,work-business,說,,,,spiːk,,,,,,TRUE,運送,贊助,製造,簽訂合同,購買,收養,FALSE,,,,,,,,,,
word-catalog-v1,CREATE_DRAFT,,,,,chief executive officer,chief executive officer,noun,B2,work-business,首席執行官,,,,ˌtʃiːf ɪɡˌzek.jə.t̬ɪv ˈɑː.fɪ.sɚ,,,,,,TRUE,自動櫃員機,房地產經紀人,利潤率,逃稅,市場調研,銀行對賬單,TRUE,automated teller machine,real estate agent,tax evasion,profit margin,market research,bank statement,,,,
word-catalog-v1,CREATE_DRAFT,,,,,capture,capture,verb,B2,society-law-politics,捕捉,,,,'kæptʃә,,,,,,TRUE,揭露,監控,追趕,抵抗,判處,目睹,TRUE,expose,monitor,pursue,resist,sentence,traffic,,,,
word-catalog-v1,CREATE_DRAFT,,,,,expose,expose,verb,B2,society-law-politics,揭露,,,,ik'spәuz,,,,,,TRUE,捕捉,監控,追趕,抵抗,非法交易,絞死,TRUE,capture,monitor,pursue,resist,witness,hang,,,,
word-catalog-v1,CREATE_DRAFT,,,,,get away with,get away with,phrasal_verb,B2,society-law-politics,逃脫懲罰,,,,,,,,,,TRUE,逃脫,關押,競選,不懂珍惜,放棄,迴避,TRUE,get away,lock away,break out,shy away from,put up with,run for,,,,
word-catalog-v1,CREATE_DRAFT,,,,,monitor,monitor,verb,B2,society-law-politics,監控,,,,'mɒnitә,,,,,,TRUE,揭露,捕捉,判處,追趕,非法交易,不服從,TRUE,expose,capture,sentence,pursue,witness,trip,,,,
word-catalog-v1,CREATE_DRAFT,,,,,pursue,pursue,verb,B2,society-law-politics,追趕,,,,pә'sju:,,,,,,TRUE,監控,抵抗,目睹,捕捉,視為,迷幻之旅,TRUE,traffic,monitor,resist,capture,disobey,trip,,,,
word-catalog-v1,CREATE_DRAFT,,,,,resist,resist,verb,B2,society-law-politics,抵抗,,,,rɪ'zɪst,,,,,,TRUE,判處,目睹,追趕,捕捉,絞死,指責,TRUE,sentence,traffic,witness,pursue,hang,disobey,,,,
word-catalog-v1,CREATE_DRAFT,,,,,sentence,sentence,verb,B2,society-law-politics,判處,,,,'sentәns,,,,,,TRUE,審判,抵抗,目睹,揭露,非法交易,捕捉,TRUE,resist,traffic,witness,expose,capture,account,,,,
word-catalog-v1,CREATE_DRAFT,,,,,traffic,traffic,verb,B2,society-law-politics,非法交易,,,,'træfik,,,,,,TRUE,提交,判處,目睹,監控,捕捉,不服從,TRUE,sentence,witness,monitor,resist,trip,accuse,,,,
word-catalog-v1,CREATE_DRAFT,,,,,witness,witness,verb,B2,society-law-politics,目睹,,,,'witnis,,,,,,TRUE,判處,抵抗,追趕,非法交易,質疑,視為,TRUE,traffic,sentence,pursue,capture,challenge,account,,,,
word-catalog-v1,CREATE_DRAFT,,,,,bulletproof vest,bulletproof vest,noun,B2,society-law-politics,防彈背心,,,,ˈbʊlɪtˌpruf vɛst,,,,,,TRUE,社區服務,無期徒刑,酒後駕駛,身份盜竊,毒販,家庭法院,TRUE,community service,life sentence,drug dealer,drunk driving,identity theft,family court,,,,
word-catalog-v1,CREATE_DRAFT,,,,,community service,community service,noun,B2,society-law-politics,社區服務,,,,kəˈmju:niti ˈsɜːvɪs,,,,,,TRUE,防彈背心,無期徒刑,酒後駕駛,身份盜竊,犯罪記錄,工黨,TRUE,bulletproof vest,life sentence,drug dealer,drunk driving,criminal record,labor party,,,,
word-catalog-v1,CREATE_DRAFT,,,,,cell,cell,noun,B2,society-law-politics,牢房,,,,sel,,,,,,FALSE,,,,,,,TRUE,jail,crime,eyewitness,offender,fraud,gang,,,,
word-catalog-v1,CREATE_DRAFT,,,,,jail,jail,noun,B2,society-law-politics,監獄,,,,dʒeil,,,,,,TRUE,牢房,犯罪,罪犯,騙子,幫派,目擊者,FALSE,,,,,,,,,,
word-catalog-v1,CREATE_DRAFT,,,,,life sentence,life sentence,noun,B2,society-law-politics,無期徒刑,,,,laif ˈsentəns,,,,,,TRUE,社區服務,防彈背心,毒販,酒後駕駛,犯罪記錄,人權,TRUE,community service,bulletproof vest,drug dealer,identity theft,criminal record,human right,,,,
word-catalog-v1,CREATE_DRAFT,,,,,crime,crime,noun,B2,society-law-politics,犯罪,,,,kraim,,,,,,TRUE,罪犯,監獄,牢房,扒手,騙子,轟炸,TRUE,eyewitness,jail,offender,pickpocket,bombing,burglary,,,,
word-catalog-v1,CREATE_DRAFT,,,,,eyewitness,eyewitness,noun,B2,society-law-politics,目擊者,,,,ai'witnis,,,,,,TRUE,槍擊,犯罪,監獄,罪犯,幫派,入室盜竊,TRUE,crime,fraud,offender,pickpocket,bombing,robbery,,,,
word-catalog-v1,CREATE_DRAFT,,,,,offender,offender,noun,B2,society-law-politics,罪犯,,,,ә'fendә,,,,,,TRUE,犯罪,扒手,騙子,目擊者,轟炸,搶劫,FALSE,,,,,,,,,,
word-catalog-v1,CREATE_DRAFT,,,,,drug dealer,drug dealer,noun,B2,society-law-politics,毒販,,,,drʌɡ ˈdi:lə,,,,,,TRUE,無期徒刑,社區服務,身份盜竊,防彈背心,人權,總理,TRUE,life sentence,drunk driving,community service,bulletproof vest,human right,prime minister,,,,
word-catalog-v1,CREATE_DRAFT,,,,,fraud,fraud,noun,B2,society-law-politics,騙子,,,,frɒ:d,,,,,,TRUE,詐騙,幫派,扒手,轟炸,搶劫,罪犯,TRUE,gang,burglary,pickpocket,shooting,eyewitness,shoplifting,,,,
word-catalog-v1,CREATE_DRAFT,,,,,gang,gang,noun,B2,society-law-politics,幫派,,,,gæŋ,,,,,,TRUE,騙子,扒手,槍擊,轟炸,暴力,入室盜竊,TRUE,fraud,bombing,burglary,robbery,terrorism,shooting,,,,
word-catalog-v1,CREATE_DRAFT,,,,,pickpocket,pickpocket,noun,B2,society-law-politics,扒手,,,,'pikpɒkit,,,,,,TRUE,幫派,搶劫,槍擊,轟炸,暴力,監獄,TRUE,gang,vandalism,bombing,shoplifting,violence,fraud,,,,
word-catalog-v1,CREATE_DRAFT,,,,,bombing,bombing,noun,B2,society-law-politics,轟炸,,,,'bɔmiŋ,,,,,,TRUE,扒手,搶劫,幫派,槍擊,商店行竊,嗨了,FALSE,,,,,,,,,,
word-catalog-v1,CREATE_DRAFT,,,,,burglary,burglary,noun,B2,society-law-politics,入室盜竊,,,,'bә:^lәri,,,,,,TRUE,商店行竊,恐怖主義,故意破壞,緝毒警,目擊者,酒精測試儀,TRUE,robbery,terrorism,shooting,vandalism,pickpocket,shoplifting,,,,
word-catalog-v1,CREATE_DRAFT,,,,,drunk driving,drunk driving,noun,B2,society-law-politics,酒後駕駛,,,,d'rʌŋkdr'aɪvɪŋ,,,,,,TRUE,身份盜竊,無期徒刑,毒販,防彈背心,酗酒,年齡限制,TRUE,identity theft,drug dealer,life sentence,bulletproof vest,prime minister,age limit,,,,
word-catalog-v1,CREATE_DRAFT,,,,,identity theft,identity theft,noun,B2,society-law-politics,身份盜竊,,,,aiˈdentiti θeft,,,,,,TRUE,酒後駕駛,無期徒刑,社區服務,防彈背心,最低工資,社會階級,TRUE,drunk driving,drug dealer,life sentence,human right,rule book,minimum wage,,,,
word-catalog-v1,CREATE_DRAFT,,,,,robbery,robbery,noun,B2,society-law-politics,搶劫,,,,'rɒbәri,,,,,,TRUE,暴力,逃脫,槍擊,嗨了,恐怖主義,故意破壞,TRUE,violence,break,terrorism,narc,shooting,vandalism,,,,
word-catalog-v1,CREATE_DRAFT,,,,,shooting,shooting,noun,B2,society-law-politics,槍擊,,,,'ʃu:tiŋ,,,,,,TRUE,目擊者,搶劫,暴力,逃脫,商店行竊,嗨了,TRUE,stoned,robbery,shoplifting,violence,break,terrorism,,,,
word-catalog-v1,CREATE_DRAFT,,,,,shoplifting,shoplifting,noun,B2,society-law-politics,商店行竊,,,,'ʃɒp.liftiŋ,,,,,,TRUE,入室盜竊,恐怖主義,故意破壞,緝毒警,法醫學,暴力,TRUE,narc,breathalyzer,vandalism,stoned,violence,robbery,,,,
word-catalog-v1,CREATE_DRAFT,,,,,terrorism,terrorism,noun,B2,society-law-politics,恐怖主義,,,,'terәrizm,,,,,,TRUE,正義,商店行竊,故意破壞,入室盜竊,緝毒警,逃脫,TRUE,break,narc,breathalyzer,shoplifting,vandalism,scam,,,,
word-catalog-v1,CREATE_DRAFT,,,,,vandalism,vandalism,noun,B2,society-law-politics,故意破壞,,,,'vændәlizm,,,,,,TRUE,恐怖主義,商店行竊,酒精測試儀,入室盜竊,法醫學,嗨了,TRUE,stoned,terrorism,violence,forensics,narc,scam,,,,
word-catalog-v1,CREATE_DRAFT,,,,,violence,violence,noun,B2,society-law-politics,暴力,,,,'vaiәlәns,,,,,,TRUE,逃脫,嗨了,緝毒警,案件,槍擊,搶劫,TRUE,break,breathalyzer,stoned,forensics,vandalism,shooting,,,,
word-catalog-v1,CREATE_DRAFT,,,,,break out,break out,phrasal_verb,B2,society-law-politics,逃脫,,,,b'reɪk'aʊt,,,,,,TRUE,關押,競選,逃脫懲罰,聚會,槍殺,解釋,FALSE,,,,,,,,,,
word-catalog-v1,CREATE_DRAFT,,,,,hang,hang,verb,B2,society-law-politics,絞死,,,,hæŋ,,,,,,TRUE,懷疑,指責,迷幻之旅,不服從,質疑,視為,TRUE,disobey,trip,suspect,accuse,challenge,account,,,,
word-catalog-v1,CREATE_DRAFT,,,,,break,break,noun,B2,society-law-politics,逃脫,,,,breik,,,,,,FALSE,,,,,,,FALSE,,,,,,,,,,
word-catalog-v1,CREATE_DRAFT,,,,,narc,narc,noun,B2,society-law-politics,緝毒警,,,,nɑ:k,,,,,,TRUE,法醫學,陪審團,酒精測試儀,不公正,逃脫,嗨了,TRUE,breathalyzer,break,stoned,scam,case,jury,,,,
word-catalog-v1,CREATE_DRAFT,,,,,stoned,stoned,noun,B2,society-law-politics,嗨了,,,,stәund,,,,,,TRUE,案件,緝毒警,審判,逃脫,正義,暴力,TRUE,narc,forensics,breathalyzer,scam,case,trial,,,,
word-catalog-v1,CREATE_DRAFT,,,,,trip,trip,verb,B2,society-law-politics,迷幻之旅,,,,trip,,,,,,FALSE,,,,,,,TRUE,hang,disobey,suspect,accuse,judge,appeal,,,,
word-catalog-v1,CREATE_DRAFT,,,,,breathalyzer,breathalyzer,noun,B2,society-law-politics,酒精測試儀,,,,ˈbreθ.əl.aɪz.ɚ,,,,,,TRUE,法醫學,陪審團,故意破壞,恐怖主義,不公正,案件,TRUE,forensics,justice,jury,injustice,scam,case,,,,
word-catalog-v1,CREATE_DRAFT,,,,,disobey,disobey,verb,B2,society-law-politics,不服從,,,,.disә'bei,,,,,,TRUE,迷幻之旅,懷疑,絞死,指責,審判,上訴,TRUE,challenge,trip,account,hang,judge,appeal,,,,
word-catalog-v1,CREATE_DRAFT,,,,,lock away,lock away,phrasal_verb,B2,society-law-politics,關押,,,,lɔk əˈwei,,,,,,TRUE,逃脫,競選,聚會,槍殺,積累,挑選,TRUE,get away,break out,run for,get together,gun down,get away with,,,,
word-catalog-v1,CREATE_DRAFT,,,,,dead to rights,dead to rights,noun,B2,society-law-politics,讓人無從抵賴地,,,,,,,,,,TRUE,紋章,家庭法院,無期徒刑,身份盜竊,犯罪記錄,總理,TRUE,coat of arms,family court,identity theft,drunk driving,bulletproof vest,criminal record,,,,
word-catalog-v1,CREATE_DRAFT,,,,,scam,scam,noun,B2,society-law-politics,詐騙,,,,skæm,,,,,,TRUE,騙子,案件,有效,正義,規定,法醫學,FALSE,,,,,,,,,,
word-catalog-v1,CREATE_DRAFT,,,,,forensics,forensics,noun,B2,society-law-politics,法醫學,,,,fəˈren.zɪks,,,,,,TRUE,法案,陪審團,不公正,詐騙,案件,審判,TRUE,trial,justice,jury,injustice,valid,regulation,,,,
word-catalog-v1,CREATE_DRAFT,,,,,account,account,verb,B2,society-law-politics,視為,,,,ə'kaʊnt,,,,,,FALSE,,,,,,,FALSE,,,,,,,,,,
word-catalog-v1,CREATE_DRAFT,,,,,accuse,accuse,verb,B2,society-law-politics,指責,,,,ә'kju:z,,,,,,TRUE,質疑,懷疑,視為,絞死,上訴,辯護,TRUE,suspect,challenge,account,judge,defend,file,,,,
word-catalog-v1,CREATE_DRAFT,,,,,challenge,challenge,verb,B2,society-law-politics,質疑,,,,'tʃælindʒ,,,,,,TRUE,懷疑,指責,視為,絞死,簽發,禁止,FALSE,,,,,,,,,,
word-catalog-v1,CREATE_DRAFT,,,,,suspect,suspect,verb,B2,society-law-politics,懷疑,,,,sә'spekt,,,,,,TRUE,質疑,指責,視為,審判,上訴,提交,FALSE,,,,,,,,,,
word-catalog-v1,CREATE_DRAFT,,,,,case,case,noun,B2,society-law-politics,案件,,,,keis,,,,,,FALSE,,,,,,,TRUE,trial,justice,jury,authority,inspector,clause,,,,
word-catalog-v1,CREATE_DRAFT,,,,,family court,family court,noun,B2,society-law-politics,家庭法院,,,,ˌfæməli ˈkɔːrt,,,,,,TRUE,酒後駕駛,身份盜竊,犯罪記錄,毒販,總理,指節銅套,TRUE,identity theft,drunk driving,criminal record,drug dealer,prime minister,social class,,,,
word-catalog-v1,CREATE_DRAFT,,,,,jury,jury,noun,B2,society-law-politics,陪審團,,,,'dʒuәri,,,,,,TRUE,審判,不公正,有效,權威,正義,規定,TRUE,injustice,trial,valid,case,authority,claim,,,,
word-catalog-v1,CREATE_DRAFT,,,,,trial,trial,noun,B2,society-law-politics,審判,,,,'traiәl,,,,,,FALSE,,,,,,,FALSE,,,,,,,,,,
word-catalog-v1,CREATE_DRAFT,,,,,justice,justice,noun,B2,society-law-politics,正義,,,,'dʒʌstis,,,,,,TRUE,不公正,恐怖主義,督察,條款,有效,權威,TRUE,regulation,injustice,valid,inspector,bill,clause,,,,
word-catalog-v1,CREATE_DRAFT,,,,,injustice,injustice,noun,B2,society-law-politics,不公正,,,,in'dʒʌstis,,,,,,TRUE,正義,陪審團,索賠,保釋金,規定,督察,TRUE,justice,regulation,action,valid,authority,claim,,,,
word-catalog-v1,CREATE_DRAFT,,,,,strict,strict,adjective,B2,society-law-politics,嚴格的,,,,strikt,,,,,,TRUE,法律的,聯邦的,總統的,革命的,皇家的,高貴的,TRUE,legal,federal,presidential,revolutionary,royal,noble,,,,
word-catalog-v1,CREATE_DRAFT,,,,,legal,legal,adjective,B2,society-law-politics,法律的,,,,'li:gәl,,,,,,TRUE,嚴格的,聯邦的,總統的,革命的,非法的,禁止的,TRUE,strict,federal,presidential,revolutionary,forbidden,acceptable,,,,
word-catalog-v1,CREATE_DRAFT,,,,,legally,legally,adverb,B2,society-law-politics,合法地,,,,'li:gәli,,,,,,TRUE,糟糕地,同樣地,顯著地,不知怎麼地,越來越,此外,TRUE,somehow,badly,furthermore,likewise,consequently,increasingly,,,,
word-catalog-v1,CREATE_DRAFT,,,,,valid,valid,noun,B2,society-law-politics,有效,,,,'vælid,,,,,,TRUE,條款,訴訟,權威,索賠,規定,督察,TRUE,regulation,inspector,bill,bail,action,brief,,,,
word-catalog-v1,CREATE_DRAFT,,,,,regulation,regulation,noun,B2,society-law-politics,規定,,,,.regju'leiʃәn,,,,,,TRUE,法案,有效,條款,訴訟,簡報,權威,TRUE,clause,authority,claim,inspector,bill,bail,,,,
word-catalog-v1,CREATE_DRAFT,,,,,judge,judge,verb,B2,society-law-politics,審判,,,,dʒʌdʒ,,,,,,TRUE,判處,談判,辯護,上訴,簽發,禁止,FALSE,,,,,,,,,,
word-catalog-v1,CREATE_DRAFT,,,,,authority,authority,noun,B2,society-law-politics,權威,,,,ɒ:'θɒriti,,,,,,TRUE,索賠,指控,督察,法案,條款,簡報,TRUE,clause,action,brief,claim,inspector,prohibition,,,,
word-catalog-v1,CREATE_DRAFT,,,,,inspector,inspector,noun,B2,society-law-politics,督察,,,,in'spektә,,,,,,TRUE,訴訟,索賠,指控,法案,權威,保釋金,TRUE,bill,bail,authority,action,charge,valid,,,,
word-catalog-v1,CREATE_DRAFT,,,,,clause,clause,noun,B2,society-law-politics,條款,,,,klɒ:z,,,,,,TRUE,訴訟,簡報,督察,索賠,保釋金,有效,TRUE,brief,claim,bill,bail,prohibition,charge,,,,
word-catalog-v1,CREATE_DRAFT,,,,,claim,claim,noun,B2,society-law-politics,索賠,,,,kleim,,,,,,TRUE,指控,條款,法案,訴訟,判決,規定,TRUE,clause,action,brief,bill,judgment,authority,,,,
word-catalog-v1,CREATE_DRAFT,,,,,bill,bill,noun,B2,society-law-politics,法案,,,,bil,,,,,,TRUE,案件,法醫學,簡報,指控,索賠,訴訟,TRUE,bail,claim,action,brief,judgment,valid,,,,
word-catalog-v1,CREATE_DRAFT,,,,,action,action,noun,B2,society-law-politics,訴訟,,,,'ækʃәn,,,,,,FALSE,,,,,,,TRUE,prohibition,charge,bail,clause,inspector,regulation,,,,
word-catalog-v1,CREATE_DRAFT,,,,,appeal,appeal,verb,B2,society-law-politics,上訴,,,,ә'pi:l,,,,,,FALSE,,,,,,,TRUE,issue,defend,prohibit,file,try,chair,,,,
word-catalog-v1,CREATE_DRAFT,,,,,bail,bail,noun,B2,society-law-politics,保釋金,,,,beil,,,,,,TRUE,保守派,簡報,禁止,指控,判決,法案,TRUE,brief,prohibition,charge,judgment,action,regulation,,,,
word-catalog-v1,CREATE_DRAFT,,,,,brief,brief,noun,B2,society-law-politics,簡報,,,,bri:f,,,,,,FALSE,,,,,,,FALSE,,,,,,,,,,
word-catalog-v1,CREATE_DRAFT,,,,,charge,charge,noun,B2,society-law-politics,指控,,,,tʃɑ:dʒ,,,,,,FALSE,,,,,,,TRUE,prohibition,brief,judgment,bail,clause,injustice,,,,
word-catalog-v1,CREATE_DRAFT,,,,,defend,defend,verb,B2,society-law-politics,辯護,,,,di'fend,,,,,,FALSE,,,,,,,TRUE,issue,prohibit,file,appeal,judge,break,,,,
word-catalog-v1,CREATE_DRAFT,,,,,file,file,verb,B2,society-law-politics,提交,,,,fail,,,,,,FALSE,,,,,,,TRUE,defend,issue,try,appeal,break,suspect,,,,
word-catalog-v1,CREATE_DRAFT,,,,,issue,issue,verb,B2,society-law-politics,簽發,,,,'isju,,,,,,TRUE,違反,主持,提交,辯護,禁止,上訴,TRUE,prohibit,chair,try,appeal,break,accuse,,,,
word-catalog-v1,CREATE_DRAFT,,,,,prohibit,prohibit,verb,B2,society-law-politics,禁止,,,,prә'hibit,,,,,,TRUE,違反,簽發,主持,提交,審判,懷疑,FALSE,,,,,,,,,,
word-catalog-v1,CREATE_DRAFT,,,,,prohibition,prohibition,noun,B2,society-law-politics,禁止,,,,.prәuhi'biʃәn,,,,,,TRUE,判決,指控,保釋金,簡報,訴訟,正義,FALSE,,,,,,,,,,
word-catalog-v1,CREATE_DRAFT,,,,,try,try,verb,B2,society-law-politics,審判,,,,trai,,,,,,TRUE,談判,判處,違反,主持,簽發,質疑,FALSE,,,,,,,,,,
word-catalog-v1,CREATE_DRAFT,,,,,break,break,verb,B2,society-law-politics,違反,,,,breik,,,,,,FALSE,,,,,,,TRUE,chair,try,prohibit,judge,suspect,challenge,,,,
word-catalog-v1,CREATE_DRAFT,,,,,chair,chair,verb,B2,society-law-politics,主持,,,,tʃєә,,,,,,TRUE,支持,違反,禁止,辯護,簽發,審判,TRUE,try,issue,file,break,back,accuse,,,,
word-catalog-v1,CREATE_DRAFT,,,,,get away,get away,phrasal_verb,B2,society-law-politics,逃脫,,,,'ɡetəw'eɪ,,,,,,FALSE,,,,,,,FALSE,,,,,,,,,,
word-catalog-v1,CREATE_DRAFT,,,,,judgment,judgment,noun,B2,society-law-politics,判決,,,,'dʒʌdʒmәnt,,,,,,FALSE,,,,,,,TRUE,prohibition,charge,brief,revolution,inspector,conservative,,,,
word-catalog-v1,CREATE_DRAFT,,,,,criminal record,criminal record,noun,B2,society-law-politics,犯罪記錄,,,,ˌkrɪm.ɪ.nəl ˈrek.ɚd,,,,,,TRUE,家庭法院,工黨,人權,酒後駕駛,身份盜竊,總理,TRUE,family court,labor party,human right,identity theft,drunk driving,prime minister,,,,
word-catalog-v1,CREATE_DRAFT,,,,,biodiversity,biodiversity,noun,B2,nature-weather,生物多樣性,,,,ˌbaɪ.oʊ.dɪˈvɝː.sə.t̬i,,,,,,TRUE,生態學,生態系統,環保主義者,森林砍伐,保護,日食,TRUE,environmentalist,conservation,deforestation,eclipse,moonlight,tide,,,,
word-catalog-v1,CREATE_DRAFT,,,,,environmentalist,environmentalist,noun,B2,nature-weather,環保主義者,,,,"in,vaiәrәn'mentlist",,,,,,TRUE,保護,生物多樣性,森林砍伐,日食,月光,山體滑坡,TRUE,biodiversity,conservation,deforestation,eclipse,steam,sunlight,,,,
word-catalog-v1,CREATE_DRAFT,,,,,conservation,conservation,noun,B2,nature-weather,保護,,,,.kɒnsә'veiʃәn,,,,,,TRUE,環保主義者,日食,月光,潮汐,蒸汽,陽光,FALSE,,,,,,,,,,
word-catalog-v1,CREATE_DRAFT,,,,,deforestation,deforestation,noun,B2,nature-weather,森林砍伐,,,,di:.fɒ:ri'steiʃәn,,,,,,TRUE,生物多樣性,環保主義者,保護,山體滑坡,潮汐,黎明,TRUE,environmentalist,biodiversity,conservation,eclipse,dawn,eruption,,,,
word-catalog-v1,CREATE_DRAFT,,,,,eclipse,eclipse,noun,B2,nature-weather,日食,,,,i'klips,,,,,,TRUE,月光,蒸汽,噴發,保護,陽光,黎明,TRUE,moonlight,deforestation,environmentalist,biodiversity,steam,dawn,,,,
word-catalog-v1,CREATE_DRAFT,,,,,solar,solar,adjective,B2,nature-weather,太陽的,,,,'sәulә,,,,,,TRUE,月亮的,火山的,漆黑的,不可再生的,水力發電的,上升的,TRUE,lunar,volcanic,nonrenewable,hydroelectric,pitch-black,seasonal,,,,
word-catalog-v1,CREATE_DRAFT,,,,,lunar,lunar,adjective,B2,nature-weather,月亮的,,,,'lu:nә,,,,,,TRUE,太陽的,火山的,漆黑的,不可再生的,多變的,無雲的,TRUE,solar,volcanic,nonrenewable,hydroelectric,falling,rising,,,,
word-catalog-v1,CREATE_DRAFT,,,,,moonlight,moonlight,noun,B2,nature-weather,月光,,,,'mu:nlait,,,,,,TRUE,陽光,潮汐,熔岩,蒸汽,噴發,煙霧,TRUE,tide,sunlight,lava,steam,eruption,landslide,,,,
word-catalog-v1,CREATE_DRAFT,,,,,northern lights,northern lights,noun,B2,nature-weather,北極光,,,,ˈnɔ:ðən laits,,,,,,TRUE,替代能源,沙塵暴,旱季,甘蔗,北極熊,月光,TRUE,alternative energy,dry season,dust storm,sugar cane,polar bear,outer space,,,,
word-catalog-v1,CREATE_DRAFT,,,,,float,float,verb,B2,nature-weather,漂浮,,,,flәut,,,,,,TRUE,保存,收穫,裝載,打包,堆積,挖,TRUE,preserve,package,pile,uproot,flash,dig,,,,
word-catalog-v1,CREATE_DRAFT,,,,,tide,tide,noun,B2,nature-weather,潮汐,,,,taid,,,,,,TRUE,黎明,熔岩,蒸汽,噴發,日食,生態學,TRUE,sunlight,ecology,moonlight,dawn,lava,ecosystem,,,,
word-catalog-v1,CREATE_DRAFT,,,,,steam,steam,noun,B2,nature-weather,蒸汽,,,,sti:m,,,,,,TRUE,潮汐,陽光,黎明,熔岩,渦輪機,斜坡,TRUE,tide,eruption,landslide,ecology,dawn,ecosystem,,,,
word-catalog-v1,CREATE_DRAFT,,,,,sunlight,sunlight,noun,B2,nature-weather,陽光,,,,'sʌnlait,,,,,,TRUE,月光,噴發,蒸汽,熔岩,零下,渦輪機,FALSE,,,,,,,,,,
word-catalog-v1,CREATE_DRAFT,,,,,dawn,dawn,noun,B2,nature-weather,黎明,,,,dɒ:n,,,,,,TRUE,陽光,噴發,煙霧,生態學,斜坡,生態系統,TRUE,lava,turbine,sunlight,eruption,ecology,fume,,,,
word-catalog-v1,CREATE_DRAFT,,,,,eruption,eruption,noun,B2,nature-weather,噴發,,,,i'rʌpʃәn,,,,,,TRUE,黎明,熔岩,潮汐,煙霧,生態學,山體滑坡,TRUE,landslide,lava,ecosystem,turbine,steam,slope,,,,
word-catalog-v1,CREATE_DRAFT,,,,,volcanic,volcanic,adjective,B2,nature-weather,火山的,,,,vɒl'kænik,,,,,,TRUE,月亮的,太陽的,漆黑的,水力發電的,沉重的,區域的,TRUE,nonrenewable,hydroelectric,lunar,solar,changeable,cloudless,,,,
word-catalog-v1,CREATE_DRAFT,,,,,lava,lava,noun,B2,nature-weather,熔岩,,,,'lɑ:vә,,,,,,TRUE,零下,渦輪機,斜坡,噴發,煙霧,黎明,TRUE,landslide,ecology,fume,ecosystem,turbine,sub-zero,,,,
word-catalog-v1,CREATE_DRAFT,,,,,landslide,landslide,noun,B2,nature-weather,山體滑坡,,,,'lændslaid,,,,,,TRUE,斜坡,生態系統,生態學,渦輪機,森林砍伐,熔岩,TRUE,slope,lava,ecology,fume,ecosystem,tide,,,,
word-catalog-v1,CREATE_DRAFT,,,,,ecology,ecology,noun,B2,nature-weather,生態學,,,,i:'kɒlәdʒi,,,,,,TRUE,生態系統,生物多樣性,山體滑坡,渦輪機,零下,煙霧,TRUE,landslide,turbine,sub-zero,slope,eruption,dawn,,,,
word-catalog-v1,CREATE_DRAFT,,,,,ecosystem,ecosystem,noun,B2,nature-weather,生態系統,,,,'i:kəʊs'ɪstəm,,,,,,TRUE,生態學,生物多樣性,山體滑坡,渦輪機,森林砍伐,陽光,TRUE,fume,turbine,sub-zero,slope,lava,moonlight,,,,
word-catalog-v1,CREATE_DRAFT,,,,,nonrenewable,nonrenewable,adjective,B2,nature-weather,不可再生的,,,,ˌnɒnrɪ'nju:əb,,,,,,TRUE,水力發電的,火山的,漆黑的,太陽的,不通風的,可食用的,TRUE,hydroelectric,pitch-black,volcanic,solar,heavy,regional,,,,
word-catalog-v1,CREATE_DRAFT,,,,,hydroelectric,hydroelectric,adjective,B2,nature-weather,水力發電的,,,,'haɪdrəʊ-ɪ'lektrɪk,,,,,,TRUE,不可再生的,火山的,漆黑的,穩定的,熱帶的,無風的,TRUE,nonrenewable,pitch-black,volcanic,solar,stable,steady,,,,
word-catalog-v1,CREATE_DRAFT,,,,,turbine,turbine,noun,B2,nature-weather,渦輪機,,,,'tә:bain,,,,,,TRUE,生態系統,零下,斜坡,煙霧,熔岩,蒸汽,TRUE,fume,sub-zero,slope,ecosystem,sunlight,eruption,,,,
word-catalog-v1,CREATE_DRAFT,,,,,alternative energy,alternative energy,noun,B2,nature-weather,替代能源,,,,ɔ:lˈtə:nətiv ˈenədʒi,,,,,,TRUE,北極光,沙塵暴,旱季,甘蔗,案例研究,土木工程,TRUE,northern lights,dry season,dust storm,sugar cane,black hole,solar system,,,,
word-catalog-v1,CREATE_DRAFT,,,,,fume,fume,noun,B2,nature-weather,煙霧,,,,fju:m,,,,,,TRUE,零下,斜坡,渦輪機,生態學,潮汐,山體滑坡,TRUE,sub-zero,turbine,slope,ecology,steam,tide,,,,
word-catalog-v1,CREATE_DRAFT,,,,,preserve,preserve,verb,B2,nature-weather,保存,,,,pri'zә:v,,,,,,FALSE,,,,,,,TRUE,float,harness,harvest,keep,load,package,,,,
word-catalog-v1,CREATE_DRAFT,,,,,slope,slope,noun,B2,nature-weather,斜坡,,,,slәup,,,,,,TRUE,山體滑坡,零下,煙霧,噴發,熔岩,日食,TRUE,fume,sub-zero,turbine,dawn,sunlight,steam,,,,
word-catalog-v1,CREATE_DRAFT,,,,,pitch-black,pitch-black,adjective,B2,nature-weather,漆黑的,,,,ˌpɪtʃ ˈblæk,,,,,,TRUE,火山的,月亮的,太陽的,水力發電的,霜凍的,農業的,TRUE,hydroelectric,nonrenewable,volcanic,tropical,windless,frosty,,,,
word-catalog-v1,CREATE_DRAFT,,,,,sub-zero,sub-zero,noun,B2,nature-weather,零下,,,,",sʌb'ziәrәu",,,,,,TRUE,斜坡,煙霧,渦輪機,生態系統,潮汐,月光,TRUE,slope,fume,landslide,turbine,tide,eclipse,,,,
word-catalog-v1,CREATE_DRAFT,,,,,federal,federal,adjective,B2,society-law-politics,聯邦的,,,,'fedәrәl,,,,,,TRUE,總統的,革命的,法律的,嚴格的,強制的,平等的,TRUE,presidential,revolutionary,legal,strict,illegal,mandatory,,,,
word-catalog-v1,CREATE_DRAFT,,,,,presidential,presidential,adjective,B2,society-law-politics,總統的,,,,.prezi'denʃәl,,,,,,TRUE,聯邦的,革命的,法律的,嚴格的,猶太的,精神的,TRUE,federal,revolutionary,legal,strict,biased,equal,,,,
word-catalog-v1,CREATE_DRAFT,,,,,revolution,revolution,noun,B2,society-law-politics,革命,,,,.revә'lu:ʃәn,,,,,,TRUE,保守派,民主,獨裁,民主黨人,王國,獨立,TRUE,conservative,democrat,democracy,dictatorship,kingdom,monarchy,,,,
word-catalog-v1,CREATE_DRAFT,,,,,revolutionary,revolutionary,adjective,B2,society-law-politics,革命的,,,,revə'luːʃ(ə)n(ə)rɪ,,,,,,TRUE,總統的,聯邦的,法律的,嚴格的,虔誠的,軍事的,TRUE,presidential,federal,legal,strict,Jewish,spiritual,,,,
word-catalog-v1,CREATE_DRAFT,,,,,conservative,conservative,noun,B2,society-law-politics,保守派,,,,kәn'sә:vәtiv,,,,,,TRUE,保釋金,革命,民主黨人,君主制,民主,獨裁,TRUE,revolution,democrat,democracy,dictatorship,independence,nation,,,,
word-catalog-v1,CREATE_DRAFT,,,,,Conservative Party,Conservative Party,proper_noun,B2,society-law-politics,保守黨,,,,,,,,,,TRUE,共和黨,民主黨,匿名戒酒會,參議院,中世紀,基督教,TRUE,Republican Party,Democratic Party,Alcoholics Anonymous,Senate,Renaissance,the Middle Ages,,,,
word-catalog-v1,CREATE_DRAFT,,,,,Republican Party,Republican Party,proper_noun,B2,society-law-politics,共和黨,,,,rɪˈpʌb.lɪ.kən ˌpɑːr.t̬i,,,,,,TRUE,保守黨,民主黨,匿名戒酒會,參議院,福音書,文藝復興,TRUE,Conservative Party,Democratic Party,Alcoholics Anonymous,Senate,Buddhism,Christianity,,,,
word-catalog-v1,CREATE_DRAFT,,,,,democrat,democrat,noun,B2,society-law-politics,民主黨人,,,,'demәkræt,,,,,,TRUE,民主,君主制,發言人,反對黨,保守派,革命,TRUE,conservative,revolution,kingdom,democracy,independence,state,,,,
word-catalog-v1,CREATE_DRAFT,,,,,Democratic Party,Democratic Party,proper_noun,B2,society-law-politics,民主黨,,,,dem.əˈkræt̬.ɪk ˌpɑːr.t̬i,,,,,,TRUE,共和黨,保守黨,匿名戒酒會,參議院,佛教,聖經,TRUE,Republican Party,Conservative Party,Alcoholics Anonymous,Senate,Bible,Gospel,,,,
word-catalog-v1,CREATE_DRAFT,,,,,labor party,labor party,noun,B2,society-law-politics,工黨,,,,,,,,,,TRUE,人權,總理,犯罪記錄,家庭法院,毒販,童工,TRUE,human right,prime minister,criminal record,family court,community service,child labor,,,,
word-catalog-v1,CREATE_DRAFT,,,,,back,back,verb,B2,society-law-politics,支持,,,,bæk,,,,,,TRUE,主持,辯論,統治,密謀,談判,違反,FALSE,,,,,,,,,,
word-catalog-v1,CREATE_DRAFT,,,,,debate,debate,verb,B2,society-law-politics,辯論,,,,di'beit,,,,,,TRUE,辯護,支持,統治,密謀,談判,提交,TRUE,govern,back,plot,negotiate,chair,prohibit,,,,
word-catalog-v1,CREATE_DRAFT,,,,,govern,govern,verb,B2,society-law-politics,統治,,,,'gʌvәn,,,,,,TRUE,辯論,支持,密謀,談判,禁止,簽發,FALSE,,,,,,,,,,
word-catalog-v1,CREATE_DRAFT,,,,,democracy,democracy,noun,B2,society-law-politics,民主,,,,di'mɒkrәsi,,,,,,TRUE,民主黨人,君主制,王國,國家,獨裁,多數,TRUE,monarchy,dictatorship,kingdom,nation,majority,independence,,,,
word-catalog-v1,CREATE_DRAFT,,,,,dictatorship,dictatorship,noun,B2,society-law-politics,獨裁,,,,dik'teitәʃip,,,,,,TRUE,獨立,王國,國家,部長,民主,多數,TRUE,monarchy,minister,democracy,kingdom,state,secretary,,,,
word-catalog-v1,CREATE_DRAFT,,,,,kingdom,kingdom,noun,B2,society-law-politics,王國,,,,'kiŋdәm,,,,,,TRUE,國家,獨立,獨裁,部長,政策,君主制,TRUE,dictatorship,monarchy,nation,spokesperson,minister,negotiation,,,,
word-catalog-v1,CREATE_DRAFT,,,,,monarchy,monarchy,noun,B2,society-law-politics,君主制,,,,'mɒnәki,,,,,,TRUE,民主,民主黨人,發言人,王國,反對黨,國家,TRUE,majority,independence,state,secretary,opposition,nation,,,,
word-catalog-v1,CREATE_DRAFT,,,,,independence,independence,noun,B2,society-law-politics,獨立,,,,.indi'pendәns,,,,,,TRUE,獨裁,多數,部長,王國,政策,席位,TRUE,majority,spokesperson,policy,minister,negotiation,presidency,,,,
word-catalog-v1,CREATE_DRAFT,,,,,human right,human right,noun,B2,society-law-politics,人權,,,,ˌhjuː.mən ˈraɪt,,,,,,TRUE,工黨,總理,犯罪記錄,家庭法院,社區服務,防彈背心,TRUE,labor party,prime minister,criminal record,family court,drug dealer,alcohol abuse,,,,
word-catalog-v1,CREATE_DRAFT,,,,,nation,nation,noun,B2,society-law-politics,國家,,,,'neiʃәn,,,,,,TRUE,王國,獨立,多數,投票,領土,政策,FALSE,,,,,,,,,,
word-catalog-v1,CREATE_DRAFT,,,,,plot,plot,verb,B2,society-law-politics,密謀,,,,plɒt,,,,,,TRUE,統治,辯論,支持,談判,審判,上訴,TRUE,debate,govern,back,negotiate,defend,try,,,,
word-catalog-v1,CREATE_DRAFT,,,,,state,state,noun,B2,society-law-politics,國家,,,,steit,,,,,,TRUE,王國,部長,多數,發言人,投票,陰謀,FALSE,,,,,,,,,,
word-catalog-v1,CREATE_DRAFT,,,,,majority,majority,noun,B2,society-law-politics,多數,,,,mә'dʒɒriti,,,,,,TRUE,席位,國家,部長,領土,鎮壓,政策,TRUE,secretary,opposition,spokesperson,policy,seat,state,,,,
word-catalog-v1,CREATE_DRAFT,,,,,minister,minister,noun,B2,society-law-politics,部長,,,,'ministә,,,,,,TRUE,反對黨,席位,總統職位,發言人,投票,陰謀,FALSE,,,,,,,,,,
word-catalog-v1,CREATE_DRAFT,,,,,secretary,secretary,noun,B2,society-law-politics,部長,,,,'sekrәtәri,,,,,,TRUE,領土,鎮壓,政策,反對黨,總統職位,多數,FALSE,,,,,,,,,,
word-catalog-v1,CREATE_DRAFT,,,,,spokesperson,spokesperson,noun,B2,society-law-politics,發言人,,,,'spәukspә:sn,,,,,,TRUE,民主黨人,反對黨,總統職位,席位,部長,君主制,TRUE,negotiation,presidency,voting,opposition,policy,seat,,,,
word-catalog-v1,CREATE_DRAFT,,,,,negotiation,negotiation,noun,B2,society-law-politics,談判,,,,ni.gәuʃi'eiʃәn,,,,,,TRUE,判決,審判,投票,陰謀,領土,鎮壓,FALSE,,,,,,,,,,
word-catalog-v1,CREATE_DRAFT,,,,,opposition,opposition,noun,B2,society-law-politics,反對黨,,,,.ɒpә'ziʃәn,,,,,,TRUE,民主黨人,發言人,總統職位,政策,席位,領土,TRUE,presidency,voting,conspiracy,crackdown,negotiation,repression,,,,
word-catalog-v1,CREATE_DRAFT,,,,,policy,policy,noun,B2,society-law-politics,政策,,,,'pɒlisi,,,,,,TRUE,投票,陰謀,鎮壓,席位,談判,部長,TRUE,seat,opposition,presidency,conspiracy,crackdown,spokesperson,,,,
word-catalog-v1,CREATE_DRAFT,,,,,presidency,presidency,noun,B2,society-law-politics,總統職位,,,,'prezidәnsi,,,,,,TRUE,席位,反對黨,發言人,政策,鎮壓,談判,TRUE,voting,policy,seat,repression,conspiracy,secretary,,,,
word-catalog-v1,CREATE_DRAFT,,,,,run for,run for,phrasal_verb,B2,society-law-politics,競選,,,,,,,,,,TRUE,逃脫,關押,聚會,槍殺,選擇,渴望,TRUE,get away,lock away,break out,get together,account for,go for,,,,
word-catalog-v1,CREATE_DRAFT,,,,,seat,seat,noun,B2,society-law-politics,席位,,,,si:t,,,,,,TRUE,總統職位,投票,陰謀,領土,政策,國家,TRUE,voting,crackdown,repression,territory,policy,opposition,,,,
word-catalog-v1,CREATE_DRAFT,,,,,voting,voting,noun,B2,society-law-politics,投票,,,,'vәutiŋ,,,,,,TRUE,陰謀,領土,鎮壓,席位,總統職位,獨立,FALSE,,,,,,,,,,
word-catalog-v1,CREATE_DRAFT,,,,,territory,territory,noun,B2,society-law-politics,領土,,,,'teritәri,,,,,,FALSE,,,,,,,TRUE,conspiracy,crackdown,voting,seat,minister,majority,,,,
word-catalog-v1,CREATE_DRAFT,,,,,negotiate,negotiate,verb,B2,society-law-politics,談判,,,,ni'gәuʃieit,,,,,,TRUE,審判,密謀,統治,辯論,判處,提交,FALSE,,,,,,,,,,
word-catalog-v1,CREATE_DRAFT,,,,,conspiracy,conspiracy,noun,B2,society-law-politics,陰謀,,,,kәn'spirәsi,,,,,,TRUE,鎮壓,投票,領土,席位,反對黨,獨裁,FALSE,,,,,,,,,,
word-catalog-v1,CREATE_DRAFT,,,,,crackdown,crackdown,noun,B2,society-law-politics,鎮壓,,,,'krækdaun,,,,,,TRUE,陰謀,投票,領土,席位,多數,民主,FALSE,,,,,,,,,,
word-catalog-v1,CREATE_DRAFT,,,,,repression,repression,noun,B2,society-law-politics,鎮壓,,,,ri'preʃәn,,,,,,TRUE,陰謀,投票,領土,部長,反對黨,獨立,FALSE,,,,,,,,,,
word-catalog-v1,CREATE_DRAFT,,,,,prime minister,prime minister,noun,B2,society-law-politics,總理,,,,ˌpraɪm ˈmɪn.ɪ.stɚ,,,,,,TRUE,人權,工黨,犯罪記錄,家庭法院,無期徒刑,空軍,TRUE,human right,labor party,criminal record,family court,life sentence,the Lord,,,,
word-catalog-v1,CREATE_DRAFT,,,,,Senate,Senate,proper_noun,B2,society-law-politics,參議院,,,,'senit,,,,,,TRUE,基督教,福音書,文藝復興,佛教,聖經,民主黨,TRUE,Renaissance,Buddhism,Christianity,Bible,Gospel,Democratic Party,,,,
word-catalog-v1,CREATE_DRAFT,,,,,credit,credit,verb,B2,work-business,存入,,,,'kredit,,,,,,TRUE,擁有,定價,購買,說,運送,啟動,TRUE,possess,price,purchase,speak,sponsor,ship,,,,
word-catalog-v1,CREATE_DRAFT,,,,,economy,economy,noun,B2,work-business,經濟,,,,i'kɒnәmi,,,,,,TRUE,資產,預算,資本,借方,財務,投資,TRUE,asset,budget,capital,debit,finance,investment,,,,
word-catalog-v1,CREATE_DRAFT,,,,,economic,economic,adjective,B2,work-business,經濟的,,,,.i:kә'nɒmik,,,,,,TRUE,初級的,高級的,富有的,臨時的,自願的,兄弟般的,FALSE,,,,,,,,,,
word-catalog-v1,CREATE_DRAFT,,,,,asset,asset,noun,B2,work-business,資產,,,,'æset,,,,,,TRUE,資本,融資,投資,經濟,預算,貸款,TRUE,economy,budget,capital,debit,financing,borrowing,,,,
word-catalog-v1,CREATE_DRAFT,,,,,budget,budget,noun,B2,work-business,預算,,,,'bʌdʒit,,,,,,FALSE,,,,,,,TRUE,asset,economy,finance,capital,grant,financing,,,,
word-catalog-v1,CREATE_DRAFT,,,,,capital,capital,noun,B2,work-business,資本,,,,'kæpitәl,,,,,,TRUE,資產,融資,投資,借方,經濟,分銷,TRUE,investment,budget,debit,loan,borrowing,grant,,,,
word-catalog-v1,CREATE_DRAFT,,,,,debit,debit,noun,B2,work-business,借方,,,,'debit,,,,,,TRUE,借貸,財務,資本,預算,融資,補助金,TRUE,finance,investment,distribution,asset,financing,loan,,,,
word-catalog-v1,CREATE_DRAFT,,,,,finance,finance,noun,B2,work-business,財務,,,,fai'næns,,,,,,TRUE,借方,貸款,福利,投資,資產,利潤,TRUE,inflation,borrowing,welfare,debit,investment,distribution,,,,
word-catalog-v1,CREATE_DRAFT,,,,,investment,investment,noun,B2,work-business,投資,,,,in'vestmәnt,,,,,,TRUE,融資,資本,資產,財務,分銷,貸款,FALSE,,,,,,,,,,
word-catalog-v1,CREATE_DRAFT,,,,,financing,financing,noun,B2,work-business,融資,,,,fai'nænsiŋ,,,,,,TRUE,投資,資本,資產,補助金,福利,分銷,TRUE,grant,profit,loan,inflation,borrowing,welfare,,,,
word-catalog-v1,CREATE_DRAFT,,,,,borrowing,borrowing,noun,B2,work-business,借貸,,,,'bɔrәuiŋ,,,,,,TRUE,貸款,借方,利潤,損失,補助金,財務,FALSE,,,,,,,,,,
word-catalog-v1,CREATE_DRAFT,,,,,grant,grant,noun,B2,work-business,補助金,,,,grænt,,,,,,FALSE,,,,,,,TRUE,collapse,distribution,profit,loss,loan,inflation,,,,
word-catalog-v1,CREATE_DRAFT,,,,,loan,loan,noun,B2,work-business,貸款,,,,lәun,,,,,,TRUE,借貸,退款,福利,崩潰,分銷,利潤,TRUE,analyst,grant,welfare,collapse,banker,distribution,,,,
word-catalog-v1,CREATE_DRAFT,,,,,possess,possess,verb,B2,work-business,擁有,,,,pә'zes,,,,,,TRUE,定價,存入,購買,說,製造,持有,FALSE,,,,,,,,,,
word-catalog-v1,CREATE_DRAFT,,,,,distribution,distribution,noun,B2,work-business,分銷,,,,.distrә'bju:ʃәn,,,,,,TRUE,分析師,損失,通貨膨脹,福利,崩潰,利率,TRUE,profit,loss,inflation,analyst,welfare,banker,,,,
word-catalog-v1,CREATE_DRAFT,,,,,inflation,inflation,noun,B2,work-business,通貨膨脹,,,,in'fleiʃәn,,,,,,TRUE,銀行家,分析師,補助金,利潤,損失,宰客,TRUE,collapse,rate,profit,loss,analyst,bull,,,,
word-catalog-v1,CREATE_DRAFT,,,,,welfare,welfare,noun,B2,work-business,福利,,,,'welfєә,,,,,,TRUE,利率,利潤,崩潰,通貨膨脹,多頭,銀行家,TRUE,collapse,banker,rate,inflation,profit,refund,,,,
word-catalog-v1,CREATE_DRAFT,,,,,profit,profit,noun,B2,work-business,利潤,,,,'prɒfit,,,,,,TRUE,福利,利率,損失,宰客,多頭,分銷,TRUE,loss,welfare,analyst,collapse,loan,financing,,,,
word-catalog-v1,CREATE_DRAFT,,,,,bank statement,bank statement,noun,B2,work-business,銀行對賬單,,,,ˈbæŋk ˌsteɪt.mənt,,,,,,TRUE,旅行代理人,利潤率,逃稅,市場調研,健康專業人士,首席執行官,TRUE,tax evasion,profit margin,market research,cab driver,chief executive officer,identical twin,,,,
word-catalog-v1,CREATE_DRAFT,,,,,collapse,collapse,noun,B2,work-business,崩潰,,,,kә'læps,,,,,,TRUE,分析師,損失,銀行家,利率,多頭,退款,FALSE,,,,,,,,,,
word-catalog-v1,CREATE_DRAFT,,,,,loss,loss,noun,B2,work-business,損失,,,,lɒs,,,,,,TRUE,崩潰,宰客,分析師,銀行家,利率,貸款,TRUE,banker,rate,bull,analyst,refund,distribution,,,,
word-catalog-v1,CREATE_DRAFT,,,,,analyst,analyst,noun,B2,work-business,分析師,,,,'ænәlist,,,,,,TRUE,分銷,銀行家,通貨膨脹,宰客,損失,退款,TRUE,loss,banker,rate,bull,rip-off,welfare,,,,
word-catalog-v1,CREATE_DRAFT,,,,,banker,banker,noun,B2,work-business,銀行家,,,,'bæŋkә,,,,,,TRUE,分析師,多頭,通貨膨脹,宰客,崩潰,退款,TRUE,rate,bull,refund,loss,inflation,grant,,,,
word-catalog-v1,CREATE_DRAFT,,,,,price,price,verb,B2,work-business,定價,,,,prais,,,,,,TRUE,購買,擁有,存入,說,建立,資助,TRUE,purchase,possess,credit,speak,launch,found,,,,
word-catalog-v1,CREATE_DRAFT,,,,,purchase,purchase,verb,B2,work-business,購買,,,,'pә:tʃәs,,,,,,TRUE,定價,擁有,存入,說,贊助,繼承,TRUE,price,possess,credit,speak,manufacture,inherit,,,,
word-catalog-v1,CREATE_DRAFT,,,,,rate,rate,noun,B2,work-business,利率,,,,reit,,,,,,FALSE,,,,,,,TRUE,bull,refund,rip-off,banker,collapse,borrowing,,,,
word-catalog-v1,CREATE_DRAFT,,,,,rip off,rip off,phrasal_verb,B2,work-business,詐騙,,,,'ripɒ:f,,,,,,FALSE,,,,,,,FALSE,,,,,,,,,,
word-catalog-v1,CREATE_DRAFT,,,,,rip-off,rip-off,noun,B2,work-business,宰客,,,,'ripɒ:f,,,,,,FALSE,,,,,,,TRUE,bull,refund,rate,profit,welfare,finance,,,,
word-catalog-v1,CREATE_DRAFT,,,,,bull,bull,noun,B2,work-business,多頭,,,,bul,,,,,,TRUE,退款,宰客,利率,銀行家,利潤,福利,TRUE,refund,rip-off,rate,analyst,loss,loan,,,,
word-catalog-v1,CREATE_DRAFT,,,,,run out,run out,phrasal_verb,B2,work-business,用完,,,,'rʌnaut,,,,,,TRUE,詐騙,留出,還清,檢查,鬧翻,解釋,TRUE,rip off,set aside,pay off,live on,fall out,pick out,,,,
word-catalog-v1,CREATE_DRAFT,,,,,automated teller machine,automated teller machine,noun,B2,work-business,自動櫃員機,,,,'ɔ:təumeitid ˈtelə məˈʃi:n,,,,,,TRUE,首席執行官,房地產經紀人,銀行對賬單,出租車司機,健康專業人士,逃稅,TRUE,chief executive officer,real estate agent,bank statement,tax evasion,cab driver,off the hook,,,,
word-catalog-v1,CREATE_DRAFT,,,,,refund,refund,noun,B2,work-business,退款,,,,'ri:fʌnd,,,,,,TRUE,貸款,多頭,宰客,利率,利潤,融資,TRUE,bull,rate,banker,collapse,financing,grant,,,,
word-catalog-v1,CREATE_DRAFT,,,,,recipe,recipe,noun,B2,food-drink,食譜,,,,'resipi,,,,,,TRUE,配料,櫃檯,器具,炒鍋,燒烤架,攪拌機,TRUE,ingredient,counter,utensil,barbecue,blender,wok,,,,
word-catalog-v1,CREATE_DRAFT,,,,,ingredient,ingredient,noun,B2,food-drink,配料,,,,in'gri:diәnt,,,,,,TRUE,食譜,櫃檯,器具,蓋子,炒鍋,攪拌器,TRUE,recipe,counter,utensil,barbecue,mixer,lid,,,,
word-catalog-v1,CREATE_DRAFT,,,,,beat,beat,verb,B2,food-drink,打,,,,bi:t,,,,,,TRUE,切,烤,裝飾,剝,加熱,醃製,FALSE,,,,,,,,,,
word-catalog-v1,CREATE_DRAFT,,,,,chop,chop,verb,B2,food-drink,切,,,,tʃɒp,,,,,,TRUE,打,烤,裝飾,剝,水煮,攪拌,FALSE,,,,,,,,,,
word-catalog-v1,CREATE_DRAFT,,,,,garnish,garnish,verb,B2,food-drink,裝飾,,,,'gɑ:niʃ,,,,,,TRUE,加熱,醃製,切片,切,水煮,打,FALSE,,,,,,,,,,
word-catalog-v1,CREATE_DRAFT,,,,,grill,grill,verb,B2,food-drink,烤,,,,gril,,,,,,TRUE,切,打,剝,裝飾,切片,啜飲,FALSE,,,,,,,,,,
word-catalog-v1,CREATE_DRAFT,,,,,heat,heat,verb,B2,food-drink,加熱,,,,hi:t,,,,,,TRUE,醃製,水煮,攪拌,裝飾,切片,啜飲,TRUE,grill,marinate,garnish,peel,chop,poach,,,,
word-catalog-v1,CREATE_DRAFT,,,,,marinate,marinate,verb,B2,food-drink,醃製,,,,'mærineit,,,,,,TRUE,加熱,水煮,攪拌,烤,切片,治癒,TRUE,heat,roast,peel,slice,grill,poach,,,,
word-catalog-v1,CREATE_DRAFT,,,,,peel,peel,verb,B2,food-drink,剝,,,,pi:l,,,,,,TRUE,烤,切,醃製,打,攪拌,啜飲,TRUE,marinate,stir,heat,roast,toast,slice,,,,
word-catalog-v1,CREATE_DRAFT,,,,,poach,poach,verb,B2,food-drink,水煮,,,,pәutʃ,,,,,,TRUE,加熱,醃製,切片,剝,攪拌,植入,TRUE,stir,peel,roast,toast,beat,garnish,,,,
word-catalog-v1,CREATE_DRAFT,,,,,roast,roast,verb,B2,food-drink,烤,,,,rәust,,,,,,TRUE,剝,水煮,切,切片,攪拌,注射,FALSE,,,,,,,,,,
word-catalog-v1,CREATE_DRAFT,,,,,slice,slice,verb,B2,food-drink,切片,切,,,slais,,,,,,TRUE,水煮,加熱,烤,醃製,啜飲,緩解,FALSE,,,,,,,,,,
word-catalog-v1,CREATE_DRAFT,,,,,stir,stir,verb,B2,food-drink,攪拌,,,,stә:,,,,,,TRUE,切片,烤,裝飾,水煮,切,掃描,TRUE,slice,toast,poach,roast,chop,beat,,,,
word-catalog-v1,CREATE_DRAFT,,,,,toast,toast,verb,B2,food-drink,烤,,,,tәust,,,,,,FALSE,,,,,,,FALSE,,,,,,,,,,
word-catalog-v1,CREATE_DRAFT,,,,,counter,counter,noun,B2,food-drink,櫃檯,工作檯,,,'kauntә,,,,,,TRUE,器具,燒烤架,蓋子,攪拌機,一撮,攪拌器,TRUE,blender,utensil,barbecue,mixer,scale,pinch,,,,
word-catalog-v1,CREATE_DRAFT,,,,,utensil,utensil,noun,B2,food-drink,器具,,,,ju:'tensl,,,,,,TRUE,攪拌器,櫃檯,炒鍋,燒烤架,一勺,一撮,TRUE,counter,wok,blender,lid,mixer,cupful,,,,
word-catalog-v1,CREATE_DRAFT,,,,,barbecue,barbecue,noun,B2,food-drink,燒烤架,,,,'bɑ:bikju:,,,,,,TRUE,攪拌機,攪拌器,器具,櫃檯,秤,一勺,TRUE,wok,utensil,blender,lid,scale,spoonful,,,,
word-catalog-v1,CREATE_DRAFT,,,,,blender,blender,noun,B2,food-drink,攪拌機,,,,'blendә,,,,,,TRUE,攪拌器,燒烤架,蓋子,炒鍋,杯,秤,TRUE,barbecue,wok,pinch,counter,mixer,spoonful,,,,
word-catalog-v1,CREATE_DRAFT,,,,,frying pan,frying pan,noun,B2,food-drink,煎鍋,,,,ˈfraɪ.ɪŋ ˌpæn,,,,,,TRUE,木勺,攪拌碗,青椒,紅薯,醬油,白醬,TRUE,mixing bowl,wooden spoon,green pepper,red pepper,goat cheese,sour cream,,,,
word-catalog-v1,CREATE_DRAFT,,,,,wok,wok,noun,B2,food-drink,炒鍋,,,,wɔk,,,,,,TRUE,蓋子,一撮,一勺,杯,攪拌機,秤,TRUE,cupful,lid,scale,pinch,mixer,spoonful,,,,
word-catalog-v1,CREATE_DRAFT,,,,,mixer,mixer,noun,B2,food-drink,攪拌器,,,,'miksә,,,,,,TRUE,攪拌機,器具,燒烤架,一勺,杯,食譜,TRUE,cupful,wok,lid,scale,barbecue,ingredient,,,,
word-catalog-v1,CREATE_DRAFT,,,,,lid,lid,noun,B2,food-drink,蓋子,,,,lid,,,,,,TRUE,一撮,炒鍋,秤,一勺,器具,配料,TRUE,pinch,cupful,scale,blender,wok,recipe,,,,
word-catalog-v1,CREATE_DRAFT,,,,,mixing bowl,mixing bowl,noun,B2,food-drink,攪拌碗,,,,ˈmɪk.sɪŋ ˌboʊl,,,,,,TRUE,木勺,煎鍋,紅辣椒,酸奶油,口香糖,番茄膏,TRUE,wooden spoon,frying pan,sweet potato,soy sauce,white sauce,chewing gum,,,,
word-catalog-v1,CREATE_DRAFT,,,,,wooden spoon,wooden spoon,noun,B2,food-drink,木勺,,,,ˌwʊd.ən ˈspuːn,,,,,,TRUE,煎鍋,攪拌碗,硬糖,冰塊,冰茶,青椒,TRUE,mixing bowl,frying pan,hard candy,tomato paste,ice cube,liquor store,,,,
word-catalog-v1,CREATE_DRAFT,,,,,scale,scale,noun,B2,food-drink,秤,,,,skeil,,,,,,TRUE,杯,一撮,蓋子,炒鍋,櫃檯,配料,TRUE,spoonful,pinch,cupful,utensil,blender,counter,,,,
word-catalog-v1,CREATE_DRAFT,,,,,pinch,pinch,noun,B2,food-drink,一撮,,,,pintʃ,,,,,,TRUE,一勺,秤,杯,炒鍋,櫃檯,食譜,TRUE,spoonful,scale,cupful,wok,counter,cuisine,,,,
word-catalog-v1,CREATE_DRAFT,,,,,cupful,cupful,noun,B2,food-drink,杯,,,,'kʌpful,,,,,,TRUE,秤,一撮,一勺,攪拌器,食譜,續杯,FALSE,,,,,,,,,,
word-catalog-v1,CREATE_DRAFT,,,,,spoonful,spoonful,noun,B2,food-drink,一勺,,,,'spu:nful,,,,,,TRUE,一撮,杯,蓋子,攪拌器,食譜,一份,TRUE,pinch,cupful,scale,barbecue,counter,carbohydrate,,,,
word-catalog-v1,CREATE_DRAFT,,,,,institution,institution,noun,B2,school-education,機構,,,,.insti'tju:ʃәn,,,,,,TRUE,室友,紀律,儲物櫃,證書,畢業舞會,碩士,FALSE,,,,,,,,,,
word-catalog-v1,CREATE_DRAFT,,,,,grade school,grade school,noun,B2,school-education,小學,,,,ˈɡreɪd ˌskuːl,,,,,,TRUE,暑期學校,研究生院,初中,高中,獎學金,小吃店,TRUE,graduate school,summer school,junior high school,senior high school,auxiliary verb,proper noun,,,,
word-catalog-v1,CREATE_DRAFT,,,,,graduate school,graduate school,noun,B2,school-education,研究生院,,,,ˈɡrædʒ.u.ət ˌskuːl,,,,,,TRUE,暑期學校,小學,初中,高中,研究生,實習生,TRUE,grade school,summer school,junior high school,senior high school,tag question,exclamation point,,,,
word-catalog-v1,CREATE_DRAFT,,,,,junior high school,junior high school,noun,B2,school-education,初中,,,,ˌdʒuː.ni.njɚ ˈhaɪ skuːl,,,,,,TRUE,高中,小學,研究生院,暑期學校,室友,紀律,TRUE,senior high school,graduate school,grade school,summer school,institution,prom,,,,
word-catalog-v1,CREATE_DRAFT,,,,,senior high school,senior high school,noun,B2,school-education,高中,,,,ˌsiː.njɚ ˈhaɪ ˌskuːl,,,,,,TRUE,初中,小學,研究生院,暑期學校,儲物櫃,證書,TRUE,junior high school,graduate school,grade school,summer school,locker,roommate,,,,
word-catalog-v1,CREATE_DRAFT,,,,,summer school,summer school,noun,B2,school-education,暑期學校,,,,ˈsʌm.ɚ ˌskuːl,,,,,,TRUE,小學,研究生院,高中,初中,專有名詞,過去分詞,TRUE,graduate school,grade school,senior high school,junior high school,question mark,past participle,,,,
word-catalog-v1,CREATE_DRAFT,,,,,prom,prom,noun,B2,school-education,畢業舞會,,,,prɔm,,,,,,TRUE,研討會,課程作業,主修科目,儲物櫃,贊助者,研究生,TRUE,discipline,locker,major,roommate,certificate,master,,,,
word-catalog-v1,CREATE_DRAFT,,,,,enroll,enroll,verb,B2,school-education,註冊,,,,in'rәul,,,,,,TRUE,掌握,輔導,評分,撥號,估計,反對,FALSE,,,,,,,,,,
word-catalog-v1,CREATE_DRAFT,,,,,register,register,verb,B2,school-education,註冊,,,,'redʒistә,,,,,,TRUE,掌握,輔導,評分,堅持,表揚,認為,FALSE,,,,,,,,,,
word-catalog-v1,CREATE_DRAFT,,,,,locker,locker,noun,B2,school-education,儲物櫃,,,,'lɒkә,,,,,,TRUE,畢業舞會,主修科目,室友,贊助者,紀律,實習生,TRUE,discipline,prom,major,roommate,postgraduate,trainee,,,,
word-catalog-v1,CREATE_DRAFT,,,,,roommate,roommate,noun,B2,school-education,室友,,,,'rjmmeit,,,,,,TRUE,碩士,證書,紀律,論文,課程,主修科目,TRUE,certificate,locker,discipline,postgraduate,prom,thesis,,,,
word-catalog-v1,CREATE_DRAFT,,,,,discipline,discipline,noun,B2,school-education,紀律,,,,'disiplin,,,,,,TRUE,碩士,室友,證書,論文,研究生,贊助者,TRUE,master,major,certificate,trainee,scholarship,postgraduate,,,,
word-catalog-v1,CREATE_DRAFT,,,,,major,major,noun,B2,school-education,主修科目,主修,,,'meidʒә,,,,,,TRUE,教科書,畢業舞會,儲物櫃,實習生,獎學金,研究生,TRUE,master,discipline,certificate,seminar,thesis,curriculum,,,,
word-catalog-v1,CREATE_DRAFT,,,,,certificate,certificate,noun,B2,school-education,證書,,,,sә'tifikeit,,,,,,TRUE,教科書,碩士,論文,課程,室友,研討會,TRUE,major,master,trainee,roommate,seminar,thesis,,,,
word-catalog-v1,CREATE_DRAFT,,,,,master,master,noun,B2,school-education,碩士,,,,'mɑ:stә. 'mæstә,,,,,,FALSE,,,,,,,TRUE,scholarship,postgraduate,curriculum,coursework,certificate,textbook,,,,
word-catalog-v1,CREATE_DRAFT,,,,,master,master,verb,B2,school-education,掌握,,,,'mɑ:stә. 'mæstә,,,,,,FALSE,,,,,,,TRUE,tutor,register,enroll,grade,dial,hold,,,,
word-catalog-v1,CREATE_DRAFT,,,,,postgraduate,postgraduate,noun,B2,school-education,研究生,,,,'pəʊstɡr'ædʒʊeɪt,,,,,,TRUE,實習生,研討會,贊助者,獎學金,練習冊,主修科目,TRUE,trainee,scholarship,seminar,workbook,sponsor,thesis,,,,
word-catalog-v1,CREATE_DRAFT,,,,,sponsor,sponsor,noun,B2,school-education,贊助者,,,,'spɒnsә,,,,,,FALSE,,,,,,,TRUE,curriculum,coursework,postgraduate,trainee,tutorial,seminar,,,,
word-catalog-v1,CREATE_DRAFT,,,,,trainee,trainee,noun,B2,school-education,實習生,,,,trei'ni:,,,,,,TRUE,練習冊,研究生,獎學金,贊助者,論文,課程,TRUE,scholarship,textbook,workbook,dormitory,thesis,curriculum,,,,
word-catalog-v1,CREATE_DRAFT,,,,,tutor,tutor,verb,B2,school-education,輔導,,,,'tju:tә,,,,,,TRUE,掌握,註冊,評分,評論,推測,撥號,TRUE,grade,register,enroll,master,friend,figure,,,,
word-catalog-v1,CREATE_DRAFT,,,,,thesis,thesis,noun,B2,school-education,論文,,,,'θi:sis,,,,,,TRUE,教程,宿舍,課程,研討會,獎學金,教科書,TRUE,coursework,buttery,scholarship,textbook,tutorial,seminar,,,,
word-catalog-v1,CREATE_DRAFT,,,,,scholarship,scholarship,noun,B2,school-education,獎學金,,,,'skɒlәʃip,,,,,,TRUE,課程作業,研討會,練習冊,小吃店,實習生,教科書,TRUE,workbook,dormitory,curriculum,coursework,buttery,tutorial,,,,
word-catalog-v1,CREATE_DRAFT,,,,,seminar,seminar,noun,B2,school-education,研討會,,,,'seminɑ:,,,,,,TRUE,研究生,畢業舞會,課程作業,練習冊,教程,獎學金,TRUE,textbook,workbook,dormitory,coursework,trainee,sponsor,,,,
word-catalog-v1,CREATE_DRAFT,,,,,curriculum,curriculum,noun,B2,school-education,課程,,,,kә'rikjulәm,,,,,,TRUE,課程作業,教程,宿舍,論文,小吃店,研討會,FALSE,,,,,,,,,,
word-catalog-v1,CREATE_DRAFT,,,,,optional,optional,adjective,B2,school-education,可選的,,,,'ɒpʃәnl,,,,,,TRUE,多項選擇的,被動的,語法的,條件的,完成的,主動的,TRUE,multiple-choice,progressive,active,passive,possessive,grammatical,,,,
word-catalog-v1,CREATE_DRAFT,,,,,grade,grade,verb,B2,school-education,評分,,,,-ɡreid,,,,,,TRUE,輔導,掌握,註冊,評論,估計,堅持,FALSE,,,,,,,,,,
word-catalog-v1,CREATE_DRAFT,,,,,coursework,coursework,noun,B2,school-education,課程作業,,,,ˈkɔ:swɜ:k,,,,,,TRUE,課程,教程,畢業舞會,教科書,練習冊,小吃店,TRUE,buttery,textbook,tutorial,workbook,thesis,postgraduate,,,,
word-catalog-v1,CREATE_DRAFT,,,,,textbook,textbook,noun,B2,school-education,教科書,,,,'tekstbuk,,,,,,TRUE,教程,證書,主修科目,宿舍,練習冊,課程作業,TRUE,dormitory,buttery,tutorial,seminar,thesis,trainee,,,,
word-catalog-v1,CREATE_DRAFT,,,,,workbook,workbook,noun,B2,school-education,練習冊,,,,'w\\\\:kbjk,,,,,,TRUE,實習生,教科書,小吃店,宿舍,教程,贊助者,TRUE,dormitory,textbook,buttery,coursework,major,locker,,,,
word-catalog-v1,CREATE_DRAFT,,,,,multiple-choice,multiple-choice,adjective,B2,school-education,多項選擇的,,,,ˈmʌltipl tʃɔis,,,,,,TRUE,可選的,進行式的,所有格的,被動的,語法的,條件的,TRUE,optional,conditional,perfect,progressive,active,passive,,,,
word-catalog-v1,CREATE_DRAFT,,,,,tutorial,tutorial,noun,B2,school-education,教程,,,,tju:'tɒ:riәl,,,,,,TRUE,課程,教科書,課程作業,宿舍,小吃店,碩士,TRUE,dormitory,workbook,buttery,textbook,seminar,master,,,,
word-catalog-v1,CREATE_DRAFT,,,,,dormitory,dormitory,noun,B2,school-education,宿舍,,,,'dɒ:mitәri,,,,,,TRUE,教程,小吃店,練習冊,論文,獎學金,碩士,TRUE,tutorial,buttery,workbook,scholarship,sponsor,discipline,,,,
word-catalog-v1,CREATE_DRAFT,,,,,buttery,buttery,noun,B2,school-education,小吃店,,,,'bʌtәri,,,,,,TRUE,宿舍,練習冊,教科書,教程,研究生,論文,TRUE,dormitory,tutorial,coursework,textbook,thesis,certificate,,,,
word-catalog-v1,CREATE_DRAFT,,,,,mortgage,mortgage,noun,B2,places-community,抵押貸款,,,,'mɒ:gidʒ,,,,,,TRUE,摩天大樓,頂層公寓,複式公寓,財產,綜合體,豪宅,TRUE,property,skyscraper,mansion,condominium,penthouse,duplex,,,,
word-catalog-v1,CREATE_DRAFT,,,,,property,property,noun,B2,places-community,財產,,,,'prɒpәti,,,,,,TRUE,公寓,豪宅,抵押貸款,船屋,閣樓,摩天大樓,FALSE,,,,,,,,,,
word-catalog-v1,CREATE_DRAFT,,,,,skyscraper,skyscraper,noun,B2,places-community,摩天大樓,,,,'skaiskreipә,,,,,,TRUE,閣樓,抵押貸款,頂層公寓,複式公寓,財產,公寓,TRUE,mortgage,property,mansion,condominium,complex,houseboat,,,,
word-catalog-v1,CREATE_DRAFT,,,,,mansion,mansion,noun,B2,places-community,豪宅,,,,'mænʃәn,,,,,,TRUE,公寓,財產,船屋,地窖,綜合體,露臺,TRUE,skyscraper,penthouse,mortgage,duplex,complex,attic,,,,
word-catalog-v1,CREATE_DRAFT,,,,,condominium,condominium,noun,B2,places-community,公寓,,,,.kɒndә'miniәm,,,,,,TRUE,頂層公寓,複式公寓,豪宅,船屋,地窖,屋頂,FALSE,,,,,,,,,,
word-catalog-v1,CREATE_DRAFT,,,,,penthouse,penthouse,noun,B2,places-community,頂層公寓,,,,'penthaus,,,,,,TRUE,公寓,複式公寓,屋頂,摩天大樓,抵押貸款,地下室,TRUE,condominium,duplex,basement,mansion,complex,cellar,,,,
word-catalog-v1,CREATE_DRAFT,,,,,duplex,duplex,noun,B2,places-community,複式公寓,,,,'dju:pleks,,,,,,TRUE,公寓,頂層公寓,綜合體,嬰兒房,摩天大樓,地下室,TRUE,penthouse,houseboat,attic,nursery,basement,patio,,,,
word-catalog-v1,CREATE_DRAFT,,,,,complex,complex,noun,B2,places-community,綜合體,,,,kәm'pleks,,,,,,TRUE,嬰兒房,地下室,閣樓,門鈴,露臺,門階,TRUE,houseboat,cellar,rooftop,duplex,attic,nursery,,,,
word-catalog-v1,CREATE_DRAFT,,,,,housing development,housing development,noun,B2,places-community,住宅開發,,,,,,,,,,TRUE,聯排別墅,中央供暖,煙霧報警器,空調,垃圾桶,養老院,TRUE,row house,air conditioning,central heating,smoke alarm,garbage can,nursing home,,,,
word-catalog-v1,CREATE_DRAFT,,,,,row house,row house,noun,B2,places-community,聯排別墅,,,,ˈrəʊ haʊs,,,,,,TRUE,住宅開發,中央供暖,煙霧報警器,空調,市政廳,殯儀館,TRUE,housing development,air conditioning,central heating,smoke alarm,town hall,funeral home,,,,
word-catalog-v1,CREATE_DRAFT,,,,,houseboat,houseboat,noun,B2,places-community,船屋,,,,'haʊsbəʊt,,,,,,TRUE,屋頂,地窖,門口,閣樓,門鈴,露臺,TRUE,doorbell,basement,patio,doorstep,cellar,rooftop,,,,
word-catalog-v1,CREATE_DRAFT,,,,,attic,attic,noun,B2,places-community,閣樓,,,,'ætik,,,,,,TRUE,摩天大樓,船屋,門階,地窖,門口,門鈴,TRUE,doorway,nursery,doorbell,houseboat,basement,doorstep,,,,
word-catalog-v1,CREATE_DRAFT,,,,,basement,basement,noun,B2,places-community,地下室,,,,'beɪsm(ə)nt,,,,,,TRUE,地窖,嬰兒房,五斗櫃,綜合體,露臺,門階,TRUE,patio,attic,cellar,rooftop,doorway,bureau,,,,
word-catalog-v1,CREATE_DRAFT,,,,,cellar,cellar,noun,B2,places-community,地窖,,,,'selә,,,,,,TRUE,地下室,抽屜,屋頂,門口,門鈴,家務,TRUE,nursery,doorbell,patio,doorstep,drawer,bureau,,,,
word-catalog-v1,CREATE_DRAFT,,,,,nursery,nursery,noun,B2,places-community,嬰兒房,,,,'nә:sәri,,,,,,TRUE,五斗櫃,地下室,露臺,門階,抽屜,屋頂,TRUE,rooftop,doorway,doorbell,chore,cellar,drawer,,,,
word-catalog-v1,CREATE_DRAFT,,,,,patio,patio,noun,B2,places-community,露臺,,,,'pɑ:tiәu,,,,,,TRUE,門口,門鈴,嬰兒房,家務,門階,五斗櫃,TRUE,doorstep,nursery,rooftop,doorway,bureau,chore,,,,
word-catalog-v1,CREATE_DRAFT,,,,,rooftop,rooftop,noun,B2,places-community,屋頂,,,,'ru:ftɒp,,,,,,TRUE,船屋,頂層公寓,抽屜,門口,露臺,門鈴,FALSE,,,,,,,,,,
word-catalog-v1,CREATE_DRAFT,,,,,doorbell,doorbell,noun,B2,places-community,門鈴,,,,'dɒ:bel,,,,,,TRUE,門階,門口,家務,屋頂,閣樓,船屋,TRUE,doorstep,drawer,patio,doorway,chore,basement,,,,
word-catalog-v1,CREATE_DRAFT,,,,,doorstep,doorstep,noun,B2,places-community,門階,,,,'dɒ:step,,,,,,TRUE,門鈴,門口,抽屜,五斗櫃,地窖,豪宅,TRUE,doorbell,bureau,drawer,doorway,blueprint,attic,,,,
word-catalog-v1,CREATE_DRAFT,,,,,doorway,doorway,noun,B2,places-community,門口,,,,'dɒ:wei,,,,,,TRUE,門階,門鈴,家務,抽屜,露臺,地窖,TRUE,doorstep,bureau,chore,doorbell,blueprint,cellar,,,,
word-catalog-v1,CREATE_DRAFT,,,,,air conditioning,air conditioning,noun,B2,places-community,空調,,,,ˈer kənˌdɪʃ.ən.ɪŋ,,,,,,TRUE,垃圾桶,中央供暖,煙霧報警器,住宅開發,手剎,車牌號,TRUE,central heating,smoke alarm,garbage can,housing development,hot-air balloon,driving school,,,,
word-catalog-v1,CREATE_DRAFT,,,,,central heating,central heating,noun,B2,places-community,中央供暖,,,,ˌsen.trəl ˈhiː.t̬ɪŋ,,,,,,TRUE,煙霧報警器,垃圾桶,空調,住宅開發,駕駛學校,機動車輛,TRUE,air conditioning,smoke alarm,garbage can,housing development,license number,motor vehicle,,,,
word-catalog-v1,CREATE_DRAFT,,,,,smoke alarm,smoke alarm,noun,B2,places-community,煙霧報警器,,,,sməuk əˈlɑ:m,,,,,,TRUE,中央供暖,垃圾桶,聯排別墅,住宅開發,市政廳,駕駛學校,TRUE,central heating,air conditioning,garbage can,housing development,emergency brake,safety belt,,,,
word-catalog-v1,CREATE_DRAFT,,,,,bureau,bureau,noun,B2,places-community,五斗櫃,,,,'bjuәrәu,,,,,,TRUE,詳細計劃,家務,抽屜,嬰兒房,地下室,綜合體,TRUE,drawer,chore,blueprint,doorway,nursery,houseboat,,,,
word-catalog-v1,CREATE_DRAFT,,,,,drawer,drawer,noun,B2,places-community,抽屜,,,,'drɒ:ә,,,,,,TRUE,家務,五斗櫃,詳細計劃,門口,屋頂,露臺,TRUE,bureau,chore,blueprint,rooftop,patio,complex,,,,
word-catalog-v1,CREATE_DRAFT,,,,,garbage can,garbage can,noun,B2,places-community,垃圾桶,,,,ˈɡɑːr.bɪdʒ ˌkæn,,,,,,TRUE,空調,中央供暖,煙霧報警器,安全帶,轉向燈,車牌號,FALSE,,,,,,,,,,
word-catalog-v1,CREATE_DRAFT,,,,,chore,chore,noun,B2,places-community,家務,,,,tʃɒ:,,,,,,TRUE,抽屜,五斗櫃,詳細計劃,門階,閣樓,門口,TRUE,drawer,blueprint,bureau,doorstep,rooftop,basement,,,,
word-catalog-v1,CREATE_DRAFT,,,,,mop,mop,verb,B2,places-community,拖地,,,,mɒp,,,,,,TRUE,擦洗,掃,擦,塗,配備傢俱,用吸塵器清潔,TRUE,scrub,sweep,vacuum,wipe,furnish,coat,,,,
word-catalog-v1,CREATE_DRAFT,,,,,scrub,scrub,verb,B2,places-community,擦洗,,,,skrʌb,,,,,,TRUE,擦,拖地,掃,塗,建造,夷平,TRUE,mop,sweep,vacuum,wipe,construct,level,,,,
word-catalog-v1,CREATE_DRAFT,,,,,sweep,sweep,verb,B2,places-community,掃,,,,swi:p,,,,,,TRUE,擦,擦洗,拖地,塗,重建,剎車,TRUE,scrub,mop,furnish,vacuum,rebuild,construct,,,,
word-catalog-v1,CREATE_DRAFT,,,,,vacuum,vacuum,verb,B2,places-community,用吸塵器清潔,,,,''vækjuәm,,,,,,TRUE,配備傢俱,擦洗,拖地,掃,建造,重建,TRUE,coat,sweep,wipe,mop,rebuild,brake,,,,
word-catalog-v1,CREATE_DRAFT,,,,,wipe,wipe,verb,B2,places-community,擦,,,,waip,,,,,,TRUE,擦洗,掃,塗,拖地,離開,導航,TRUE,furnish,coat,scrub,mop,level,exit,,,,
word-catalog-v1,CREATE_DRAFT,,,,,furnish,furnish,verb,B2,places-community,配備傢俱,,,,'fә:niʃ,,,,,,TRUE,用吸塵器清潔,擦,擦洗,拖地,夷平,加燃料,TRUE,wipe,coat,vacuum,mop,navigate,rush,,,,
word-catalog-v1,CREATE_DRAFT,,,,,coat,coat,verb,B2,places-community,塗,,,,kәut,,,,,,TRUE,擦,掃,配備傢俱,拖地,匆忙,減慢,TRUE,furnish,sweep,wipe,mop,slow,fuel,,,,
word-catalog-v1,CREATE_DRAFT,,,,,blueprint,blueprint,noun,B2,places-community,詳細計劃,,,,'blu:'print,,,,,,TRUE,五斗櫃,家務,抽屜,嬰兒房,複式公寓,抵押貸款,TRUE,chore,drawer,bureau,doorbell,penthouse,skyscraper,,,,
word-catalog-v1,CREATE_DRAFT,,,,,arrogant,arrogant,adjective,B2,emotions-personality,傲慢的,,,,'ærәɡәnt,,,,,,TRUE,體面的,大膽的,隨和的,熱情的,健忘的,貪婪的,TRUE,bold,decent,dishonest,easy-going,energetic,enthusiastic,,,,
word-catalog-v1,CREATE_DRAFT,,,,,bold,bold,adjective,B2,emotions-personality,大膽的,,,,bәuld,,,,,,TRUE,傲慢的,體面的,隨和的,熱情的,活潑的,邏輯的,FALSE,,,,,,,,,,
word-catalog-v1,CREATE_DRAFT,,,,,caring,caring,noun,B2,emotions-personality,關心,,,,'kεәriŋ,,,,,,TRUE,仰慕者,新郎,求婚,恩愛夫妻,週年紀念,熱情,FALSE,,,,,,,,,,
word-catalog-v1,CREATE_DRAFT,,,,,decent,decent,adjective,B2,emotions-personality,體面的,,,,'di:sәnt,,,,,,TRUE,大膽的,隨和的,傲慢的,健忘的,謙虛的,活潑的,TRUE,arrogant,dishonest,bold,easy-going,dynamic,forgetful,,,,
word-catalog-v1,CREATE_DRAFT,,,,,dishonest,dishonest,adjective,B2,emotions-personality,不誠實的,,,,dis'ɒnist,,,,,,TRUE,真誠的,不耐煩的,忠誠的,不可靠的,不穩定的,不確定的,TRUE,decent,energetic,enthusiastic,greedy,arrogant,dynamic,,,,
word-catalog-v1,CREATE_DRAFT,,,,,easy-going,easy-going,adjective,B2,emotions-personality,隨和的,,,,'i:zigәuiŋ,,,,,,TRUE,體面的,熱情的,貪婪的,邏輯的,道德的,謙虛的,TRUE,impatient,dishonest,energetic,forgetful,lively,decent,,,,
word-catalog-v1,CREATE_DRAFT,,,,,energetic,energetic,adjective,B2,emotions-personality,精力充沛的,,,,.enә'dʒetik,,,,,,TRUE,充滿活力的,暴力的,充滿愛意的,不誠實的,健忘的,不耐煩的,TRUE,easy-going,enthusiastic,greedy,logical,dynamic,impatient,,,,
word-catalog-v1,CREATE_DRAFT,,,,,enthusiastic,enthusiastic,adjective,B2,emotions-personality,熱情的,,,,in.θju:zi'æstik,,,,,,TRUE,同情的,貪婪的,隨和的,健忘的,活潑的,樂觀的,FALSE,,,,,,,,,,
word-catalog-v1,CREATE_DRAFT,,,,,dynamic,dynamic,adjective,B2,emotions-personality,充滿活力的,,,,dai'næmik,,,,,,TRUE,精力充沛的,充滿愛意的,活潑的,暴力的,不誠實的,熱情的,TRUE,modest,forgetful,lively,moody,greedy,logical,,,,
word-catalog-v1,CREATE_DRAFT,,,,,forgetful,forgetful,adjective,B2,emotions-personality,健忘的,,,,fә'getful,,,,,,TRUE,貪婪的,邏輯的,道德的,悲觀的,樂觀的,合理的,TRUE,moral,impatient,modest,nosy,lively,moody,,,,
word-catalog-v1,CREATE_DRAFT,,,,,greedy,greedy,adjective,B2,emotions-personality,貪婪的,,,,'gri:di,,,,,,TRUE,謙虛的,邏輯的,道德的,悲觀的,健忘的,自信的,TRUE,optimistic,logical,moral,pessimistic,forgetful,impatient,,,,
word-catalog-v1,CREATE_DRAFT,,,,,impatient,impatient,adjective,B2,emotions-personality,不耐煩的,,,,im'peiʃәnt,,,,,,TRUE,不誠實的,不可靠的,不穩定的,不確定的,謙虛的,貪婪的,TRUE,modest,nosy,passionate,greedy,lively,optimistic,,,,
word-catalog-v1,CREATE_DRAFT,,,,,lively,lively,adjective,B2,emotions-personality,活潑的,,,,'laivli,,,,,,TRUE,充滿活力的,樂觀的,合理的,敏感的,邏輯的,謙虛的,TRUE,moody,reasonable,logical,moral,pessimistic,respectable,,,,
word-catalog-v1,CREATE_DRAFT,,,,,logical,logical,adjective,B2,emotions-personality,邏輯的,,,,'lɒdʒɪk(ə)l,,,,,,TRUE,道德的,悲觀的,活潑的,自信的,樂觀的,敏感的,TRUE,modest,nosy,passionate,self-confident,moody,reasonable,,,,
word-catalog-v1,CREATE_DRAFT,,,,,modest,modest,adjective,B2,emotions-personality,謙虛的,,,,'mɒdist,,,,,,TRUE,合理的,道德的,悲觀的,真誠的,自信的,同情的,TRUE,optimistic,sensitive,moral,pessimistic,respectable,sincere,,,,
word-catalog-v1,CREATE_DRAFT,,,,,moody,moody,adjective,B2,emotions-personality,喜怒無常,,,,'mu:di,,,,,,TRUE,深受喜愛的,好管閒事的,不耐煩的,受人尊敬的,意志堅強的,精力充沛的,TRUE,nosy,passionate,self-confident,strong-willed,optimistic,sensitive,,,,
word-catalog-v1,CREATE_DRAFT,,,,,moral,moral,adjective,B2,emotions-personality,道德的,,,,'mɒrәl,,,,,,TRUE,樂觀的,合理的,敏感的,悲觀的,真誠的,熱情的,FALSE,,,,,,,,,,
word-catalog-v1,CREATE_DRAFT,,,,,nosy,nosy,adjective,B2,emotions-personality,好管閒事的,,,,'nәuzi,,,,,,TRUE,受人尊敬的,意志堅強的,自信的,道德的,樂觀的,寬容的,TRUE,reasonable,sympathetic,pessimistic,respectable,sincere,unreliable,,,,
word-catalog-v1,CREATE_DRAFT,,,,,optimistic,optimistic,adjective,B2,emotions-personality,樂觀的,,,,.ɒpti'mistik,,,,,,TRUE,悲觀的,合理的,敏感的,同情的,嚴厲的,吝嗇的,TRUE,passionate,self-confident,strong-willed,unstable,reasonable,sympathetic,,,,
word-catalog-v1,CREATE_DRAFT,,,,,pessimistic,pessimistic,adjective,B2,emotions-personality,悲觀的,,,,.pesi'mistik,,,,,,TRUE,樂觀的,真誠的,熱情的,自信的,寬容的,可愛的,TRUE,sensitive,unsure,respectable,sincere,unreliable,violent,,,,
word-catalog-v1,CREATE_DRAFT,,,,,passionate,passionate,adjective,B2,emotions-personality,熱情的,,,,'pæʃәnit,,,,,,TRUE,同情的,合理的,敏感的,真誠的,暴力的,寬容的,FALSE,,,,,,,,,,
word-catalog-v1,CREATE_DRAFT,,,,,reasonable,reasonable,adjective,B2,emotions-personality,合理的,,,,'ri:znәbl,,,,,,TRUE,嚴厲的,吝嗇的,自信的,可愛的,著迷的,敏感的,TRUE,self-confident,strong-willed,unstable,lenient,sensitive,unsure,,,,
word-catalog-v1,CREATE_DRAFT,,,,,respectable,respectable,adjective,B2,emotions-personality,受人尊敬的,,,,ri'spektәbl,,,,,,TRUE,深受喜愛的,好管閒事的,意志堅強的,不可靠的,不穩定的,不確定的,TRUE,sympathetic,tough,sincere,unreliable,violent,tight-fisted,,,,
word-catalog-v1,CREATE_DRAFT,,,,,self-confident,self-confident,adjective,B2,emotions-personality,自信的,,,,'self'kɔnfidәnt,,,,,,TRUE,同情的,嚴厲的,真誠的,暴力的,吝嗇的,忠誠的,FALSE,,,,,,,,,,
word-catalog-v1,CREATE_DRAFT,,,,,sensitive,sensitive,adjective,B2,emotions-personality,敏感的,,,,'sensitiv,,,,,,TRUE,被愛的,寬容的,可愛的,著迷的,同情的,嚴厲的,TRUE,strong-willed,unstable,lenient,adorable,sympathetic,tough,,,,
word-catalog-v1,CREATE_DRAFT,,,,,sincere,sincere,adjective,B2,emotions-personality,真誠的,,,,sin'siә,,,,,,TRUE,忠誠的,不誠實的,暴力的,吝嗇的,敏感的,被愛的,TRUE,unsure,beloved,unreliable,violent,tight-fisted,committed,,,,
word-catalog-v1,CREATE_DRAFT,,,,,strong-willed,strong-willed,adjective,B2,emotions-personality,意志堅強的,,,,'strɔŋ'wild; 'strɔ:ŋ-,,,,,,TRUE,充滿愛意的,受人尊敬的,不可靠的,不穩定的,不確定的,寬容的,TRUE,unstable,lenient,adorable,enchanted,sincere,unsure,,,,
word-catalog-v1,CREATE_DRAFT,,,,,sympathetic,sympathetic,adjective,B2,emotions-personality,同情的,,,,.simpә'θetik,,,,,,TRUE,熱情的,可愛的,著迷的,嚴厲的,暴力的,忠誠的,TRUE,tough,beloved,hot,strong-willed,unreliable,violent,,,,
word-catalog-v1,CREATE_DRAFT,,,,,unreliable,unreliable,adjective,B2,emotions-personality,不可靠的,,,,.ʌnri'laiәbl,,,,,,TRUE,可愛的,不穩定的,不確定的,不耐煩的,不誠實的,相思病的,TRUE,tight-fisted,committed,loved,sympathetic,unstable,lenient,,,,
word-catalog-v1,CREATE_DRAFT,,,,,unstable,unstable,adjective,B2,emotions-personality,不穩定的,,,,.ʌn'steibl,,,,,,TRUE,不確定的,不可靠的,不耐煩的,不誠實的,吝嗇的,被愛的,TRUE,adorable,enchanted,loving,unsure,tough,beloved,,,,
word-catalog-v1,CREATE_DRAFT,,,,,unsure,unsure,adjective,B2,emotions-personality,不確定的,,,,.ʌn'ʃuә,,,,,,TRUE,不穩定的,不可靠的,不耐煩的,不誠實的,寬容的,著迷的,FALSE,,,,,,,,,,
word-catalog-v1,CREATE_DRAFT,,,,,violent,violent,adjective,B2,emotions-personality,暴力的,,,,'vaiәlәnt,,,,,,TRUE,充滿活力的,精力充沛的,嚴厲的,吝嗇的,忠誠的,被愛的,TRUE,hot,lovesick,tight-fisted,committed,loved,adorable,,,,
word-catalog-v1,CREATE_DRAFT,,,,,lenient,lenient,adjective,B2,emotions-personality,寬容的,,,,'li:njәnt,,,,,,TRUE,可愛的,著迷的,暴力的,吝嗇的,被愛的,真誠的,TRUE,enchanted,loving,violent,tough,hot,lovesick,,,,
word-catalog-v1,CREATE_DRAFT,,,,,tough,tough,adjective,B2,emotions-personality,嚴厲的,,,,tʌf,,,,,,TRUE,寬容的,忠誠的,可愛的,著迷的,吝嗇的,相思病的,TRUE,beloved,lenient,tight-fisted,committed,adorable,enchanted,,,,
word-catalog-v1,CREATE_DRAFT,,,,,tight-fisted,tight-fisted,adjective,B2,emotions-personality,吝嗇的,,,,'tait'fistid,,,,,,TRUE,嚴厲的,忠誠的,被愛的,可愛的,相思病的,自信的,TRUE,loved,loving,beloved,hot,lovesick,lenient,,,,
word-catalog-v1,CREATE_DRAFT,,,,,adorable,adorable,adjective,B2,emotions-personality,可愛的,,,,ә'dɒ:rәbl,,,,,,TRUE,被愛的,不可靠的,深受喜愛的,充滿愛意的,著迷的,嚴厲的,FALSE,,,,,,,,,,
word-catalog-v1,CREATE_DRAFT,,,,,beloved,beloved,adjective,B2,emotions-personality,深受喜愛的,,,,bi'lʌvd,,,,,,TRUE,可愛的,被愛的,充滿愛意的,受人尊敬的,相思病的,意志堅強的,TRUE,committed,loved,enchanted,loving,hot,unsure,,,,
word-catalog-v1,CREATE_DRAFT,,,,,committed,committed,adjective,B2,emotions-personality,忠誠的,,,,kəˈmɪt̬.ɪd,,,,,,TRUE,真誠的,不誠實的,著迷的,寬容的,吝嗇的,嚴厲的,FALSE,,,,,,,,,,
word-catalog-v1,CREATE_DRAFT,,,,,enchanted,enchanted,adjective,B2,emotions-personality,著迷的,,,,ɪnˈtʃɑ:ntɪd,,,,,,TRUE,忠誠的,被愛的,暴力的,同情的,可愛的,合理的,FALSE,,,,,,,,,,
word-catalog-v1,CREATE_DRAFT,,,,,hot,hot,adjective,B2,emotions-personality,辣,,,,hɒt,,,,,,TRUE,相思病的,深受喜愛的,著迷的,充滿愛意的,忠誠的,喜怒無常,TRUE,lovesick,loved,loving,enchanted,adorable,unstable,,,,
word-catalog-v1,CREATE_DRAFT,,,,,loved,loved,adjective,B2,emotions-personality,被愛的,,,,lʌvd,,,,,,TRUE,可愛的,深受喜愛的,充滿愛意的,著迷的,寬容的,暴力的,TRUE,lovesick,hot,loving,committed,unreliable,sympathetic,,,,
word-catalog-v1,CREATE_DRAFT,,,,,loving,loving,adjective,B2,emotions-personality,充滿愛意的,,,,'lʌviŋ,,,,,,TRUE,充滿活力的,被愛的,深受喜愛的,可愛的,意志堅強的,精力充沛的,TRUE,loved,lovesick,hot,enchanted,sensitive,strong-willed,,,,
word-catalog-v1,CREATE_DRAFT,,,,,lovesick,lovesick,adjective,B2,emotions-personality,相思病的,,,,'lʌvsik,,,,,,TRUE,被愛的,忠誠的,不確定的,著迷的,不穩定的,充滿愛意的,TRUE,loving,loved,beloved,committed,tight-fisted,tough,,,,
word-catalog-v1,CREATE_DRAFT,,,,,admirer,admirer,noun,B2,emotions-personality,仰慕者,,,,әd'maiәrә,,,,,,TRUE,恩愛夫妻,週年紀念,新郎,情人節卡片,吻痕,關心,TRUE,lovebirds,anniversary,bridegroom,proposal,passion,Valentine,,,,
word-catalog-v1,CREATE_DRAFT,,,,,other half,other half,noun,B2,emotions-personality,另一半,,,,ˈʌðə(r hɑ:f,,,,,,TRUE,人生伴侶,心碎,風流韻事,養眼的東西,少男少女的愛戀,海軍藍,FALSE,,,,,,,,,,
word-catalog-v1,CREATE_DRAFT,,,,,better half,better half,noun,B2,emotions-personality,另一半,,,,ˈbetə hɑ:f,,,,,,TRUE,人生伴侶,心碎,風流韻事,決策者,毫無疑問,當然,FALSE,,,,,,,,,,
word-catalog-v1,CREATE_DRAFT,,,,,lovebirds,lovebirds,noun,B2,emotions-personality,恩愛夫妻,,,,'lʌvbɜ:dz,,,,,,TRUE,週年紀念,仰慕者,求婚,情人節卡片,吻痕,尷尬,TRUE,admirer,anniversary,bridegroom,proposal,hickey,caring,,,,
word-catalog-v1,CREATE_DRAFT,,,,,significant other,significant other,noun,B2,emotions-personality,人生伴侶,,,,siɡˈnifikənt ˈʌðə(r,,,,,,TRUE,另一半,養眼的東西,風流韻事,心碎,不可更改,毫無疑問,TRUE,other half,better half,broken heart,eye candy,love affair,puppy love,,,,
word-catalog-v1,CREATE_DRAFT,,,,,anniversary,anniversary,noun,B2,emotions-personality,週年紀念,,,,æni'vә:sәri,,,,,,TRUE,恩愛夫妻,仰慕者,新郎,情人節卡片,恐慌,憐憫,TRUE,lovebirds,bridegroom,admirer,proposal,awkward,embarrassment,,,,
word-catalog-v1,CREATE_DRAFT,,,,,bridegroom,bridegroom,noun,B2,emotions-personality,新郎,,,,'braidgrum,,,,,,TRUE,求婚,熱情,週年紀念,吻痕,關心,解脫,FALSE,,,,,,,,,,
word-catalog-v1,CREATE_DRAFT,,,,,propose,propose,verb,B2,emotions-personality,求婚,,,,prә'pәuz,,,,,,TRUE,追求,崇拜,後悔,使驚奇,保證,打賭,FALSE,,,,,,,,,,
word-catalog-v1,CREATE_DRAFT,,,,,proposal,proposal,noun,B2,emotions-personality,求婚,,,,prә'pәuzl,,,,,,TRUE,新郎,熱情,仰慕者,吻痕,情人節卡片,壓力,FALSE,,,,,,,,,,
word-catalog-v1,CREATE_DRAFT,,,,,broken heart,broken heart,noun,B2,emotions-personality,心碎,,,,ˈbrəukən hɑ:t,,,,,,TRUE,另一半,養眼的東西,人生伴侶,風流韻事,關心,常識,TRUE,eye candy,significant other,love affair,puppy love,no doubt,you bet,,,,
word-catalog-v1,CREATE_DRAFT,,,,,eye candy,eye candy,noun,B2,emotions-personality,養眼的東西,,,,ai ˈkændi,,,,,,TRUE,少男少女的愛戀,風流韻事,人生伴侶,另一半,不可更改,決策者,TRUE,broken heart,love affair,significant other,puppy love,in stone,common sense,,,,
word-catalog-v1,CREATE_DRAFT,,,,,Prince Charming,Prince Charming,proper_noun,B2,emotions-personality,白馬王子,,,,ˌprɪns ˈtʃɑːr.mɪŋ,,,,,,TRUE,天王星,海王星,參議院,共和黨,保守黨,民主黨,TRUE,Senate,Republican Party,Conservative Party,Democratic Party,the Middle Ages,Renaissance,,,,
word-catalog-v1,CREATE_DRAFT,,,,,love affair,love affair,noun,B2,emotions-personality,風流韻事,,,,ˈlʌv əˌfer,,,,,,TRUE,養眼的東西,人生伴侶,心碎,另一半,零點,決策者,TRUE,puppy love,eye candy,broken heart,significant other,navy blue,ground zero,,,,
word-catalog-v1,CREATE_DRAFT,,,,,passion,passion,noun,B2,emotions-personality,熱情,,,,'pæʃәn,,,,,,TRUE,情人節卡片,求婚,新郎,吻痕,恐懼,刺激,FALSE,,,,,,,,,,
word-catalog-v1,CREATE_DRAFT,,,,,puppy love,puppy love,noun,B2,emotions-personality,少男少女的愛戀,,,,ˈpʌp.i ˌlʌv,,,,,,TRUE,養眼的東西,風流韻事,人生伴侶,毫無疑問,零點,情人節卡片,TRUE,love affair,eye candy,broken heart,significant other,decision maker,passion,,,,
word-catalog-v1,CREATE_DRAFT,,,,,Valentine,Valentine,noun,B2,emotions-personality,情人節卡片,情人節賀卡,,,'vælәntain,,,,,,TRUE,熱情,恩愛夫妻,週年紀念,吻痕,驚奇,抑鬱,TRUE,passion,hickey,proposal,anniversary,enthusiasm,panic,,,,
word-catalog-v1,CREATE_DRAFT,,,,,adore,adore,verb,B2,emotions-personality,崇拜,,,,ә'dɒ:,,,,,,TRUE,追求,求婚,後悔,使驚奇,確保,預測,TRUE,woo,propose,amaze,regret,assure,bet,,,,
word-catalog-v1,CREATE_DRAFT,,,,,ask out,ask out,phrasal_verb,B2,emotions-personality,約出去,,,,ɑ:sk aut,,,,,,TRUE,約會,勾搭,使失望,毫無進展,仔細考慮,騙賣,TRUE,go out,hook up,check out,fall out,pick out,let down,,,,
word-catalog-v1,CREATE_DRAFT,,,,,go out,go out,phrasal_verb,B2,emotions-personality,約會,,,,,,,,,,TRUE,約出去,勾搭,積累,挑選,渴望,檢查,FALSE,,,,,,,,,,
word-catalog-v1,CREATE_DRAFT,,,,,woo,woo,verb,B2,emotions-personality,追求,,,,wu:,,,,,,TRUE,求婚,崇拜,後悔,使驚奇,猶豫,回憶,TRUE,adore,propose,amaze,regret,ensure,forecast,,,,
word-catalog-v1,CREATE_DRAFT,,,,,hook up,hook up,phrasal_verb,B2,emotions-personality,勾搭,,,,'hukʌp,,,,,,TRUE,約會,約出去,騙賣,鬧翻,解釋,積累,TRUE,ask out,go out,build up,go nowhere,get nowhere,think over,,,,
word-catalog-v1,CREATE_DRAFT,,,,,hickey,hickey,noun,B2,emotions-personality,吻痕,,,,'hiki,,,,,,TRUE,熱情,新郎,求婚,情人節卡片,關心,憤怒,TRUE,Valentine,passion,bridegroom,admirer,caring,pity,,,,
word-catalog-v1,CREATE_DRAFT,,,,,acoustic guitar,acoustic guitar,noun,B2,arts-culture-media,原聲吉他,,,,əˌkuː.stɪk ɡɪˈtɑːr,,,,,,TRUE,低音吉他,三角鋼琴,鄉村音樂,重金屬,歌劇院,唱片機,TRUE,bass guitar,grand piano,country music,heavy metal,opera house,record player,,,,
word-catalog-v1,CREATE_DRAFT,,,,,bass guitar,bass guitar,noun,B2,arts-culture-media,低音吉他,,,,beis ɡiˈtɑ:,,,,,,TRUE,原聲吉他,鄉村音樂,音響系統,三角鋼琴,重金屬,朋克搖滾,TRUE,acoustic guitar,grand piano,country music,heavy metal,sound system,punk rock,,,,
word-catalog-v1,CREATE_DRAFT,,,,,drumstick,drumstick,noun,B2,arts-culture-media,鼓棒,,,,'drʌmstik,,,,,,TRUE,長號,藍調,嘻哈,管風琴,說唱,民間音樂,TRUE,trombone,blues,folk,rap,organ,hip-hop,,,,
word-catalog-v1,CREATE_DRAFT,,,,,grand piano,grand piano,noun,B2,arts-culture-media,三角鋼琴,,,,ɡrænd piˈænəu,,,,,,TRUE,低音吉他,原聲吉他,鄉村音樂,重金屬,巫毒娃娃,有線電視,TRUE,bass guitar,acoustic guitar,country music,heavy metal,cable television,fake news,,,,
word-catalog-v1,CREATE_DRAFT,,,,,organ,organ,noun,B2,arts-culture-media,管風琴,,,,'ɔ:ɡən,,,,,,FALSE,,,,,,,TRUE,drumstick,trombone,blues,chorus,folk,composer,,,,
word-catalog-v1,CREATE_DRAFT,,,,,trombone,trombone,noun,B2,arts-culture-media,長號,,,,'trɒmbәun,,,,,,TRUE,鼓棒,藍調,嘻哈,說唱,演出,音軌,TRUE,drumstick,rap,blues,chart,hip-hop,chorus,,,,
word-catalog-v1,CREATE_DRAFT,,,,,blues,blues,noun,B2,arts-culture-media,藍調,,,,blu:z,,,,,,TRUE,音調,長號,鼓棒,嘻哈,說唱,合唱團,TRUE,trombone,gig,folk,rap,composer,track,,,,
word-catalog-v1,CREATE_DRAFT,,,,,country music,country music,noun,B2,arts-culture-media,鄉村音樂,,,,ˈkʌntri ˈmju:zik,,,,,,TRUE,低音吉他,音響系統,三角鋼琴,原聲吉他,歌劇院,音效,TRUE,grand piano,heavy metal,bass guitar,acoustic guitar,news desk,talk show,,,,
word-catalog-v1,CREATE_DRAFT,,,,,folk,folk,noun,B2,arts-culture-media,民間音樂,,,,fәuk,,,,,,TRUE,音軌,音符,音量,音調,管絃樂隊,排行榜,TRUE,chart,hip-hop,chorus,gig,orchestra,composer,,,,
word-catalog-v1,CREATE_DRAFT,,,,,heavy metal,heavy metal,noun,B2,arts-culture-media,重金屬,,,,ˈhevi ˈmetl,,,,,,TRUE,鄉村音樂,歌劇院,唱片機,原聲吉他,音響系統,牙仙子,TRUE,country music,opera house,grand piano,acoustic guitar,news conference,box office,,,,
word-catalog-v1,CREATE_DRAFT,,,,,hip-hop,hip-hop,noun,B2,arts-culture-media,嘻哈,,,,'hɪph'ɒp,,,,,,TRUE,演出,說唱,合唱團,長號,作曲家,節奏,TRUE,rap,track,note,chart,rhythm,chorus,,,,
word-catalog-v1,CREATE_DRAFT,,,,,rap,rap,noun,B2,arts-culture-media,說唱,,,,ræp,,,,,,TRUE,合唱團,嘻哈,演出,排行榜,音軌,音符,TRUE,gig,orchestra,tone,composer,track,note,,,,
word-catalog-v1,CREATE_DRAFT,,,,,rhythm and blues,rhythm and blues,noun,B2,arts-culture-media,節奏布魯斯,,,,ˌrɪð.əm ən ˈbluːz,,,,,,TRUE,重金屬,鄉村音樂,三角鋼琴,節奏,新聞發佈會,燈光工程師,TRUE,opera house,heavy metal,record player,punk rock,acoustic guitar,lighting engineer,,,,
word-catalog-v1,CREATE_DRAFT,,,,,chorus,chorus,noun,B2,arts-culture-media,合唱團,,,,'kɒ:rәs,,,,,,TRUE,說唱,作曲家,排行榜,民間音樂,管絃樂隊,揚聲器,FALSE,,,,,,,,,,
word-catalog-v1,CREATE_DRAFT,,,,,composer,composer,noun,B2,arts-culture-media,作曲家,,,,kәm'pәuzә,,,,,,TRUE,合唱團,排行榜,立體聲,演出,管絃樂隊,揚聲器,TRUE,volume,chart,rhythm,gig,orchestra,tone,,,,
word-catalog-v1,CREATE_DRAFT,,,,,chart,chart,noun,B2,arts-culture-media,排行榜,,,,tʃɑ:t,,,,,,FALSE,,,,,,,TRUE,track,note,volume,speaker,rhythm,stereo,,,,
word-catalog-v1,CREATE_DRAFT,,,,,gig,gig,noun,B2,arts-culture-media,演出,,,,gig,,,,,,TRUE,音軌,音符,音量,節奏,作曲家,嘻哈,TRUE,orchestra,tone,chart,track,speaker,stereo,,,,
word-catalog-v1,CREATE_DRAFT,,,,,track,track,noun,B2,arts-culture-media,音軌,,,,træk,,,,,,FALSE,,,,,,,TRUE,note,volume,gig,rhythm,composer,chorus,,,,
word-catalog-v1,CREATE_DRAFT,,,,,opera house,opera house,noun,B2,arts-culture-media,歌劇院,,,,ˈɔpərə haus,,,,,,TRUE,唱片機,朋克搖滾,音響系統,重金屬,低音吉他,通訊社,TRUE,sound system,record player,punk rock,country music,bass guitar,show business,,,,
word-catalog-v1,CREATE_DRAFT,,,,,orchestra,orchestra,noun,B2,arts-culture-media,管絃樂隊,,,,'ɒ:kistrә,,,,,,TRUE,民間音樂,管風琴,立體聲,揚聲器,音符,音量,TRUE,tone,note,volume,speaker,gig,rap,,,,
word-catalog-v1,CREATE_DRAFT,,,,,note,note,noun,B2,arts-culture-media,音符,,,,nәut,,,,,,TRUE,音調,音量,音軌,民間音樂,節奏,演出,TRUE,orchestra,rhythm,stereo,tone,composer,chorus,,,,
word-catalog-v1,CREATE_DRAFT,,,,,rhythm,rhythm,noun,B2,arts-culture-media,節奏,,,,'riðәm,,,,,,TRUE,音符,音調,音量,立體聲,演出,作曲家,TRUE,volume,speaker,stereo,tone,hip-hop,composer,,,,
word-catalog-v1,CREATE_DRAFT,,,,,tone,tone,noun,B2,arts-culture-media,音調,,,,tәun,,,,,,TRUE,音量,音符,音軌,藍調,民間音樂,合唱團,TRUE,rhythm,volume,speaker,orchestra,rap,folk,,,,
word-catalog-v1,CREATE_DRAFT,,,,,volume,volume,noun,B2,arts-culture-media,音量,,,,'vɒljum,,,,,,FALSE,,,,,,,TRUE,stereo,note,speaker,tone,chorus,blues,,,,
word-catalog-v1,CREATE_DRAFT,,,,,record player,record player,noun,B2,arts-culture-media,唱片機,,,,re'kɔ:dpl'eɪər,,,,,,TRUE,歌劇院,朋克搖滾,音響系統,重金屬,造風機,假新聞,TRUE,sound system,opera house,punk rock,heavy metal,bass guitar,sound effect,,,,
word-catalog-v1,CREATE_DRAFT,,,,,sound system,sound system,noun,B2,arts-culture-media,音響系統,,,,saund ˈsistəm,,,,,,TRUE,鄉村音樂,低音吉他,唱片機,朋克搖滾,原聲吉他,音效,TRUE,record player,opera house,punk rock,country music,sound effect,wind machine,,,,
word-catalog-v1,CREATE_DRAFT,,,,,speaker,speaker,noun,B2,arts-culture-media,揚聲器,,,,'spi:kә,,,,,,TRUE,立體聲,管絃樂隊,節奏,音調,排行榜,作曲家,FALSE,,,,,,,,,,
word-catalog-v1,CREATE_DRAFT,,,,,stereo,stereo,noun,B2,arts-culture-media,立體聲,,,,'stiәriәu,,,,,,TRUE,揚聲器,管絃樂隊,節奏,音量,音調,合唱團,TRUE,speaker,volume,rhythm,tone,trombone,drumstick,,,,
word-catalog-v1,CREATE_DRAFT,,,,,compose,compose,verb,B2,arts-culture-media,作曲,,,,kәm'pәuz,,,,,,TRUE,指揮,發佈,確認,播放,投稿,否認,TRUE,conduct,release,affirm,air,contribute,deny,,,,
word-catalog-v1,CREATE_DRAFT,,,,,conduct,conduct,verb,B2,arts-culture-media,指揮,,,,"'kɔndʌkt, -dәkt",,,,,,FALSE,,,,,,,FALSE,,,,,,,,,,
word-catalog-v1,CREATE_DRAFT,,,,,release,release,verb,B2,arts-culture-media,發佈,,,,ri'li:s,,,,,,TRUE,作曲,指揮,分發,啟發,通知,涉及,FALSE,,,,,,,,,,
word-catalog-v1,CREATE_DRAFT,,,,,deafening,deafening,adjective,B2,arts-culture-media,震耳欲聾的,,,,'defәniŋ,,,,,,TRUE,傳說的,相關的,動畫的,藝術的,原創的,抽象的,TRUE,animated,relevant,artistic,fabled,abstract,original,,,,
word-catalog-v1,CREATE_DRAFT,,,,,punk rock,punk rock,noun,B2,arts-culture-media,朋克搖滾,,,,ˌpʌŋk ˈrɑːk,,,,,,TRUE,唱片機,音響系統,歌劇院,三角鋼琴,巫毒娃娃,有線電視,TRUE,sound system,record player,opera house,grand piano,acoustic guitar,tooth fairy,,,,
word-catalog-v1,CREATE_DRAFT,,,,,attorney,attorney,noun,B2,work-business,律師,,,,ә'tә:ni,,,,,,TRUE,調酒師,造型師,木匠,收銀員,電工,漁夫,TRUE,bartender,carpenter,cashier,caterer,comedian,economist,,,,
word-catalog-v1,CREATE_DRAFT,,,,,bartender,bartender,noun,B2,work-business,調酒師,,,,'bɑ:.tendә,,,,,,TRUE,律師,調查員,造型師,收銀員,木匠,喜劇演員,TRUE,attorney,carpenter,cashier,caterer,electrician,fisherman,,,,
word-catalog-v1,CREATE_DRAFT,,,,,cab driver,cab driver,noun,B2,work-business,出租車司機,,,,"'kæb,draivә(r)",,,,,,TRUE,健康專業人士,旅行代理人,保安,退休歲月,利潤率,房地產經紀人,TRUE,health professional,security guard,travel agent,golden years,bank statement,real estate agent,,,,
word-catalog-v1,CREATE_DRAFT,,,,,carpenter,carpenter,noun,B2,work-business,木匠,,,,'kɑ:pintә,,,,,,TRUE,律師,花商,電工,調酒師,漁夫,經濟學家,TRUE,bartender,attorney,comedian,cashier,florist,electrician,,,,
word-catalog-v1,CREATE_DRAFT,,,,,cashier,cashier,noun,B2,work-business,收銀員,,,,kæ'ʃiә,,,,,,TRUE,口譯員,調查員,喜劇演員,圖書管理員,調酒師,餐飲服務商,TRUE,economist,carpenter,caterer,fisherman,interpreter,florist,,,,
word-catalog-v1,CREATE_DRAFT,,,,,caterer,caterer,noun,B2,work-business,餐飲服務商,,,,'keitәrә,,,,,,TRUE,花商,經濟學家,喜劇演員,圖書管理員,收銀員,心理學家,TRUE,comedian,economist,investigator,electrician,librarian,cashier,,,,
word-catalog-v1,CREATE_DRAFT,,,,,comedian,comedian,noun,B2,work-business,喜劇演員,,,,kә'mi:djәn,,,,,,TRUE,口譯員,收銀員,調查員,圖書管理員,經濟學家,水管工,TRUE,fisherman,interpreter,plumber,caterer,investigator,psychologist,,,,
word-catalog-v1,CREATE_DRAFT,,,,,economist,economist,noun,B2,work-business,經濟學家,,,,i:'kɒnәmist,,,,,,TRUE,心理學家,餐飲服務商,喜劇演員,電工,口譯員,水管工,TRUE,florist,comedian,electrician,librarian,fisherman,interpreter,,,,
word-catalog-v1,CREATE_DRAFT,,,,,electrician,electrician,noun,B2,work-business,電工,,,,.ilek'triʃәn,,,,,,TRUE,工資,水管工,漁夫,花商,警長,木匠,TRUE,economist,plumber,sheriff,florist,investigator,psychologist,,,,
word-catalog-v1,CREATE_DRAFT,,,,,fisherman,fisherman,noun,B2,work-business,漁夫,,,,'fiʃәmәn,,,,,,TRUE,電工,花商,店主,間諜,警長,木匠,TRUE,shopkeeper,librarian,spy,interpreter,plumber,sheriff,,,,
word-catalog-v1,CREATE_DRAFT,,,,,florist,florist,noun,B2,work-business,花商,,,,'flɒrist,,,,,,TRUE,餐飲服務商,漁夫,店主,間諜,電工,口譯員,TRUE,stylist,investigator,psychologist,shopkeeper,fisherman,librarian,,,,
word-catalog-v1,CREATE_DRAFT,,,,,health professional,health professional,noun,B2,work-business,健康專業人士,,,,helθ prəˈfeʃənəl,,,,,,TRUE,旅行代理人,出租車司機,保安,退休歲月,市場調研,自動櫃員機,TRUE,security guard,cab driver,travel agent,golden years,profit margin,automated teller machine,,,,
word-catalog-v1,CREATE_DRAFT,,,,,interpreter,interpreter,noun,B2,work-business,口譯員,,,,in'tә:pritә,,,,,,TRUE,調查員,收銀員,喜劇演員,圖書管理員,警長,店主,TRUE,spy,plumber,sheriff,stylist,investigator,electrician,,,,
word-catalog-v1,CREATE_DRAFT,,,,,investigator,investigator,noun,B2,work-business,調查員,,,,in'vestigeitә,,,,,,TRUE,口譯員,調酒師,收銀員,喜劇演員,水管工,造型師,TRUE,psychologist,shopkeeper,interpreter,librarian,florist,wage,,,,
word-catalog-v1,CREATE_DRAFT,,,,,librarian,librarian,noun,B2,work-business,圖書管理員,,,,lai'brєәriәn,,,,,,TRUE,心理學家,調查員,水管工,口譯員,造型師,間諜,TRUE,spy,plumber,sheriff,psychologist,wage,bartender,,,,
word-catalog-v1,CREATE_DRAFT,,,,,plumber,plumber,noun,B2,work-business,水管工,,,,'plʌmә,,,,,,TRUE,工資,電工,圖書管理員,心理學家,警長,調查員,TRUE,stylist,shopkeeper,spy,sheriff,psychologist,florist,,,,
word-catalog-v1,CREATE_DRAFT,,,,,psychologist,psychologist,noun,B2,work-business,心理學家,,,,sai'kɒlәdʒist,,,,,,TRUE,經濟學家,圖書管理員,水管工,店主,造型師,間諜,TRUE,stylist,shopkeeper,plumber,spy,wage,economist,,,,
word-catalog-v1,CREATE_DRAFT,,,,,security guard,security guard,noun,B2,work-business,保安,,,,sɪˈkjʊr.ə.t̬i ˌɡɑːrd,,,,,,TRUE,旅行代理人,退休歲月,健康專業人士,出租車司機,首席執行官,伴郎,TRUE,health professional,travel agent,golden years,cab driver,chief executive officer,best man,,,,
word-catalog-v1,CREATE_DRAFT,,,,,sheriff,sheriff,noun,B2,work-business,警長,,,,'ʃerif,,,,,,TRUE,店主,間諜,工資,花商,漁夫,造型師,TRUE,stylist,shopkeeper,spy,librarian,comedian,carpenter,,,,
word-catalog-v1,CREATE_DRAFT,,,,,shopkeeper,shopkeeper,noun,B2,work-business,店主,,,,'ʃɒp.ki:pә,,,,,,TRUE,警長,間諜,工資,心理學家,造型師,律師,TRUE,sheriff,stylist,spy,wage,interpreter,fisherman,,,,
word-catalog-v1,CREATE_DRAFT,,,,,spy,spy,noun,B2,work-business,間諜,,,,spai,,,,,,TRUE,店主,警長,工資,花商,心理學家,口譯員,TRUE,shopkeeper,stylist,sheriff,wage,investigator,attorney,,,,
word-catalog-v1,CREATE_DRAFT,,,,,stylist,stylist,noun,B2,work-business,造型師,,,,'stailist,,,,,,TRUE,律師,調酒師,間諜,水管工,店主,警長,TRUE,spy,shopkeeper,psychologist,wage,investigator,electrician,,,,
word-catalog-v1,CREATE_DRAFT,,,,,real estate agent,real estate agent,noun,B2,work-business,房地產經紀人,,,,ˈriː.əl ɪ.steɪt ˌeɪ.dʒənt,,,,,,TRUE,自動櫃員機,首席執行官,旅行代理人,健康專業人士,保安,銀行對賬單,TRUE,automated teller machine,chief executive officer,travel agent,security guard,health professional,tax evasion,,,,
word-catalog-v1,CREATE_DRAFT,,,,,travel agent,travel agent,noun,B2,work-business,旅行代理人,,,,ˈtræv.əl ˌeɪ.dʒənt,,,,,,TRUE,健康專業人士,退休歲月,保安,出租車司機,單身女郎派對,單身派對,TRUE,security guard,golden years,health professional,cab driver,market research,flower girl,,,,
word-catalog-v1,CREATE_DRAFT,,,,,freelance,freelance,adjective,B2,work-business,自由職業的,,,,ˈfriː.læns,,,,,,TRUE,自僱的,自願的,永久的,臨時的,富有的,懷孕的,TRUE,temporary,permanent,voluntary,self-employed,senior,wealthy,,,,
word-catalog-v1,CREATE_DRAFT,,,,,permanent,permanent,adjective,B2,work-business,永久的,,,,'pә:mәnәnt,,,,,,TRUE,自僱的,臨時的,自願的,自由職業的,初級的,確定的,TRUE,freelance,temporary,voluntary,self-employed,junior,pregnant,,,,
word-catalog-v1,CREATE_DRAFT,,,,,self-employed,self-employed,adjective,B2,work-business,自僱的,,,,'selfim'plɔid,,,,,,TRUE,自願的,自由職業的,永久的,臨時的,高級的,確信的,TRUE,permanent,temporary,freelance,voluntary,economic,bound,,,,
word-catalog-v1,CREATE_DRAFT,,,,,temporary,temporary,adjective,B2,work-business,臨時的,,,,'tempәrәri,,,,,,TRUE,自僱的,永久的,自願的,自由職業的,預期的,輕率的,TRUE,self-employed,voluntary,permanent,freelance,sure,convinced,,,,
word-catalog-v1,CREATE_DRAFT,,,,,voluntary,voluntary,adjective,B2,work-business,自願的,,,,'vɒlәntәri,,,,,,TRUE,自僱的,自由職業的,臨時的,永久的,肯定的,可能的,TRUE,temporary,self-employed,permanent,freelance,expected,inevitable,,,,
word-catalog-v1,CREATE_DRAFT,,,,,wage,wage,noun,B2,work-business,工資,,,,weidʒ,,,,,,TRUE,電工,水管工,間諜,店主,調查員,收銀員,FALSE,,,,,,,,,,
word-catalog-v1,CREATE_DRAFT,,,,,golden years,golden years,noun,B2,work-business,退休歲月,,,,,,,,,,TRUE,旅行代理人,保安,健康專業人士,出租車司機,逃稅,訂婚戒指,TRUE,travel agent,security guard,health professional,cab driver,engagement ring,bachelor party,,,,
word-catalog-v1,CREATE_DRAFT,,,,,age,age,noun,B2,time-calendar,時代,,,,eidʒ,,,,,,TRUE,精密計時器,兩週,千年,沙漏,秒錶,日晷,FALSE,,,,,,,,,,
word-catalog-v1,CREATE_DRAFT,,,,,schedule,schedule,verb,B2,time-calendar,安排,,,,'skedʒuәl,,,,,,TRUE,排名,評分,時代,兩週,千年,沙漏,FALSE,,,,,,,,,,
word-catalog-v1,CREATE_DRAFT,,,,,era,era,noun,B2,time-calendar,時代,,,,'iәrә,,,,,,TRUE,精密計時器,兩週,千年,黃昏,遲到,加班,FALSE,,,,,,,,,,
word-catalog-v1,CREATE_DRAFT,,,,,fortnight,fortnight,noun,B2,time-calendar,兩週,,,,'fɒ:tnait,,,,,,TRUE,時代,千年,秒錶,沙漏,黃昏,遲到,TRUE,era,millennium,age,chronometer,hourglass,stopwatch,,,,
word-catalog-v1,CREATE_DRAFT,,,,,millennium,millennium,noun,B2,time-calendar,千年,,,,mi'leniәm,,,,,,TRUE,時代,兩週,日晷,秒錶,黃昏,加班,TRUE,fortnight,era,age,chronometer,sundial,twilight,,,,
word-catalog-v1,CREATE_DRAFT,,,,,time zone,time zone,noun,B2,time-calendar,時區,,,,ˈtaɪm ˌzoʊn,,,,,,TRUE,當地時間,擺鐘,早該如此了,稍後,目前,時代,TRUE,about time,high time,local time,pendulum clock,later on,for the moment,,,,
word-catalog-v1,CREATE_DRAFT,,,,,about time,about time,noun,B2,time-calendar,早該如此了,,,,əˈbaut taim,,,,,,TRUE,當地時間,時區,擺鐘,稍後,條形圖,折線圖,FALSE,,,,,,,,,,
word-catalog-v1,CREATE_DRAFT,,,,,high time,high time,noun,B2,time-calendar,早該如此了,,,,,,,,,,TRUE,當地時間,時區,擺鐘,目前,等號,餅圖,FALSE,,,,,,,,,,
word-catalog-v1,CREATE_DRAFT,,,,,local time,local time,noun,B2,time-calendar,當地時間,,,,ˈləukəl taim,,,,,,TRUE,時區,早該如此了,擺鐘,稍後,精密計時器,等號,TRUE,time zone,high time,about time,pendulum clock,equal sign,bar chart,,,,
word-catalog-v1,CREATE_DRAFT,,,,,chronometer,chronometer,noun,B2,time-calendar,精密計時器,,,,krә'nɒmitә,,,,,,TRUE,時代,沙漏,日晷,秒錶,統計,時區,TRUE,hourglass,stopwatch,lateness,sundial,millennium,twilight,,,,
word-catalog-v1,CREATE_DRAFT,,,,,hourglass,hourglass,noun,B2,time-calendar,沙漏,,,,'aʊərɡl'ɑ:s,,,,,,TRUE,遲到,日晷,黃昏,秒錶,精密計時器,面積,TRUE,chronometer,stopwatch,lateness,sundial,fortnight,overtime,,,,
word-catalog-v1,CREATE_DRAFT,,,,,pendulum clock,pendulum clock,noun,B2,time-calendar,擺鐘,,,,ˈpendjuləm klɔk,,,,,,TRUE,時區,當地時間,早該如此了,稍後,餅圖,沙漏,TRUE,local time,time zone,high time,about time,pie chart,line graph,,,,
word-catalog-v1,CREATE_DRAFT,,,,,stopwatch,stopwatch,noun,B2,time-calendar,秒錶,,,,'stɒpwɒtʃ,,,,,,TRUE,遲到,日晷,黃昏,沙漏,加班,集合,TRUE,hourglass,twilight,lateness,chronometer,fortnight,arc,,,,
word-catalog-v1,CREATE_DRAFT,,,,,sundial,sundial,noun,B2,time-calendar,日晷,,,,'sʌndaiәl,,,,,,TRUE,遲到,秒錶,黃昏,兩週,空間,體積,TRUE,stopwatch,twilight,lateness,chronometer,era,area,,,,
word-catalog-v1,CREATE_DRAFT,,,,,twilight,twilight,noun,B2,time-calendar,黃昏,,,,'twailait,,,,,,TRUE,日晷,遲到,秒錶,加班,千年,加法,TRUE,sundial,lateness,hourglass,overtime,age,era,,,,
word-catalog-v1,CREATE_DRAFT,,,,,lateness,lateness,noun,B2,time-calendar,遲到,,,,'leitnis,,,,,,TRUE,黃昏,日晷,沙漏,秒錶,扣除,除法,TRUE,twilight,sundial,stopwatch,overtime,age,set,,,,
word-catalog-v1,CREATE_DRAFT,,,,,chronological,chronological,adjective,B2,time-calendar,按時間順序的,,,,", krɔnә'lɔdʒikәl",,,,,,TRUE,即時的,日常的,每年的,每月的,每週的,巨大的,TRUE,instant,day-to-day,annual,monthly,weekly,massive,,,,
word-catalog-v1,CREATE_DRAFT,,,,,instant,instant,adjective,B2,time-calendar,即時的,,,,'instәnt,,,,,,TRUE,按時間順序的,日常的,每年的,每月的,多個的,眾多的,TRUE,chronological,day-to-day,annual,monthly,multiple,numerous,,,,
word-catalog-v1,CREATE_DRAFT,,,,,for the moment,for the moment,noun,B2,time-calendar,目前,,,,,,,,,,TRUE,擺鐘,稍後,時區,加班,遲到,黃昏,FALSE,,,,,,,,,,
word-catalog-v1,CREATE_DRAFT,,,,,lately,lately,adverb,B2,time-calendar,最近,,,,'leitli,,,,,,TRUE,每年,短暫地,最初,最終,合法地,因此,FALSE,,,,,,,,,,
word-catalog-v1,CREATE_DRAFT,,,,,day-to-day,day-to-day,adjective,B2,time-calendar,日常的,,,,ˌdeɪ.təˈdeɪ,,,,,,TRUE,即時的,每年的,每週的,按時間順序的,廣闊的,多個的,TRUE,instant,annual,chronological,weekly,vast,multiple,,,,
word-catalog-v1,CREATE_DRAFT,,,,,annual,annual,adjective,B2,time-calendar,每年的,,,,'ænjuәl,,,,,,TRUE,每月的,每週的,日常的,按時間順序的,廣闊的,千年,TRUE,day-to-day,monthly,weekly,chronological,vast,lately,,,,
word-catalog-v1,CREATE_DRAFT,,,,,annually,annually,adverb,B2,time-calendar,每年,,,,'ænjuәli,,,,,,TRUE,最近,短暫地,或者,代替,旁邊,顯然,FALSE,,,,,,,,,,
word-catalog-v1,CREATE_DRAFT,,,,,monthly,monthly,adjective,B2,time-calendar,每月的,,,,'mʌnθli,,,,,,TRUE,每週的,每年的,日常的,按時間順序的,每年,短暫地,TRUE,weekly,annual,day-to-day,chronological,annually,momentarily,,,,
word-catalog-v1,CREATE_DRAFT,,,,,weekly,weekly,adjective,B2,time-calendar,每週的,,,,'wi:kli,,,,,,TRUE,每月的,每年的,即時的,按時間順序的,每年,兩週,TRUE,monthly,instant,annual,chronological,momentarily,lately,,,,
word-catalog-v1,CREATE_DRAFT,,,,,momentarily,momentarily,adverb,B2,time-calendar,短暫地,,,,'mәumәntәrili,,,,,,TRUE,最近,每年,深深地,合法地,一貫地,不斷地,TRUE,annually,lately,legally,significantly,hence,thus,,,,
word-catalog-v1,CREATE_DRAFT,,,,,overtime,overtime,noun,B2,time-calendar,加班,,,,'әuvәtaim,,,,,,TRUE,遲到,日晷,黃昏,時代,加號,加法,TRUE,lateness,twilight,sundial,chronometer,space,addition,,,,
word-catalog-v1,CREATE_DRAFT,,,,,later on,later on,noun,B2,time-calendar,稍後,,,,,,,,,,TRUE,擺鐘,當地時間,時區,早該如此了,加班,日晷,FALSE,,,,,,,,,,
word-catalog-v1,CREATE_DRAFT,,,,,acupuncture,acupuncture,noun,B2,body-health,針灸,,,,'ækju.pʌŋktʃә,,,,,,TRUE,診所,病房,藥店,專家,恐懼症,住院病人,TRUE,clinic,ward,pharmacy,inpatient,outpatient,phobia,,,,
word-catalog-v1,CREATE_DRAFT,,,,,clinic,clinic,noun,B2,body-health,診所,,,,'klɪnɪk,,,,,,TRUE,門診病人,針灸,病房,藥店,專家,救護員,TRUE,acupuncture,ward,pharmacy,inpatient,specialist,orthodontist,,,,
word-catalog-v1,CREATE_DRAFT,,,,,ward,ward,noun,B2,body-health,病房,,,,wɒ:d,,,,,,TRUE,住院病人,門診病人,診所,針灸,藥店,程序,TRUE,clinic,acupuncture,outpatient,pharmacy,paramedic,specialist,,,,
word-catalog-v1,CREATE_DRAFT,,,,,emergency room,emergency room,noun,B2,body-health,急診室,,,,ɪˈmɝː.dʒən.si ˌruːm,,,,,,TRUE,心理健康,整形外科醫生,呼吸裝置,指甲銼,指甲剪,棉籤,TRUE,mental health,plastic surgeon,breathing apparatus,electric razor,face powder,lip gloss,,,,
word-catalog-v1,CREATE_DRAFT,,,,,ENT,ENT,abbreviation,B2,body-health,耳鼻喉科,,,,ənt,,,,,,FALSE,,,,,,,FALSE,,,,,,,,,,
word-catalog-v1,CREATE_DRAFT,,,,,pharmacy,pharmacy,noun,B2,body-health,藥店,,,,'fɑ:mәsi,,,,,,TRUE,止痛藥,病房,診所,針灸,專家,正牙醫生,TRUE,inpatient,phobia,outpatient,pediatrician,orthodontist,surgeon,,,,
word-catalog-v1,CREATE_DRAFT,,,,,inpatient,inpatient,noun,B2,body-health,住院病人,,,,'inpeiʃәnt,,,,,,TRUE,門診病人,病房,兒科醫生,正牙醫生,外科醫生,恐懼症,TRUE,phobia,paramedic,pharmacy,outpatient,pediatrician,therapist,,,,
word-catalog-v1,CREATE_DRAFT,,,,,outpatient,outpatient,noun,B2,body-health,門診病人,,,,'aʊt'peɪʃənt,,,,,,TRUE,住院病人,診所,病房,兒科醫生,正牙醫生,救護員,TRUE,specialist,inpatient,orthodontist,surgeon,procedure,paramedic,,,,
word-catalog-v1,CREATE_DRAFT,,,,,mental health,mental health,noun,B2,body-health,心理健康,,,,ˈmentl helθ,,,,,,TRUE,急診室,整形外科醫生,呼吸裝置,電動剃鬚刀,腎結石,指甲油,TRUE,emergency room,plastic surgeon,breathing apparatus,nail polish,face mask,dental floss,,,,
word-catalog-v1,CREATE_DRAFT,,,,,phobia,phobia,noun,B2,body-health,恐懼症,,,,'fəubiə,,,,,,TRUE,治療師,救護員,外科醫生,專家,兒科醫生,移植,TRUE,protection,specialist,pediatrician,therapist,transplant,orthodontist,,,,
word-catalog-v1,CREATE_DRAFT,,,,,specialist,specialist,noun,B2,body-health,專家,,,,'speiʃәlist,,,,,,TRUE,程序,手術,恐懼症,劑量,移植,治療師,FALSE,,,,,,,,,,
word-catalog-v1,CREATE_DRAFT,,,,,orthodontist,orthodontist,noun,B2,body-health,正牙醫生,,,,",ɔ:θәj'dɔntist",,,,,,TRUE,外科醫生,兒科醫生,門診病人,住院病人,救護員,止痛藥,TRUE,surgeon,procedure,surgery,paramedic,protection,dose,,,,
word-catalog-v1,CREATE_DRAFT,,,,,paramedic,paramedic,noun,B2,body-health,救護員,急救員,,,'pærәmedik,,,,,,TRUE,保護,治療師,恐懼症,正牙醫生,外科醫生,程序,TRUE,pediatrician,therapist,transplant,painkiller,surgeon,procedure,,,,
word-catalog-v1,CREATE_DRAFT,,,,,pediatrician,pediatrician,noun,B2,body-health,兒科醫生,,,,",pi:diә'triʃәn",,,,,,TRUE,外科醫生,正牙醫生,治療師,救護員,門診病人,手術,TRUE,surgery,therapy,protection,dose,X-ray,therapist,,,,
word-catalog-v1,CREATE_DRAFT,,,,,surgeon,surgeon,noun,B2,body-health,外科醫生,,,,'sә:dʒәn,,,,,,TRUE,兒科醫生,正牙醫生,治療,治療師,止痛藥,劑量,TRUE,transplant,painkiller,procedure,surgery,therapy,protection,,,,
word-catalog-v1,CREATE_DRAFT,,,,,plastic surgeon,plastic surgeon,noun,B2,body-health,整形外科醫生,,,,ˌplæs.tɪk ˈsɝː.dʒən,,,,,,TRUE,心理健康,呼吸裝置,急診室,電動剃鬚刀,指甲銼,散粉,TRUE,mental health,emergency room,breathing apparatus,nail file,cotton swab,nail clippers,,,,
word-catalog-v1,CREATE_DRAFT,,,,,therapist,therapist,noun,B2,body-health,治療師,,,,'θerәpist,,,,,,TRUE,治療,移植,程序,手術,止痛藥,救護員,TRUE,dose,X-ray,transplant,painkiller,procedure,paramedic,,,,
word-catalog-v1,CREATE_DRAFT,,,,,procedure,procedure,noun,B2,body-health,程序,,,,prә'si:dʒә,,,,,,TRUE,劑量,移植,手術,治療,保護,專家,TRUE,surgery,therapy,therapist,transplant,surgeon,phobia,,,,
word-catalog-v1,CREATE_DRAFT,,,,,protection,protection,noun,B2,body-health,保護,,,,prә'tekʃәn,,,,,,TRUE,救護員,劑量,程序,移植,藥店,專家,FALSE,,,,,,,,,,
word-catalog-v1,CREATE_DRAFT,,,,,transplant,transplant,noun,B2,body-health,移植,,,,træns'plɑ:nt,,,,,,TRUE,手術,治療,劑量,程序,藥店,外科醫生,TRUE,dose,X-ray,painkiller,protection,pediatrician,surgeon,,,,
word-catalog-v1,CREATE_DRAFT,,,,,surgery,surgery,noun,B2,body-health,手術,,,,'sә:dʒәri,,,,,,TRUE,治療,移植,劑量,止痛藥,恐懼症,針灸,FALSE,,,,,,,,,,
word-catalog-v1,CREATE_DRAFT,,,,,dose,dose,noun,B2,body-health,劑量,,,,dәus,,,,,,TRUE,手術,治療,移植,治療師,藥店,兒科醫生,TRUE,therapy,X-ray,surgery,painkiller,orthodontist,pediatrician,,,,
word-catalog-v1,CREATE_DRAFT,,,,,painkiller,painkiller,noun,B2,body-health,止痛藥,,,,"'pein,kilә(r)",,,,,,TRUE,藥店,劑量,治療,治療師,保護,恐懼症,TRUE,dose,therapy,X-ray,transplant,specialist,phobia,,,,
word-catalog-v1,CREATE_DRAFT,,,,,therapy,therapy,noun,B2,body-health,治療,,,,'θerәpi,,,,,,TRUE,治療師,止痛藥,手術,劑量,保護,診所,FALSE,,,,,,,,,,
word-catalog-v1,CREATE_DRAFT,,,,,X-ray,X-ray,noun,B2,body-health,X光片,,,,'eks'rei,,,,,,TRUE,止痛藥,治療,手術,劑量,住院病人,門診病人,TRUE,therapy,painkiller,dose,surgery,paramedic,ward,,,,
word-catalog-v1,CREATE_DRAFT,,,,,breathing apparatus,breathing apparatus,noun,B2,body-health,呼吸裝置,,,,ˈbri:ðɪŋ ˌæpəˈreitəs,,,,,,TRUE,整形外科醫生,心理健康,急診室,電動剃鬚刀,指甲剪,唇彩,TRUE,plastic surgeon,mental health,emergency room,blood vessel,kidney stone,electric razor,,,,
word-catalog-v1,CREATE_DRAFT,,,,,clinical,clinical,adjective,B2,body-health,臨床的,,,,'klinikәl,,,,,,TRUE,外部的,生物的,人工的,不透的,分析的,比較的,TRUE,outer,analytical,comparative,descriptive,biological,artificial,,,,
word-catalog-v1,CREATE_DRAFT,,,,,come down with,come down with,phrasal_verb,B2,body-health,染上,,,,,,,,,,TRUE,上床睡覺,在別人頭後比兔耳朵,昏倒,躺下,治癒,植入,TRUE,hit the hay,give bunny ears,pass out,lie down,heal,implant,,,,
word-catalog-v1,CREATE_DRAFT,,,,,heal,heal,verb,B2,body-health,治癒,,,,hi:l,,,,,,TRUE,注射,植入,緩解,掃描,鼓掌,抓住,FALSE,,,,,,,,,,
word-catalog-v1,CREATE_DRAFT,,,,,hit the hay,hit the hay,phrasal_verb,B2,body-health,上床睡覺,,,,hit ðə hei,,,,,,TRUE,染上,在別人頭後比兔耳朵,昏倒,躺下,注射,緩解,TRUE,come down with,give bunny ears,pass out,lie down,inject,relieve,,,,
word-catalog-v1,CREATE_DRAFT,,,,,implant,implant,verb,B2,body-health,植入,,,,im'plɑ:nt,,,,,,TRUE,治癒,注射,掃描,緩解,握手,彎腰,TRUE,inject,scan,heal,relieve,clap,drag,,,,
word-catalog-v1,CREATE_DRAFT,,,,,inject,inject,verb,B2,body-health,注射,,,,in'dʒekt,,,,,,TRUE,植入,治癒,掃描,緩解,鞠躬,倚靠,FALSE,,,,,,,,,,
word-catalog-v1,CREATE_DRAFT,,,,,pass out,pass out,phrasal_verb,B2,body-health,昏倒,,,,,,,,,,TRUE,躺下,染上,上床睡覺,在別人頭後比兔耳朵,掃描,絆倒,TRUE,lie down,hit the hay,come down with,give bunny ears,scan,ask out,,,,
word-catalog-v1,CREATE_DRAFT,,,,,relieve,relieve,verb,B2,body-health,緩解,,,,ri'li:v,,,,,,TRUE,注射,植入,掃描,治癒,跳躍,爬行,TRUE,implant,scan,inject,heal,grab,punch,,,,
word-catalog-v1,CREATE_DRAFT,,,,,scan,scan,verb,B2,body-health,掃描,,,,skæn,,,,,,TRUE,緩解,注射,植入,治癒,眨眼,凝視,TRUE,relieve,implant,inject,heal,shake,bend,,,,
word-catalog-v1,CREATE_DRAFT,,,,,cuisine,cuisine,noun,B2,food-drink,烹飪,,,,kwi:'zi:n,,,,,,TRUE,貝果,穀物,糕點,草藥,甜菜,法棍麵包,FALSE,,,,,,,,,,
word-catalog-v1,CREATE_DRAFT,,,,,carbohydrate,carbohydrate,noun,B2,food-drink,碳水化合物,,,,.kɑ:bәu'haidreit,,,,,,TRUE,穀物,法棍麵包,烹飪,人造黃油,貝果,西葫蘆,TRUE,bagel,baguette,cereal,cuisine,pastry,herb,,,,
word-catalog-v1,CREATE_DRAFT,,,,,bagel,bagel,noun,B2,food-drink,貝果,,,,'beiɡәl,,,,,,TRUE,烹飪,糕點,草藥,穀物,蘋果酒,樹莓,TRUE,carbohydrate,baguette,cereal,beet,pastry,margarine,,,,
word-catalog-v1,CREATE_DRAFT,,,,,baguette,baguette,noun,B2,food-drink,法棍麵包,,,,bæ'^et,,,,,,TRUE,小麵包,碳水化合物,人造黃油,貝果,甜菜,糕點,TRUE,bagel,herb,cereal,beet,carbohydrate,raspberry,,,,
word-catalog-v1,CREATE_DRAFT,,,,,cereal,cereal,noun,B2,food-drink,穀物,,,,'siәriәl,,,,,,TRUE,碳水化合物,草藥,甜菜,糕點,烹飪,香料,FALSE,,,,,,,,,,
word-catalog-v1,CREATE_DRAFT,,,,,pastry,pastry,noun,B2,food-drink,糕點,,,,'peistri,,,,,,TRUE,穀物,草藥,甜菜,樹莓,香料,小麥,TRUE,herb,baguette,beet,bagel,margarine,spice,,,,
word-catalog-v1,CREATE_DRAFT,,,,,herb,herb,noun,B2,food-drink,草藥,,,,hә:b,,,,,,TRUE,牛排,糕點,甜菜,貝果,樹莓,香料,TRUE,pastry,beet,raspberry,zucchini,cereal,spice,,,,
word-catalog-v1,CREATE_DRAFT,,,,,beet,beet,noun,B2,food-drink,甜菜,,,,bi:t,,,,,,TRUE,草藥,小麥,肉餅,牛排,穀物,芥末,TRUE,herb,margarine,wheat,pastry,beefsteak,raspberry,,,,
word-catalog-v1,CREATE_DRAFT,,,,,green pepper,green pepper,noun,B2,food-drink,青椒,,,,ɡri:n ˈpepə,,,,,,TRUE,紅辣椒,紅薯,山羊奶酪,酸奶油,醬油,白醬,TRUE,red pepper,goat cheese,sour cream,sweet potato,soy sauce,white sauce,,,,
word-catalog-v1,CREATE_DRAFT,,,,,red pepper,red pepper,noun,B2,food-drink,紅辣椒,,,,red ˈpepə,,,,,,TRUE,青椒,紅薯,山羊奶酪,酸奶油,口香糖,硬糖,TRUE,green pepper,goat cheese,sour cream,sweet potato,chewing gum,hard candy,,,,
word-catalog-v1,CREATE_DRAFT,,,,,goat cheese,goat cheese,noun,B2,food-drink,山羊奶酪,,,,ɡəut tʃi:z,,,,,,TRUE,酸奶油,紅辣椒,青椒,紅薯,番茄膏,脫脂牛奶,TRUE,red pepper,green pepper,sour cream,sweet potato,tomato paste,ice cube,,,,
word-catalog-v1,CREATE_DRAFT,,,,,margarine,margarine,noun,B2,food-drink,人造黃油,,,,.mɑ:dʒә'ri:n,,,,,,TRUE,蛋黃醬,西葫蘆,烤肉串,法棍麵包,番茄醬,樹莓,TRUE,zucchini,kebab,spice,wheat,meatloaf,beefsteak,,,,
word-catalog-v1,CREATE_DRAFT,,,,,sour cream,sour cream,noun,B2,food-drink,酸奶油,,,,ˈsauə kri:m,,,,,,TRUE,醬油,山羊奶酪,紅辣椒,青椒,口香糖,番茄膏,TRUE,goat cheese,red pepper,green pepper,sweet potato,Bloody Mary,liquor store,,,,
word-catalog-v1,CREATE_DRAFT,,,,,raspberry,raspberry,noun,B2,food-drink,樹莓,,,,'ræzbәri,,,,,,TRUE,香料,小麥,肉餅,牛排,西葫蘆,烤肉串,TRUE,mayonnaise,zucchini,kebab,mustard,spice,margarine,,,,
word-catalog-v1,CREATE_DRAFT,,,,,spice,spice,noun,B2,food-drink,香料,,,,spais,,,,,,TRUE,芥末,小麥,肉餅,樹莓,蛋黃醬,西葫蘆,TRUE,wheat,meatloaf,raspberry,beefsteak,mayonnaise,ketchup,,,,
word-catalog-v1,CREATE_DRAFT,,,,,sweet potato,sweet potato,noun,B2,food-drink,紅薯,,,,ˌswiːt pəˈteɪ.t̬oʊ,,,,,,TRUE,紅辣椒,醬油,白醬,硬糖,青椒,冰塊,TRUE,soy sauce,sour cream,goat cheese,chewing gum,tomato paste,ice cube,,,,
word-catalog-v1,CREATE_DRAFT,,,,,zucchini,zucchini,noun,B2,food-drink,西葫蘆,,,,zu:'ki:ni,,,,,,TRUE,烤肉串,蛋黃醬,番茄醬,棒棒糖,牛排,人造黃油,TRUE,kebab,mustard,vinegar,wheat,meatloaf,mayonnaise,,,,
word-catalog-v1,CREATE_DRAFT,,,,,wheat,wheat,noun,B2,food-drink,小麥,,,,hwi:t,,,,,,TRUE,小麵包,芥末,肉餅,醋,牛排,冰棒,TRUE,zucchini,beefsteak,ketchup,kebab,mustard,vinegar,,,,
word-catalog-v1,CREATE_DRAFT,,,,,beefsteak,beefsteak,noun,B2,food-drink,牛排,,,,'bi:fsteik,,,,,,TRUE,小麥,芥末,布丁,肉餅,烤肉串,醋,FALSE,,,,,,,,,,
word-catalog-v1,CREATE_DRAFT,,,,,kebab,kebab,noun,B2,food-drink,烤肉串,,,,kә'bɑ:b,,,,,,TRUE,肉餅,蛋黃醬,番茄醬,棒棒糖,西葫蘆,冰棒,TRUE,meatloaf,lollipop,mayonnaise,ketchup,popsicle,mustard,,,,
word-catalog-v1,CREATE_DRAFT,,,,,meatloaf,meatloaf,noun,B2,food-drink,肉餅,,,,mi:t'ləʊf,,,,,,TRUE,烤肉串,芥末,布丁,外賣,一份,冰棒,TRUE,vinegar,pudding,lollipop,portion,kebab,mayonnaise,,,,
word-catalog-v1,CREATE_DRAFT,,,,,mayonnaise,mayonnaise,noun,B2,food-drink,蛋黃醬,,,,meiә'neiz,,,,,,TRUE,番茄醬,人造黃油,棒棒糖,醋,西葫蘆,芥末,TRUE,ketchup,popsicle,supper,meatloaf,vinegar,pudding,,,,
word-catalog-v1,CREATE_DRAFT,,,,,mustard,mustard,noun,B2,food-drink,芥末,,,,'mʌstәd,,,,,,TRUE,布丁,外賣,醋,一份,蛋黃醬,番茄醬,TRUE,takeout,lollipop,portion,roll,ketchup,popsicle,,,,
word-catalog-v1,CREATE_DRAFT,,,,,soy sauce,soy sauce,noun,B2,food-drink,醬油,,,,sɔi,,,,,,TRUE,白醬,酸奶油,硬糖,口香糖,番茄膏,冰塊,TRUE,white sauce,hard candy,chewing gum,tomato paste,sweet potato,red pepper,,,,
word-catalog-v1,CREATE_DRAFT,,,,,ketchup,ketchup,noun,B2,food-drink,番茄醬,,,,'ketʃәp,,,,,,TRUE,蛋黃醬,棒棒糖,小麵包,清淡的晚餐,冰棒,烤肉串,TRUE,supper,vinegar,pudding,takeout,mustard,lollipop,,,,
word-catalog-v1,CREATE_DRAFT,,,,,vinegar,vinegar,noun,B2,food-drink,醋,,,,'vinigә,,,,,,TRUE,布丁,外賣,一份,棒棒糖,牛排,肉餅,TRUE,portion,roll,popsicle,supper,pudding,mustard,,,,
word-catalog-v1,CREATE_DRAFT,,,,,white sauce,white sauce,noun,B2,food-drink,白醬,,,,hwait sɔ:s,,,,,,TRUE,醬油,硬糖,口香糖,紅薯,番茄膏,酒類商店,TRUE,soy sauce,hard candy,chewing gum,tomato paste,green pepper,Bloody Mary,,,,
word-catalog-v1,CREATE_DRAFT,,,,,chewing gum,chewing gum,noun,B2,food-drink,口香糖,,,,ˈtʃuː.ɪŋ ˌɡʌm,,,,,,TRUE,硬糖,白醬,醬油,番茄膏,山羊奶酪,血腥瑪麗,TRUE,white sauce,hard candy,soy sauce,tomato paste,sour cream,liquor store,,,,
word-catalog-v1,CREATE_DRAFT,,,,,hard candy,hard candy,noun,B2,food-drink,硬糖,,,,ˌhɑːrd ˈkæn.di,,,,,,TRUE,口香糖,白醬,醬油,紅薯,冰塊,冰茶,TRUE,white sauce,chewing gum,soy sauce,tomato paste,ginger ale,iced tea,,,,
word-catalog-v1,CREATE_DRAFT,,,,,lollipop,lollipop,noun,B2,food-drink,棒棒糖,,,,'lɒlipɒp,,,,,,TRUE,冰棒,小麵包,清淡的晚餐,布丁,外賣,番茄醬,TRUE,takeout,portion,roll,supper,vinegar,mayonnaise,,,,
word-catalog-v1,CREATE_DRAFT,,,,,popsicle,popsicle,noun,B2,food-drink,冰棒,,,,'pɒpsikl,,,,,,TRUE,棒棒糖,一份,布丁,醋,小麵包,清淡的晚餐,TRUE,lollipop,pudding,takeout,portion,beefsteak,meatloaf,,,,
word-catalog-v1,CREATE_DRAFT,,,,,pudding,pudding,noun,B2,food-drink,布丁,,,,'pudiŋ,,,,,,TRUE,卡布奇諾,外賣,冰棒,一份,小麵包,棒棒糖,TRUE,popsicle,roll,supper,takeout,wheat,kebab,,,,
word-catalog-v1,CREATE_DRAFT,,,,,portion,portion,noun,B2,food-drink,一份,,,,'pɒ:ʃәn,,,,,,TRUE,外賣,布丁,冰棒,醋,棒棒糖,小麥,TRUE,roll,pudding,supper,takeout,ketchup,zucchini,,,,
word-catalog-v1,CREATE_DRAFT,,,,,supper,supper,noun,B2,food-drink,清淡的晚餐,,,,'sʌpә,,,,,,TRUE,小麵包,一份,外賣,布丁,人造黃油,碳水化合物,TRUE,portion,roll,popsicle,vinegar,beefsteak,meatloaf,,,,
word-catalog-v1,CREATE_DRAFT,,,,,takeout,takeout,noun,B2,food-drink,外賣,,,,'teɪkˌaʊt,,,,,,TRUE,清淡的晚餐,一份,冰棒,小麵包,芥末,香料,FALSE,,,,,,,,,,
word-catalog-v1,CREATE_DRAFT,,,,,roll,roll,noun,B2,food-drink,小麵包,,,,rәul,,,,,,TRUE,法棍麵包,小麥,清淡的晚餐,外賣,番茄醬,棒棒糖,TRUE,takeout,supper,portion,lollipop,wheat,spice,,,,
word-catalog-v1,CREATE_DRAFT,,,,,tomato paste,tomato paste,noun,B2,food-drink,番茄膏,茄膏,,,təˈmɑ:təu peist,,,,,,TRUE,口香糖,硬糖,白醬,醬油,薑汁汽水,花草茶,TRUE,hard candy,white sauce,chewing gum,soy sauce,goat cheese,herbal tea,,,,
word-catalog-v1,CREATE_DRAFT,,,,,driving school,driving school,noun,B2,travel-transport,駕駛學校,,,,ˈdraiviŋ sku:l,,,,,,TRUE,機動車輛,車牌號,安全帶,手剎,轉向燈,高峰時間,TRUE,license number,motor vehicle,emergency brake,safety belt,turn signal,windshield wiper,,,,
word-catalog-v1,CREATE_DRAFT,,,,,license number,license number,noun,B2,travel-transport,車牌號,,,,ˈlaisəns ˈnʌmbə,,,,,,TRUE,機動車輛,駕駛學校,安全帶,手剎,擋風玻璃雨刷,方向盤,TRUE,driving school,motor vehicle,emergency brake,safety belt,rush hour,steering wheel,,,,
word-catalog-v1,CREATE_DRAFT,,,,,motor vehicle,motor vehicle,noun,B2,travel-transport,機動車輛,,,,ˈmoʊ.t̬ɚ ˌviː.ə.kəl,,,,,,TRUE,車牌號,駕駛學校,安全帶,手剎,斑馬線,路怒症,TRUE,license number,driving school,emergency brake,turn signal,rush hour,zebra crossing,,,,
word-catalog-v1,CREATE_DRAFT,,,,,bumper,bumper,noun,B2,travel-transport,保險槓,,,,'bʌmpә,,,,,,TRUE,引擎蓋,排氣管,車牌,後備箱,油箱,輪胎,TRUE,plate,tailpipe,tank,tire,trunk,windshield,,,,
word-catalog-v1,CREATE_DRAFT,,,,,emergency brake,emergency brake,noun,B2,travel-transport,手剎,,,,ɪˈmɝː.dʒən.si ˌbreɪk,,,,,,TRUE,轉向燈,車牌號,安全帶,駕駛學校,擋風玻璃雨刷,主線,TRUE,motor vehicle,license number,safety belt,driving school,zebra crossing,road rage,,,,
word-catalog-v1,CREATE_DRAFT,,,,,hood,hood,noun,B2,travel-transport,引擎蓋,,,,hʊd,,,,,,FALSE,,,,,,,TRUE,bumper,plate,tailpipe,tank,crossing,crash,,,,
word-catalog-v1,CREATE_DRAFT,,,,,plate,plate,noun,B2,travel-transport,車牌,,,,pleit,,,,,,TRUE,撞車,剎車燈,油箱,輪胎,保險槓,引擎蓋,TRUE,bumper,tire,tailpipe,trunk,intersection,bend,,,,
word-catalog-v1,CREATE_DRAFT,,,,,safety belt,safety belt,noun,B2,travel-transport,安全帶,,,,'seɪfti:b'elt,,,,,,TRUE,轉向燈,機動車輛,手剎,擋風玻璃雨刷,斑馬線,路怒症,FALSE,,,,,,,,,,
word-catalog-v1,CREATE_DRAFT,,,,,tailpipe,tailpipe,noun,B2,travel-transport,排氣管,,,,'teilpaip,,,,,,TRUE,後備箱,保險槓,引擎蓋,車牌,擋風玻璃,交叉點,TRUE,tank,plate,tire,bumper,U-turn,intersection,,,,
word-catalog-v1,CREATE_DRAFT,,,,,tank,tank,noun,B2,travel-transport,油箱,,,,tæŋk,,,,,,FALSE,,,,,,,TRUE,windshield,trunk,tailpipe,crossing,crash,speeding,,,,
word-catalog-v1,CREATE_DRAFT,,,,,tire,tire,noun,B2,travel-transport,輪胎,,,,taiә,,,,,,TRUE,彎道,油箱,撞車,排氣管,掉頭,車牌,TRUE,windshield,tank,trunk,bend,U-turn,crossing,,,,
word-catalog-v1,CREATE_DRAFT,,,,,trunk,trunk,noun,B2,travel-transport,後備箱,,,,trʌŋk,,,,,,FALSE,,,,,,,TRUE,tire,windshield,crash,intersection,speeding,tank,,,,
word-catalog-v1,CREATE_DRAFT,,,,,turn signal,turn signal,noun,B2,travel-transport,轉向燈,,,,tə:n ˈsiɡnəl,,,,,,TRUE,方向盤,高峰時間,安全帶,擋風玻璃雨刷,斑馬線,車牌號,TRUE,windshield wiper,rush hour,safety belt,emergency brake,zebra crossing,road rage,,,,
word-catalog-v1,CREATE_DRAFT,,,,,windshield,windshield,noun,B2,travel-transport,擋風玻璃,,,,'windʃi:ld,,,,,,TRUE,換擋桿,十字路口,後備箱,交叉點,彎道,排氣管,TRUE,bend,U-turn,crossing,crash,intersection,speeding,,,,
word-catalog-v1,CREATE_DRAFT,,,,,windshield wiper,windshield wiper,noun,B2,travel-transport,擋風玻璃雨刷,,,,ˈwɪndˌʃi:ld ˈwaipə,,,,,,TRUE,高峰時間,轉向燈,機動車輛,方向盤,駕駛學校,斑馬線,TRUE,turn signal,rush hour,steering wheel,safety belt,license number,road rage,,,,
word-catalog-v1,CREATE_DRAFT,,,,,crash,crash,noun,B2,travel-transport,撞車,,,,kræʃ,,,,,,FALSE,,,,,,,TRUE,bend,U-turn,windshield,intersection,handlebar,tire,,,,
word-catalog-v1,CREATE_DRAFT,,,,,bend,bend,noun,B2,travel-transport,彎道,,,,bend,,,,,,FALSE,,,,,,,TRUE,crossing,speeding,U-turn,gearshift,trunk,handlebar,,,,
word-catalog-v1,CREATE_DRAFT,,,,,crossing,crossing,noun,B2,travel-transport,十字路口,,,,'krɒsiŋ,,,,,,TRUE,擋風玻璃,交叉點,超速,掉頭,彎道,撞車,FALSE,,,,,,,,,,
word-catalog-v1,CREATE_DRAFT,,,,,intersection,intersection,noun,B2,travel-transport,交叉點,,,,.intә'sekʃәn,,,,,,TRUE,十字路口,超速,掉頭,彎道,後備箱,把手,TRUE,speeding,crossing,U-turn,stoplight,windshield,plate,,,,
word-catalog-v1,CREATE_DRAFT,,,,,U-turn,U-turn,noun,B2,travel-transport,掉頭,,,,ju:'tә:n,,,,,,TRUE,超速,撞車,交叉點,把手,輪胎,十字路口,TRUE,intersection,gearshift,speeding,handlebar,stoplight,bend,,,,
word-catalog-v1,CREATE_DRAFT,,,,,rush hour,rush hour,noun,B2,travel-transport,高峰時間,,,,rʌʃ ˈauə,,,,,,TRUE,方向盤,路怒症,擋風玻璃雨刷,轉向燈,安全帶,時差反應,TRUE,windshield wiper,steering wheel,turn signal,zebra crossing,road rage,motor vehicle,,,,
word-catalog-v1,CREATE_DRAFT,,,,,speeding,speeding,noun,B2,travel-transport,超速,,,,'spi:diŋ,,,,,,TRUE,掉頭,把手,彎道,撞車,換擋桿,剎車燈,TRUE,gearshift,handlebar,stoplight,U-turn,crash,tailpipe,,,,
word-catalog-v1,CREATE_DRAFT,,,,,brake,brake,verb,B2,travel-transport,剎車,,,,breik,,,,,,TRUE,離開,導航,匆忙,減慢,加燃料,巡航,TRUE,exit,navigate,rush,slow,fuel,trek,,,,
word-catalog-v1,CREATE_DRAFT,,,,,exit,exit,verb,B2,travel-transport,離開,,,,'eksit,,,,,,FALSE,,,,,,,FALSE,,,,,,,,,,
word-catalog-v1,CREATE_DRAFT,,,,,pull up,pull up,phrasal_verb,B2,travel-transport,停下,,,,pʊl,,,,,,TRUE,離開,剎車,導航,匆忙,躺下,清醒過來,TRUE,get away,brake,exit,navigate,rush,sober up,,,,
word-catalog-v1,CREATE_DRAFT,,,,,navigate,navigate,verb,B2,travel-transport,導航,,,,'nævigeit,,,,,,FALSE,,,,,,,TRUE,slow,brake,fuel,rush,cruise,delay,,,,
word-catalog-v1,CREATE_DRAFT,,,,,rush,rush,verb,B2,travel-transport,匆忙,,,,rʌʃ,,,,,,TRUE,減慢,導航,剎車,離開,延遲,航行,TRUE,navigate,slow,fuel,brake,scrub,coat,,,,
word-catalog-v1,CREATE_DRAFT,,,,,slow,slow,verb,B2,travel-transport,減慢,,,,slәu,,,,,,TRUE,匆忙,加燃料,導航,剎車,延遲,徒步旅行,TRUE,rush,fuel,exit,brake,furnish,vacuum,,,,
word-catalog-v1,CREATE_DRAFT,,,,,fuel,fuel,verb,B2,travel-transport,加燃料,,,,'fjuәl,,,,,,TRUE,減慢,匆忙,離開,剎車,徒步旅行,配備傢俱,TRUE,slow,navigate,rush,brake,sweep,furnish,,,,
word-catalog-v1,CREATE_DRAFT,,,,,steering wheel,steering wheel,noun,B2,travel-transport,方向盤,,,,'stiәriŋ,,,,,,TRUE,轉向燈,斑馬線,路怒症,高峰時間,安全帶,旅行社,TRUE,zebra crossing,road rage,rush hour,turn signal,room service,travel agency,,,,
word-catalog-v1,CREATE_DRAFT,,,,,handlebar,handlebar,noun,B2,travel-transport,把手,,,,'hændlbɑ:,,,,,,TRUE,換擋桿,剎車燈,超速,掉頭,交叉點,輪胎,TRUE,gearshift,stoplight,speeding,crossing,crash,tire,,,,
word-catalog-v1,CREATE_DRAFT,,,,,zebra crossing,zebra crossing,noun,B2,travel-transport,斑馬線,,,,ˌzeb.rə ˈkrɑː.sɪŋ,,,,,,TRUE,方向盤,路怒症,高峰時間,轉向燈,手剎,主線,TRUE,steering wheel,road rage,rush hour,windshield wiper,driving school,railroad crossing,,,,
word-catalog-v1,CREATE_DRAFT,,,,,gearshift,gearshift,noun,B2,travel-transport,換擋桿,,,,ɡiə ʃift,,,,,,TRUE,擋風玻璃,剎車燈,把手,超速,十字路口,排氣管,TRUE,stoplight,handlebar,speeding,U-turn,tank,bumper,,,,
word-catalog-v1,CREATE_DRAFT,,,,,stoplight,stoplight,noun,B2,travel-transport,剎車燈,,,,'stɒplait,,,,,,TRUE,撞車,車牌,換擋桿,把手,交叉點,擋風玻璃,TRUE,gearshift,handlebar,intersection,crossing,windshield,crash,,,,
word-catalog-v1,CREATE_DRAFT,,,,,road rage,road rage,noun,B2,travel-transport,路怒症,,,,roʊd reidʒ,,,,,,TRUE,斑馬線,方向盤,高峰時間,手剎,鐵路道口,休息區,TRUE,steering wheel,zebra crossing,rush hour,windshield wiper,license number,package tour,,,,
word-catalog-v1,CREATE_DRAFT,,,,,sip,sip,verb,B2,food-drink,啜飲,,,,sip,,,,,,TRUE,裝飾,加熱,打,醃製,攪拌,掃描,TRUE,beat,chop,garnish,grill,heat,stir,,,,
word-catalog-v1,CREATE_DRAFT,,,,,sober up,sober up,phrasal_verb,B2,food-drink,清醒過來,,,,,,,,,,TRUE,昏倒,躺下,上床睡覺,染上,啜飲,在別人頭後比兔耳朵,TRUE,pass out,lie down,hit the hay,come down with,sip,pull up,,,,
word-catalog-v1,CREATE_DRAFT,,,,,thirst,thirst,noun,B2,food-drink,口渴,,,,θә:st,,,,,,TRUE,吸管,酒,烈酒,蘋果酒,賓治,杜松子酒,TRUE,straw,booze,Bourbon,cider,gin,liquor,,,,
word-catalog-v1,CREATE_DRAFT,,,,,ice cube,ice cube,noun,B2,food-drink,冰塊,,,,aɪs kju:b,,,,,,TRUE,冰茶,酒類商店,血腥瑪麗,薑汁汽水,花草茶,脫脂牛奶,TRUE,Bloody Mary,liquor store,ginger ale,iced tea,skim milk,herbal tea,,,,
word-catalog-v1,CREATE_DRAFT,,,,,straw,straw,noun,B2,food-drink,吸管,,,,strɒ:,,,,,,TRUE,口渴,酒,烈酒,蘋果酒,馬提尼,續杯,TRUE,thirst,booze,Bourbon,cider,margarita,martini,,,,
word-catalog-v1,CREATE_DRAFT,,,,,liquor store,liquor store,noun,B2,food-drink,酒類商店,,,,ˈlɪk.ɚ ˌstɔːr,,,,,,TRUE,血腥瑪麗,薑汁汽水,冰塊,脫脂牛奶,番茄膏,口香糖,TRUE,ice cube,Bloody Mary,ginger ale,iced tea,tomato paste,hard candy,,,,
word-catalog-v1,CREATE_DRAFT,,,,,booze,booze,noun,B2,food-drink,酒,,,,bu:z,,,,,,TRUE,烈酒,蘋果酒,杜松子酒,口渴,波本威士忌,莫吉托,TRUE,straw,thirst,gin,Bourbon,mojito,margarita,,,,
word-catalog-v1,CREATE_DRAFT,,,,,Bloody Mary,Bloody Mary,noun,B2,food-drink,血腥瑪麗,,,,ˌblʌd.i ˈmer.i,,,,,,TRUE,酒類商店,薑汁汽水,冰茶,冰塊,番茄膏,硬糖,TRUE,ginger ale,liquor store,iced tea,ice cube,white sauce,sweet potato,,,,
word-catalog-v1,CREATE_DRAFT,,,,,Bourbon,Bourbon,noun,B2,food-drink,波本威士忌,,,,'buәbәn,,,,,,TRUE,瑪格麗塔,杜松子酒,馬提尼,卡布奇諾,吸管,莫吉托,TRUE,cider,booze,gin,refill,martini,mojito,,,,
word-catalog-v1,CREATE_DRAFT,,,,,cider,cider,noun,B2,food-drink,蘋果酒,,,,'saidә,,,,,,TRUE,酒,烈酒,杜松子酒,馬提尼,波本威士忌,瑪格麗塔,TRUE,liquor,Bourbon,gin,cappuccino,margarita,refill,,,,
word-catalog-v1,CREATE_DRAFT,,,,,gin,gin,noun,B2,food-drink,杜松子酒,,,,dʒin,,,,,,TRUE,酒,烈酒,蘋果酒,瑪格麗塔,卡布奇諾,莫吉托,TRUE,liquor,cider,martini,punch,straw,mojito,,,,
word-catalog-v1,CREATE_DRAFT,,,,,ginger ale,ginger ale,noun,B2,food-drink,薑汁汽水,,,,ˈdʒindʒə eɪl,,,,,,TRUE,血腥瑪麗,酒類商店,脫脂牛奶,冰塊,山羊奶酪,白醬,TRUE,iced tea,skim milk,herbal tea,ice cube,tomato paste,chewing gum,,,,
word-catalog-v1,CREATE_DRAFT,,,,,iced tea,iced tea,noun,B2,food-drink,冰茶,凍茶,,,aist ti:,,,,,,TRUE,冰塊,花草茶,薑汁汽水,血腥瑪麗,硬糖,紅薯,TRUE,herbal tea,ginger ale,skim milk,ice cube,hard candy,white sauce,,,,
word-catalog-v1,CREATE_DRAFT,,,,,liquor,liquor,noun,B2,food-drink,烈酒,,,,'likә,,,,,,TRUE,酒,蘋果酒,杜松子酒,續杯,莫吉托,外賣,TRUE,cappuccino,margarita,refill,martini,punch,mojito,,,,
word-catalog-v1,CREATE_DRAFT,,,,,margarita,margarita,noun,B2,food-drink,瑪格麗塔,,,,",mɑ:^ә'ri:tә",,,,,,TRUE,馬提尼,卡布奇諾,賓治,波本威士忌,莫吉托,續杯,TRUE,liquor,cappuccino,refill,martini,cider,thirst,,,,
word-catalog-v1,CREATE_DRAFT,,,,,martini,martini,noun,B2,food-drink,馬提尼,,,,mɑ:'ti:ni,,,,,,TRUE,賓治,瑪格麗塔,莫吉托,續杯,烈酒,吸管,TRUE,punch,margarita,mojito,liquor,gin,booze,,,,
word-catalog-v1,CREATE_DRAFT,,,,,mojito,mojito,noun,B2,food-drink,莫吉托,,,,moʊˈhiː.t̬oʊ,,,,,,TRUE,馬提尼,賓治,瑪格麗塔,卡布奇諾,口渴,蘋果酒,TRUE,cappuccino,refill,punch,liquor,straw,booze,,,,
word-catalog-v1,CREATE_DRAFT,,,,,refill,refill,noun,B2,food-drink,續杯,,,,ri:'fil,,,,,,TRUE,賓治,馬提尼,烈酒,吸管,口渴,波本威士忌,TRUE,cappuccino,mojito,punch,Bourbon,liquor,thirst,,,,
word-catalog-v1,CREATE_DRAFT,,,,,punch,punch,noun,B2,food-drink,賓治,,,,pʌntʃ,,,,,,FALSE,,,,,,,TRUE,refill,cappuccino,martini,gin,straw,roll,,,,
word-catalog-v1,CREATE_DRAFT,,,,,cappuccino,cappuccino,noun,B2,food-drink,卡布奇諾,,,,kæpj'tʃi:nәj,,,,,,TRUE,瑪格麗塔,杜松子酒,賓治,莫吉托,波本威士忌,布丁,TRUE,punch,refill,margarita,cider,Bourbon,straw,,,,
word-catalog-v1,CREATE_DRAFT,,,,,herbal tea,herbal tea,noun,B2,food-drink,花草茶,,,,ˈɜ:bəl ti:,,,,,,TRUE,冰茶,脫脂牛奶,薑汁汽水,冰塊,白醬,酸奶油,TRUE,iced tea,skim milk,ginger ale,ice cube,soy sauce,sour cream,,,,
word-catalog-v1,CREATE_DRAFT,,,,,skim milk,skim milk,noun,B2,food-drink,脫脂牛奶,,,,ˌskɪm ˈmɪlk,,,,,,TRUE,花草茶,薑汁汽水,酒類商店,冰塊,酸奶油,山羊奶酪,TRUE,herbal tea,Bloody Mary,iced tea,ice cube,white sauce,soy sauce,,,,
word-catalog-v1,CREATE_DRAFT,,,,,abbreviation,abbreviation,noun,B2,communication-language,縮寫,,,,ә.bri:vi'eiʃәn,,,,,,TRUE,冠詞,連詞,介詞,代詞,前綴,後綴,TRUE,article,conjunction,preposition,pronoun,prefix,suffix,,,,
word-catalog-v1,CREATE_DRAFT,,,,,article,article,noun,B2,communication-language,冠詞,,,,'ɑ:tikl,,,,,,TRUE,連詞,介詞,代詞,情態動詞,縮寫,複數,TRUE,abbreviation,conjunction,preposition,pronoun,superlative,plural,,,,
word-catalog-v1,CREATE_DRAFT,,,,,auxiliary verb,auxiliary verb,noun,B2,communication-language,助動詞,,,,ɔ:ɡˈziljəri və:b,,,,,,TRUE,專有名詞,過去分詞,感嘆號,問號,附加疑問句,地址簿,TRUE,proper noun,past participle,tag question,exclamation point,question mark,address book,,,,
word-catalog-v1,CREATE_DRAFT,,,,,conjunction,conjunction,noun,B2,communication-language,連詞,,,,kәn'dʒʌŋkʃәn,,,,,,TRUE,冠詞,介詞,代詞,情態動詞,單數,比較級,TRUE,article,abbreviation,preposition,prefix,comparative,singular,,,,
word-catalog-v1,CREATE_DRAFT,,,,,preposition,preposition,noun,B2,communication-language,介詞,,,,p'ri:pəz'ɪʃn,,,,,,TRUE,連詞,冠詞,代詞,情態動詞,最高級,搭配,TRUE,conjunction,suffix,pronoun,abbreviation,modal,comparative,,,,
word-catalog-v1,CREATE_DRAFT,,,,,proper noun,proper noun,noun,B2,communication-language,專有名詞,,,,ˈprɔpə naun,,,,,,TRUE,助動詞,過去分詞,附加疑問句,感嘆號,來電顯示,社交媒體,TRUE,auxiliary verb,past participle,tag question,exclamation point,answering machine,phone booth,,,,
word-catalog-v1,CREATE_DRAFT,,,,,pronoun,pronoun,noun,B2,communication-language,代詞,,,,'prәunaun,,,,,,TRUE,介詞,連詞,冠詞,情態動詞,發音,輔音,TRUE,prefix,suffix,superlative,plural,preposition,singular,,,,
word-catalog-v1,CREATE_DRAFT,,,,,prefix,prefix,noun,B2,communication-language,前綴,,,,'pri:fiks,,,,,,TRUE,後綴,複數,縮寫,單數,比較級,最高級,TRUE,pronoun,suffix,superlative,article,plural,modal,,,,
word-catalog-v1,CREATE_DRAFT,,,,,suffix,suffix,noun,B2,communication-language,後綴,,,,'sʌfiks,,,,,,TRUE,前綴,複數,單數,比較級,代詞,搭配,TRUE,prefix,comparative,singular,superlative,collocation,pronoun,,,,
word-catalog-v1,CREATE_DRAFT,,,,,active,active,adjective,B2,communication-language,主動的,,,,'æktiv,,,,,,TRUE,被動的,語法的,完成的,條件的,進行式的,所有格的,TRUE,passive,grammatical,conditional,perfect,possessive,progressive,,,,
word-catalog-v1,CREATE_DRAFT,,,,,passive,passive,adjective,B2,communication-language,被動的,,,,'pæsiv,,,,,,TRUE,主動的,語法的,完成的,條件的,客觀的,主觀的,TRUE,active,grammatical,conditional,perfect,busy,objective,,,,
word-catalog-v1,CREATE_DRAFT,,,,,comparative,comparative,noun,B2,communication-language,比較級,,,,kәm'pærәtiv,,,,,,FALSE,,,,,,,TRUE,plural,modal,singular,pronunciation,superlative,collocation,,,,
word-catalog-v1,CREATE_DRAFT,,,,,superlative,superlative,noun,B2,communication-language,最高級,,,,sju:'pә:lәtiv,,,,,,TRUE,比較級,複數,後綴,前綴,元音,發音,TRUE,consonant,comparative,plural,modal,vowel,singular,,,,
word-catalog-v1,CREATE_DRAFT,,,,,plural,plural,noun,B2,communication-language,複數,,,,'pluәrәl,,,,,,TRUE,單數,最高級,重音,後綴,搭配,輔音,TRUE,pronunciation,stress,collocation,consonant,modal,vowel,,,,
word-catalog-v1,CREATE_DRAFT,,,,,singular,singular,noun,B2,communication-language,單數,,,,'siŋgjulә,,,,,,TRUE,複數,元音,最高級,發音,重音,搭配,TRUE,punctuation,pronunciation,stress,plural,collocation,comma,,,,
word-catalog-v1,CREATE_DRAFT,,,,,grammatical,grammatical,adjective,B2,communication-language,語法的,,,,grә'mætikl,,,,,,TRUE,完成的,條件的,被動的,主動的,反對的,忙,TRUE,possessive,conditional,progressive,active,subjective,opposed,,,,
word-catalog-v1,CREATE_DRAFT,,,,,modal,modal,noun,B2,communication-language,情態動詞,,,,'mәudl,,,,,,TRUE,介詞,代詞,連詞,標點符號,最高級,比較級,TRUE,consonant,vowel,punctuation,pronunciation,singular,comma,,,,
word-catalog-v1,CREATE_DRAFT,,,,,conditional,conditional,adjective,B2,communication-language,條件的,,,,kәn'diʃәnl,,,,,,TRUE,完成的,語法的,被動的,主動的,虛擬,可選的,TRUE,perfect,grammatical,possessive,active,subjective,virtual,,,,
word-catalog-v1,CREATE_DRAFT,,,,,perfect,perfect,adjective,B2,communication-language,完成的,,,,'pә:fikt,,,,,,TRUE,條件的,語法的,進行式的,主動的,反對的,虛擬,TRUE,progressive,conditional,possessive,busy,objective,virtual,,,,
word-catalog-v1,CREATE_DRAFT,,,,,past participle,past participle,noun,B2,communication-language,過去分詞,,,,ˌpæst ˈpɑːr.tɪ.sɪ.pəl,,,,,,TRUE,助動詞,專有名詞,附加疑問句,感嘆號,好友請求,仇恨郵件,TRUE,tag question,question mark,exclamation point,auxiliary verb,caller ID,Internet cafe,,,,
word-catalog-v1,CREATE_DRAFT,,,,,progressive,progressive,adjective,B2,communication-language,進行式的,,,,prә'gresiv,,,,,,TRUE,所有格的,完成的,條件的,主動的,虛擬,多項選擇的,TRUE,perfect,possessive,grammatical,opposed,busy,multiple-choice,,,,
word-catalog-v1,CREATE_DRAFT,,,,,collocation,collocation,noun,B2,communication-language,搭配,,,,kɒlә'keiʃәn,,,,,,TRUE,輔音,元音,逗號,發音,重音,標點符號,TRUE,stress,consonant,vowel,punctuation,superlative,comparative,,,,
word-catalog-v1,CREATE_DRAFT,,,,,possessive,possessive,adjective,B2,communication-language,所有格的,,,,pә'zesiv,,,,,,TRUE,進行式的,完成的,語法的,主動的,忙,多項選擇的,TRUE,progressive,perfect,conditional,active,virtual,optional,,,,
word-catalog-v1,CREATE_DRAFT,,,,,pronunciation,pronunciation,noun,B2,communication-language,發音,,,,prәu.nʌnsi'eiʃәn,,,,,,TRUE,輔音,元音,重音,搭配,前綴,情態動詞,FALSE,,,,,,,,,,
word-catalog-v1,CREATE_DRAFT,,,,,consonant,consonant,noun,B2,communication-language,輔音,,,,'kɒnsәnәnt,,,,,,TRUE,發音,元音,重音,單數,後綴,縮寫,TRUE,stress,pronunciation,vowel,punctuation,suffix,prefix,,,,
word-catalog-v1,CREATE_DRAFT,,,,,vowel,vowel,noun,B2,communication-language,元音,,,,'vauәl,,,,,,TRUE,輔音,重音,發音,搭配,比較級,縮寫,TRUE,comma,consonant,stress,punctuation,modal,conjunction,,,,
word-catalog-v1,CREATE_DRAFT,,,,,stress,stress,noun,B2,communication-language,重音,,,,stres,,,,,,FALSE,,,,,,,TRUE,comma,vowel,consonant,collocation,plural,superlative,,,,
word-catalog-v1,CREATE_DRAFT,,,,,tag question,tag question,noun,B2,communication-language,附加疑問句,,,,ˈtæɡ ˌkwes.tʃən,,,,,,TRUE,問號,感嘆號,過去分詞,助動詞,網絡衝浪者,網絡聊天,TRUE,question mark,exclamation point,past participle,auxiliary verb,social media,home page,,,,
word-catalog-v1,CREATE_DRAFT,,,,,punctuation,punctuation,noun,B2,communication-language,標點符號,,,,.pʌŋktʃu'eiʃәn,,,,,,TRUE,逗號,元音,情態動詞,輔音,最高級,單數,TRUE,comma,stress,pronunciation,vowel,comparative,preposition,,,,
word-catalog-v1,CREATE_DRAFT,,,,,exclamation point,exclamation point,noun,B2,communication-language,感嘆號,,,,eks.kləˈmeɪ.ʃən ˌpɔɪnt,,,,,,TRUE,問號,附加疑問句,過去分詞,助動詞,答錄機,電話亭,TRUE,question mark,tag question,past participle,auxiliary verb,friend request,hate mail,,,,
word-catalog-v1,CREATE_DRAFT,,,,,question mark,question mark,noun,B2,communication-language,問號,,,,ˈkwes.tʃən ˌmɑːrk,,,,,,TRUE,感嘆號,附加疑問句,過去分詞,網吧,主頁,輿論,TRUE,tag question,exclamation point,past participle,web chat,instant messaging,net surfer,,,,
word-catalog-v1,CREATE_DRAFT,,,,,comma,comma,noun,B2,communication-language,逗號,,,,'kɒmә,,,,,,TRUE,標點符號,重音,元音,搭配,單數,比較級,TRUE,punctuation,stress,consonant,collocation,singular,suffix,,,,
word-catalog-v1,CREATE_DRAFT,,,,,border,border,verb,B2,society-law-politics,與……接壤,,,,'bɒ:dә,,,,,,TRUE,尊敬,承認,幫助,使能夠,阻止,要求,TRUE,honor,acknowledge,aid,bar,demand,enable,,,,
word-catalog-v1,CREATE_DRAFT,,,,,honor,honor,verb,B2,society-law-politics,尊敬,,,,'ɒnә,,,,,,FALSE,,,,,,,TRUE,border,acknowledge,aid,bar,permit,restrict,,,,
word-catalog-v1,CREATE_DRAFT,,,,,aristocracy,aristocracy,noun,B2,society-law-politics,貴族,,,,.æri'stɒkrәsi,,,,,,TRUE,朝代,帝國,城堡,堡壘,盔甲,王冠,FALSE,,,,,,,,,,
word-catalog-v1,CREATE_DRAFT,,,,,dynasty,dynasty,noun,B2,society-law-politics,朝代,,,,'dainæsti,,,,,,TRUE,貴族,帝國,城堡,堡壘,箭,王室,TRUE,aristocracy,empire,castle,fortress,armor,crown,,,,
word-catalog-v1,CREATE_DRAFT,,,,,empire,empire,noun,B2,society-law-politics,帝國,,,,'empaiә,,,,,,TRUE,國王,朝代,貴族,盔甲,城堡,劍,TRUE,dynasty,aristocracy,castle,fortress,arrow,sword,,,,
word-catalog-v1,CREATE_DRAFT,,,,,Renaissance,Renaissance,proper_noun,B2,society-law-politics,文藝復興,,,,ri'neisәns,,,,,,TRUE,基督教,福音書,佛教,參議院,中世紀,保守黨,TRUE,Buddhism,Christianity,Bible,Senate,the Middle Ages,Republican Party,,,,
word-catalog-v1,CREATE_DRAFT,,,,,the Middle Ages,the Middle Ages,proper_noun,B2,society-law-politics,中世紀,,,,ˈmɪd.əl ˌeɪ.dʒɪz,,,,,,TRUE,文藝復興,共和黨,基督教,福音書,保守黨,水星,TRUE,Renaissance,Conservative Party,Alcoholics Anonymous,Gospel,Democratic Party,Mercury,,,,
word-catalog-v1,CREATE_DRAFT,,,,,castle,castle,noun,B2,society-law-politics,城堡,,,,'kæsl. 'kɑ:sl,,,,,,TRUE,堡壘,王冠,盔甲,貴族,箭,伯爵,TRUE,armor,empire,fortress,dynasty,emblem,arrow,,,,
word-catalog-v1,CREATE_DRAFT,,,,,fortress,fortress,noun,B2,society-law-politics,堡壘,,,,'fɒ:tris,,,,,,TRUE,城堡,王冠,盔甲,王室,劍,騎士,TRUE,crown,castle,armor,sword,royalty,emblem,,,,
word-catalog-v1,CREATE_DRAFT,,,,,armor,armor,noun,B2,society-law-politics,盔甲,,,,'ɑ:mә,,,,,,TRUE,堡壘,王冠,帝國,王室,伯爵,徽章,TRUE,crown,arrow,nobility,fortress,sword,royalty,,,,
word-catalog-v1,CREATE_DRAFT,,,,,coat of arms,coat of arms,noun,B2,society-law-politics,紋章,,,,kəut ɔv ɑ:mz,,,,,,TRUE,讓人無從抵賴地,年齡限制,規則書,童工,酗酒,空軍,TRUE,dead to rights,age limit,rule book,air force,war crime,nuclear submarine,,,,
word-catalog-v1,CREATE_DRAFT,,,,,crown,crown,noun,B2,society-law-politics,王冠,,,,kraun,,,,,,TRUE,女王,王室,國王,王子,箭,劍,TRUE,count,emblem,countess,arrow,nobility,knight,,,,
word-catalog-v1,CREATE_DRAFT,,,,,arrow,arrow,noun,B2,society-law-politics,箭,,,,'ærәu,,,,,,TRUE,劍,騎士,王冠,伯爵,女士,徽章,TRUE,crown,sword,royalty,count,duchess,countess,,,,
word-catalog-v1,CREATE_DRAFT,,,,,sword,sword,noun,B2,society-law-politics,劍,,,,sɒ:d,,,,,,TRUE,箭,陛下,貴族,騎士,女王,領主,TRUE,emblem,king,nobility,knight,queen,royalty,,,,
word-catalog-v1,CREATE_DRAFT,,,,,emblem,emblem,noun,B2,society-law-politics,徽章,,,,'emblәm,,,,,,TRUE,王室,伯爵,女士,伯爵夫人,君主,國王,FALSE,,,,,,,,,,
word-catalog-v1,CREATE_DRAFT,,,,,royal,royal,adjective,B2,society-law-politics,皇家的,,,,'rɒiәl,,,,,,TRUE,高貴的,禁止的,非法的,強制的,可接受的,武裝的,TRUE,noble,forbidden,acceptable,illegal,mandatory,devout,,,,
word-catalog-v1,CREATE_DRAFT,,,,,royalty,royalty,noun,B2,society-law-politics,王室,,,,'rɒiәlti,,,,,,TRUE,女王,國王,王子,王冠,陛下,貴族,TRUE,count,duchess,lady,countess,king,majesty,,,,
word-catalog-v1,CREATE_DRAFT,,,,,noble,noble,adjective,B2,society-law-politics,高貴的,,,,'nәubl,,,,,,TRUE,皇家的,禁止的,非法的,強制的,民用的,平等的,TRUE,royal,forbidden,acceptable,illegal,military,armed,,,,
word-catalog-v1,CREATE_DRAFT,,,,,nobility,nobility,noun,B2,society-law-politics,貴族,,,,nәu'biliti,,,,,,TRUE,騎士,領主,公主,公爵夫人,伯爵,女士,FALSE,,,,,,,,,,
word-catalog-v1,CREATE_DRAFT,,,,,count,count,noun,B2,society-law-politics,伯爵,,,,kaunt,,,,,,TRUE,公爵,公爵夫人,君主,陛下,騎士,女王,TRUE,knight,queen,lord,duchess,lady,monarch,,,,
word-catalog-v1,CREATE_DRAFT,,,,,countess,countess,noun,B2,society-law-politics,伯爵夫人,,,,'kauntis,,,,,,TRUE,公爵夫人,公爵,奴隸制,領主,公主,君主,TRUE,king,majesty,prince,knight,queen,lord,,,,
word-catalog-v1,CREATE_DRAFT,,,,,knight,knight,noun,B2,society-law-politics,騎士,,,,nait,,,,,,TRUE,女士,伯爵夫人,國王,陛下,王子,領主,TRUE,princess,countess,duchess,lady,monarch,Duke,,,,
word-catalog-v1,CREATE_DRAFT,,,,,duchess,duchess,noun,B2,society-law-politics,公爵夫人,,,,'dʌtʃis,,,,,,TRUE,伯爵夫人,公爵,公主,伯爵,奴隸制,女王,TRUE,king,majesty,prince,slavery,princess,count,,,,
word-catalog-v1,CREATE_DRAFT,,,,,king,king,noun,B2,society-law-politics,國王,,,,kiŋ,,,,,,TRUE,王子,女王,王室,帝國,王冠,女士,TRUE,queen,lord,lady,Duke,majesty,slavery,,,,
word-catalog-v1,CREATE_DRAFT,,,,,queen,queen,noun,B2,society-law-politics,女王,,,,'kwi:n,,,,,,TRUE,國王,女士,王子,王室,公主,公爵,TRUE,monarch,prince,lord,princess,king,lady,,,,
word-catalog-v1,CREATE_DRAFT,,,,,lady,lady,noun,B2,society-law-politics,女士,,,,'leidi,,,,,,TRUE,女王,騎士,君主,領主,公主,王子,TRUE,monarch,Duke,queen,majesty,prince,princess,,,,
word-catalog-v1,CREATE_DRAFT,,,,,majesty,majesty,noun,B2,society-law-politics,陛下,,,,'mædʒәsti,,,,,,TRUE,君主,領主,奴隸制,女士,國王,女王,TRUE,slavery,lord,monarch,Duke,prince,duchess,,,,
word-catalog-v1,CREATE_DRAFT,,,,,lord,lord,noun,B2,society-law-politics,領主,,,,lɒ:d,,,,,,TRUE,君主,公主,陛下,公爵,王子,貴族,TRUE,slavery,princess,majesty,monarch,lady,knight,,,,
word-catalog-v1,CREATE_DRAFT,,,,,monarch,monarch,noun,B2,society-law-politics,君主,,,,'mɒnәk,,,,,,TRUE,領主,公主,陛下,奴隸制,王子,伯爵,TRUE,Duke,lord,prince,princess,nobility,countess,,,,
word-catalog-v1,CREATE_DRAFT,,,,,prince,prince,noun,B2,society-law-politics,王子,,,,prins,,,,,,TRUE,國王,女王,王室,王冠,公爵,君主,TRUE,slavery,Duke,monarch,queen,king,count,,,,
word-catalog-v1,CREATE_DRAFT,,,,,princess,princess,noun,B2,society-law-politics,公主,,,,'prinsis,,,,,,TRUE,公爵,君主,領主,陛下,女士,徽章,TRUE,slavery,Duke,lord,knight,nobility,king,,,,
word-catalog-v1,CREATE_DRAFT,,,,,Duke,Duke,noun,B2,society-law-politics,公爵,,,,dju:k,,,,,,TRUE,公爵夫人,公主,伯爵,伯爵夫人,王子,君主,TRUE,princess,slavery,prince,monarch,countess,royalty,,,,
word-catalog-v1,CREATE_DRAFT,,,,,slavery,slavery,noun,B2,society-law-politics,奴隸制,,,,'sleivәri,,,,,,TRUE,公爵,公爵夫人,伯爵夫人,公主,陛下,女士,TRUE,Duke,princess,prince,lady,count,knight,,,,
word-catalog-v1,CREATE_DRAFT,,,,,artificial intelligence,artificial intelligence,noun,B2,technology,人工智能,,,,ˌɑːr.t̬ə.fɪʃ.əl ɪnˈtel.ə.dʒəns,,,,,,TRUE,虛擬現實,文件名,滑鼠墊,控制面板,外太空,太陽系,TRUE,virtual reality,file name,mouse pad,control panel,outer space,black hole,,,,
word-catalog-v1,CREATE_DRAFT,,,,,virtual,virtual,adjective,B2,technology,虛擬,,,,'vә:tʃuәl,,,,,,TRUE,尖端的,電子的,巧妙的,直觀的,外部的,所有格的,TRUE,electronic,ingenious,cutting-edge,mechanical,obsolete,outer,,,,
word-catalog-v1,CREATE_DRAFT,,,,,virtual reality,virtual reality,noun,B2,technology,虛擬現實,,,,ˈvə:tjuəl riˈæliti,,,,,,TRUE,人工智能,文件名,滑鼠墊,外太空,黑洞,空間站,TRUE,artificial intelligence,file name,mouse pad,control panel,solar system,space station,,,,
word-catalog-v1,CREATE_DRAFT,,,,,programming,programming,noun,B2,technology,編程,,,,'prәugræmiŋ,,,,,,TRUE,錯誤,命令,指令,圖標,資料庫,輸入,FALSE,,,,,,,,,,
word-catalog-v1,CREATE_DRAFT,,,,,bug,bug,noun,B2,technology,錯誤,,,,bʌg,,,,,,TRUE,編程,命令,指令,輸出,圖標,防火牆,FALSE,,,,,,,,,,
word-catalog-v1,CREATE_DRAFT,,,,,code,code,verb,B2,technology,編碼,,,,kәud,,,,,,TRUE,導入,導出,聯網,處理,選擇,黑客攻擊,TRUE,hack,network,import,export,select,process,,,,
word-catalog-v1,CREATE_DRAFT,,,,,command,command,noun,B2,technology,命令,,,,kә'mɑ:nd,,,,,,FALSE,,,,,,,FALSE,,,,,,,,,,
word-catalog-v1,CREATE_DRAFT,,,,,instruction,instruction,noun,B2,technology,指令,,,,in'strʌkʃәn,,,,,,TRUE,命令,錯誤,編程,資料庫,輸出,磁盤,TRUE,command,database,bug,firewall,icon,input,,,,
word-catalog-v1,CREATE_DRAFT,,,,,database,database,noun,B2,technology,資料庫,,,,'deitәbeis,,,,,,TRUE,防火牆,指令,輸入,圖標,處理器,掃描儀,TRUE,instruction,command,firewall,output,icon,programming,,,,
word-catalog-v1,CREATE_DRAFT,,,,,file name,file name,noun,B2,technology,文件名,,,,fail'neim,,,,,,TRUE,虛擬現實,人工智能,滑鼠墊,控制面板,黑洞,問號,TRUE,virtual reality,artificial intelligence,mouse pad,control panel,question mark,exclamation point,,,,
word-catalog-v1,CREATE_DRAFT,,,,,firewall,firewall,noun,B2,technology,防火牆,,,,ˈfaɪə.wɔːl,,,,,,TRUE,資料庫,輸入,輸出,圖標,編程,處理器,TRUE,database,input,instruction,output,icon,disk,,,,
word-catalog-v1,CREATE_DRAFT,,,,,icon,icon,noun,B2,technology,圖標,,,,'aikɒn,,,,,,TRUE,輸入,輸出,防火牆,指令,錯誤,磁盤,TRUE,firewall,input,output,database,processor,programming,,,,
word-catalog-v1,CREATE_DRAFT,,,,,input,input,noun,B2,technology,輸入,,,,'ɪnpʊt,,,,,,TRUE,輸出,圖標,命令,極客,磁盤,掃描儀,TRUE,icon,output,firewall,bug,disk,scanner,,,,
word-catalog-v1,CREATE_DRAFT,,,,,output,output,noun,B2,technology,輸出,,,,'autput,,,,,,TRUE,輸入,防火牆,圖標,極客,錯誤,編程,TRUE,input,instruction,command,webcam,icon,processor,,,,
word-catalog-v1,CREATE_DRAFT,,,,,crash,crash,verb,B2,technology,崩潰,,,,kræʃ,,,,,,FALSE,,,,,,,FALSE,,,,,,,,,,
word-catalog-v1,CREATE_DRAFT,,,,,hack,hack,verb,B2,technology,黑客攻擊,,,,hæk,,,,,,TRUE,導入,導出,聯網,編碼,崩潰,供電,TRUE,network,import,export,code,crash,update,,,,
word-catalog-v1,CREATE_DRAFT,,,,,import,import,verb,B2,technology,導入,,,,im'pɒ:t,,,,,,TRUE,導出,處理,聯網,編碼,充電,耗盡,TRUE,hack,select,network,code,crash,power,,,,
word-catalog-v1,CREATE_DRAFT,,,,,export,export,verb,B2,technology,導出,,,,ik'spɒ:t,,,,,,TRUE,導入,處理,選擇,編碼,崩潰,更新,TRUE,select,import,network,code,drain,recharge,,,,
word-catalog-v1,CREATE_DRAFT,,,,,network,network,verb,B2,technology,聯網,,,,'netwә:k,,,,,,TRUE,導出,處理,導入,編碼,啟動,發射,TRUE,export,select,hack,code,update,drain,,,,
word-catalog-v1,CREATE_DRAFT,,,,,process,process,verb,B2,technology,處理,,,,'prɒses,,,,,,FALSE,,,,,,,FALSE,,,,,,,,,,
word-catalog-v1,CREATE_DRAFT,,,,,select,select,verb,B2,technology,選擇,,,,si'lekt,,,,,,TRUE,聯網,處理,導出,崩潰,更新,發射,FALSE,,,,,,,,,,
word-catalog-v1,CREATE_DRAFT,,,,,CD-ROM,CD-ROM,abbreviation,B2,technology,唯讀光碟,,,,si:di:'rɔm,,,,,,FALSE,,,,,,,FALSE,,,,,,,,,,
word-catalog-v1,CREATE_DRAFT,,,,,disk,disk,noun,B2,technology,磁盤,,,,disk,,,,,,TRUE,元宇宙,極客,處理器,掃描儀,網絡攝像頭,輸出,TRUE,geek,scanner,metaverse,webcam,processor,output,,,,
word-catalog-v1,CREATE_DRAFT,,,,,mouse pad,mouse pad,noun,B2,technology,滑鼠墊,,,,maʊs'pæd,,,,,,TRUE,文件名,虛擬現實,人工智能,控制面板,空間站,感嘆號,TRUE,file name,virtual reality,artificial intelligence,outer space,solar system,question mark,,,,
word-catalog-v1,CREATE_DRAFT,,,,,processor,processor,noun,B2,technology,處理器,,,,prә'sesә,,,,,,TRUE,元宇宙,掃描儀,網絡攝像頭,磁盤,資料庫,防火牆,TRUE,geek,scanner,metaverse,disk,input,database,,,,
word-catalog-v1,CREATE_DRAFT,,,,,scanner,scanner,noun,B2,technology,掃描儀,,,,'skænә,,,,,,TRUE,元宇宙,處理器,極客,磁盤,資料庫,輸入,TRUE,webcam,geek,metaverse,disk,firewall,instruction,,,,
word-catalog-v1,CREATE_DRAFT,,,,,webcam,webcam,noun,B2,technology,網絡攝像頭,,,,'webkæm,,,,,,TRUE,元宇宙,掃描儀,處理器,磁盤,指令,命令,TRUE,scanner,geek,processor,disk,bug,command,,,,
word-catalog-v1,CREATE_DRAFT,,,,,geek,geek,noun,B2,technology,極客,,,,gi:k,,,,,,TRUE,元宇宙,網絡攝像頭,掃描儀,輸入,圖標,錯誤,TRUE,webcam,metaverse,scanner,disk,icon,command,,,,
word-catalog-v1,CREATE_DRAFT,,,,,metaverse,metaverse,noun,B2,technology,元宇宙,,,,ˈmet̬.ə.vɜ˞ːs,,,,,,TRUE,極客,處理器,網絡攝像頭,磁盤,防火牆,指令,TRUE,geek,webcam,processor,disk,input,programming,,,,
word-catalog-v1,CREATE_DRAFT,,,,,alien,alien,noun,B2,science-mathematics,外星人,,,,'eiljәn,,,,,,TRUE,星系,小行星,衛星,太空,宇宙,天文學,TRUE,universe,space,asteroid,galaxy,astronomy,astronomer,,,,
word-catalog-v1,CREATE_DRAFT,,,,,space,space,noun,B2,science-mathematics,太空,,,,speis,,,,,,FALSE,,,,,,,TRUE,alien,universe,asteroid,galaxy,landing,orbit,,,,
word-catalog-v1,CREATE_DRAFT,,,,,outer space,outer space,noun,B2,science-mathematics,外太空,,,,ˈautə speis,,,,,,TRUE,太陽系,空間站,黑洞,案例研究,沸點,冰點,TRUE,space station,black hole,solar system,case study,boiling point,freezing point,,,,
word-catalog-v1,CREATE_DRAFT,,,,,universe,universe,noun,B2,science-mathematics,宇宙,,,,'ju:nivә:s,,,,,,TRUE,宇宙飛船,宇航員,宇航服,太空,星系,外星人,TRUE,alien,asteroid,space,galaxy,rocket,satellite,,,,
word-catalog-v1,CREATE_DRAFT,,,,,asteroid,asteroid,noun,B2,science-mathematics,小行星,,,,'æstәrɒid,,,,,,TRUE,星系,外星人,衛星,航行,太空行走,宇宙,TRUE,universe,alien,galaxy,space,spacecraft,spaceman,,,,
word-catalog-v1,CREATE_DRAFT,,,,,black hole,black hole,noun,B2,science-mathematics,黑洞,,,,blæk həul,,,,,,TRUE,太陽系,外太空,空間站,沸點,帶電電線,土木工程,TRUE,outer space,solar system,space station,case study,civil engineering,live wire,,,,
word-catalog-v1,CREATE_DRAFT,,,,,galaxy,galaxy,noun,B2,science-mathematics,星系,,,,'gælәksi,,,,,,TRUE,衛星,小行星,外星人,宇宙,著陸,軌道,TRUE,asteroid,universe,astronomy,landing,rocket,satellite,,,,
word-catalog-v1,CREATE_DRAFT,,,,,solar system,solar system,noun,B2,science-mathematics,太陽系,,,,ˈsoʊ.lɚ ˌsɪs.təm,,,,,,TRUE,外太空,黑洞,空間站,案例研究,帶電電線,滑鼠墊,TRUE,black hole,outer space,space station,case study,mouse pad,file name,,,,
word-catalog-v1,CREATE_DRAFT,,,,,Mercury,Mercury,proper_noun,B2,science-mathematics,水星,,,,'mә:kjuri,,,,,,TRUE,金星,火星,木星,土星,天王星,海王星,TRUE,Venus,Mars,Jupiter,Saturn,Uranus,Neptune,,,,
word-catalog-v1,CREATE_DRAFT,,,,,Venus,Venus,proper_noun,B2,science-mathematics,金星,,,,'vi:nәs,,,,,,TRUE,水星,火星,木星,土星,中世紀,文藝復興,TRUE,Mercury,Mars,Jupiter,Saturn,Renaissance,the Middle Ages,,,,
word-catalog-v1,CREATE_DRAFT,,,,,Mars,Mars,proper_noun,B2,science-mathematics,火星,,,,mɑ:z,,,,,,TRUE,金星,木星,水星,土星,黑色星期五,白馬王子,TRUE,Venus,Uranus,Jupiter,Mercury,Renaissance,Prince Charming,,,,
word-catalog-v1,CREATE_DRAFT,,,,,Jupiter,Jupiter,proper_noun,B2,science-mathematics,木星,,,,'dʒu:pitә,,,,,,TRUE,火星,金星,土星,水星,愚人節,獨立日,TRUE,Neptune,Mars,Saturn,Mercury,Prince Charming,Monopoly,,,,
word-catalog-v1,CREATE_DRAFT,,,,,Saturn,Saturn,proper_noun,B2,science-mathematics,土星,,,,'sætәn,,,,,,TRUE,木星,火星,金星,水星,狂歡節,大富翁,TRUE,Uranus,Neptune,Venus,Mercury,the Middle Ages,Scrabble,,,,
word-catalog-v1,CREATE_DRAFT,,,,,Uranus,Uranus,proper_noun,B2,science-mathematics,天王星,,,,'juәrәnәs,,,,,,TRUE,海王星,土星,木星,水星,愚人節,狂歡節,TRUE,Saturn,Neptune,Jupiter,Mercury,Scrabble,Independence Day,,,,
word-catalog-v1,CREATE_DRAFT,,,,,Neptune,Neptune,proper_noun,B2,science-mathematics,海王星,,,,'neptju:n,,,,,,TRUE,天王星,火星,土星,水星,白馬王子,大富翁,TRUE,Uranus,Mars,Saturn,Mercury,Black Friday,Mardi Gras,,,,
word-catalog-v1,CREATE_DRAFT,,,,,astronomy,astronomy,noun,B2,science-mathematics,天文學,,,,ә'strɒnәmi,,,,,,TRUE,天文學家,航天器,著陸,火箭,軌道,宇航員,TRUE,astronomer,orbit,landing,spaceship,rocket,spacecraft,,,,
word-catalog-v1,CREATE_DRAFT,,,,,astronomer,astronomer,noun,B2,science-mathematics,天文學家,,,,ә'strɒnәmә,,,,,,TRUE,天文學,航天器,宇宙飛船,著陸,火箭,太空行走,TRUE,astronomy,orbit,landing,satellite,spaceman,spacesuit,,,,
word-catalog-v1,CREATE_DRAFT,,,,,landing,landing,noun,B2,science-mathematics,著陸,,,,'lændiŋ,,,,,,TRUE,軌道,火箭,天文學,天文學家,衛星,望遠鏡,FALSE,,,,,,,,,,
word-catalog-v1,CREATE_DRAFT,,,,,outer,outer,adjective,B2,science-mathematics,外部的,,,,'autә,,,,,,TRUE,分析的,比較的,描述性的,生物的,人工的,不透的,FALSE,,,,,,,,,,
word-catalog-v1,CREATE_DRAFT,,,,,orbit,orbit,noun,B2,science-mathematics,軌道,,,,'ɒ:bit,,,,,,FALSE,,,,,,,FALSE,,,,,,,,,,
word-catalog-v1,CREATE_DRAFT,,,,,orbit,orbit,verb,B2,science-mathematics,繞軌道運行,,,,'ɒ:bit,,,,,,FALSE,,,,,,,TRUE,launch,cite,classify,compile,demonstrate,derive,,,,
word-catalog-v1,CREATE_DRAFT,,,,,rocket,rocket,noun,B2,science-mathematics,火箭,,,,'rɒkit,,,,,,TRUE,軌道,衛星,著陸,航天器,宇航服,航行,TRUE,spaceship,spacewalk,spacecraft,telescope,satellite,spaceman,,,,
word-catalog-v1,CREATE_DRAFT,,,,,satellite,satellite,noun,B2,science-mathematics,衛星,,,,'sætlait,,,,,,TRUE,星系,小行星,外星人,火箭,宇航員,軌道,TRUE,spacesuit,voyage,rocket,spaceship,spacewalk,spacecraft,,,,
word-catalog-v1,CREATE_DRAFT,,,,,launch,launch,verb,B2,science-mathematics,發射,,,,lɒ:ntʃ,,,,,,FALSE,,,,,,,TRUE,orbit,cite,classify,compile,detect,document,,,,
word-catalog-v1,CREATE_DRAFT,,,,,spacecraft,spacecraft,noun,B2,science-mathematics,航天器,,,,'speiskræft,,,,,,TRUE,航行,宇航員,宇航服,天文學,天文學家,望遠鏡,TRUE,telescope,spaceman,spacesuit,voyage,spaceship,astronomer,,,,
word-catalog-v1,CREATE_DRAFT,,,,,spaceman,spaceman,noun,B2,science-mathematics,宇航員,,,,'speismæn,,,,,,TRUE,宇航服,航行,航天器,宇宙,宇宙飛船,望遠鏡,FALSE,,,,,,,,,,
word-catalog-v1,CREATE_DRAFT,,,,,spaceship,spaceship,noun,B2,science-mathematics,宇宙飛船,,,,'speisʃip,,,,,,TRUE,宇宙,宇航員,宇航服,太空行走,望遠鏡,火箭,TRUE,spacewalk,telescope,spacesuit,voyage,satellite,orbit,,,,
word-catalog-v1,CREATE_DRAFT,,,,,space station,space station,noun,B2,science-mathematics,空間站,,,,ˈspeɪs ˌsteɪ.ʃən,,,,,,TRUE,外太空,太陽系,黑洞,案例研究,土木工程,文件名,TRUE,outer space,black hole,solar system,case study,space,virtual reality,,,,
word-catalog-v1,CREATE_DRAFT,,,,,spacesuit,spacesuit,noun,B2,science-mathematics,宇航服,,,,speis sju:t,,,,,,TRUE,宇航員,航行,航天器,宇宙飛船,太空行走,衛星,TRUE,spacewalk,telescope,voyage,spaceship,astronomy,landing,,,,
word-catalog-v1,CREATE_DRAFT,,,,,spacewalk,spacewalk,noun,B2,science-mathematics,太空行走,,,,'speiswɒ:k,,,,,,TRUE,航行,小行星,宇宙飛船,望遠鏡,天文學家,火箭,TRUE,spacesuit,telescope,voyage,spacecraft,astronomy,galaxy,,,,
word-catalog-v1,CREATE_DRAFT,,,,,telescope,telescope,noun,B2,science-mathematics,望遠鏡,,,,'teliskәup,,,,,,TRUE,宇航服,太空行走,航天器,宇航員,天文學,軌道,TRUE,spacewalk,voyage,spacesuit,spaceman,landing,asteroid,,,,
word-catalog-v1,CREATE_DRAFT,,,,,voyage,voyage,noun,B2,science-mathematics,航行,,,,'vɒiidʒ,,,,,,TRUE,宇航服,航天器,宇航員,小行星,望遠鏡,著陸,FALSE,,,,,,,,,,
word-catalog-v1,CREATE_DRAFT,,,,,bachelor party,bachelor party,noun,B2,people-family,單身派對,,,,ˈbætʃələ ˈpɑ:ti,,,,,,TRUE,伴郎,花童,結婚戒指,婚紗,舞池,養父母,TRUE,best man,flower girl,wedding ring,wedding gown,engagement ring,dance floor,,,,
word-catalog-v1,CREATE_DRAFT,,,,,bachelorette party,bachelorette party,noun,B2,people-family,單身女郎派對,,,,bætʃ.əl.əˈret ˌpɑːr.t̬i,,,,,,TRUE,伴郎,訂婚戒指,花童,婚紗,銀行對賬單,少男少女的愛戀,TRUE,best man,flower girl,wedding ring,foster parent,identical twin,golden years,,,,
word-catalog-v1,CREATE_DRAFT,,,,,best man,best man,noun,B2,people-family,伴郎,,,,ˌbest ˈmæn,,,,,,TRUE,單身女郎派對,花童,單身派對,婚紗,舞池,同卵雙胞胎,TRUE,bachelorette party,bachelor party,flower girl,wedding gown,golden years,security guard,,,,
word-catalog-v1,CREATE_DRAFT,,,,,bridesmaid,bridesmaid,noun,B2,people-family,伴娘,,,,'braidzmeid,,,,,,TRUE,花束,未婚夫,未婚妻,演講,敬酒,招待會,TRUE,fiance,fiancee,bouquet,reception,speech,veil,,,,
word-catalog-v1,CREATE_DRAFT,,,,,fiance,fiance,noun,B2,people-family,未婚夫,,,,fi'ɒnsei,,,,,,TRUE,新婚夫婦,伴娘,招待會,花束,燕尾服,演講,TRUE,bridesmaid,bouquet,reception,speech,tuxedo,aisle,,,,
word-catalog-v1,CREATE_DRAFT,,,,,fiancee,fiancee,noun,B2,people-family,未婚妻,,,,fi'ɒnsei,,,,,,TRUE,新婚夫婦,招待會,伴娘,敬酒,面紗,過道,TRUE,bridesmaid,bouquet,reception,veil,confetti,toast,,,,
word-catalog-v1,CREATE_DRAFT,,,,,flower girl,flower girl,noun,B2,people-family,花童,,,,ˈflaʊ.ɚ ˌɡɜ˞ːl,,,,,,TRUE,伴郎,婚紗,舞池,訂婚戒指,單身派對,花束,TRUE,bachelorette party,engagement ring,wedding ring,best man,foster parent,travel agent,,,,
word-catalog-v1,CREATE_DRAFT,,,,,bouquet,bouquet,noun,B2,people-family,花束,,,,bu'kei,,,,,,TRUE,演講,敬酒,未婚妻,伴娘,面紗,誓言,TRUE,fiancee,fiance,speech,bridesmaid,tuxedo,vow,,,,
word-catalog-v1,CREATE_DRAFT,,,,,reception,reception,noun,B2,people-family,招待會,,,,ri'sepʃәn,,,,,,TRUE,未婚夫,未婚妻,燕尾服,五彩紙屑,花束,過道,TRUE,fiancee,bouquet,speech,aisle,confetti,bell,,,,
word-catalog-v1,CREATE_DRAFT,,,,,speech,speech,noun,B2,people-family,演講,,,,spi:tʃ,,,,,,TRUE,敬酒,面紗,過道,誓言,蜜月,花束,TRUE,reception,fiance,veil,tuxedo,toast,aisle,,,,
word-catalog-v1,CREATE_DRAFT,,,,,toast,toast,noun,B2,people-family,敬酒,,,,tәust,,,,,,FALSE,,,,,,,TRUE,vow,honeymoon,speech,veil,confetti,bell,,,,
word-catalog-v1,CREATE_DRAFT,,,,,engagement ring,engagement ring,noun,B2,people-family,訂婚戒指,,,,inˈɡeidʒmənt riŋ,,,,,,TRUE,結婚戒指,婚紗,花童,單身派對,未婚夫,未婚妻,TRUE,wedding ring,wedding gown,dance floor,identical twin,golden years,security guard,,,,
word-catalog-v1,CREATE_DRAFT,,,,,wedding ring,wedding ring,noun,B2,people-family,結婚戒指,,,,ˈwed.ɪŋ ˌrɪŋ,,,,,,TRUE,訂婚戒指,婚紗,舞池,單身女郎派對,未婚夫,退休歲月,TRUE,engagement ring,wedding gown,dance floor,bachelorette party,identical twin,better half,,,,
word-catalog-v1,CREATE_DRAFT,,,,,wedding gown,wedding gown,noun,B2,people-family,婚紗,,,,ˈwed.ɪŋ ˌɡaʊn,,,,,,TRUE,結婚戒指,訂婚戒指,舞池,花童,單身女郎派對,面紗,TRUE,wedding ring,engagement ring,dance floor,bachelor party,identical twin,other half,,,,
word-catalog-v1,CREATE_DRAFT,,,,,veil,veil,noun,B2,people-family,面紗,,,,veil,,,,,,TRUE,鍾,過道,燕尾服,誓言,蜜月,演講,TRUE,newlywed,tuxedo,aisle,vow,honeymoon,confetti,,,,
word-catalog-v1,CREATE_DRAFT,,,,,tuxedo,tuxedo,noun,B2,people-family,燕尾服,,,,tʌk'si:dәu,,,,,,TRUE,五彩紙屑,招待會,鍾,面紗,過道,誓言,TRUE,bell,newlywed,veil,aisle,vow,reception,,,,
word-catalog-v1,CREATE_DRAFT,,,,,aisle,aisle,noun,B2,people-family,過道,,,,ail,,,,,,TRUE,蜜月,燕尾服,鍾,五彩紙屑,面紗,敬酒,TRUE,honeymoon,tuxedo,confetti,bell,fiancee,toast,,,,
word-catalog-v1,CREATE_DRAFT,,,,,confetti,confetti,noun,B2,people-family,五彩紙屑,,,,kәn'feti,,,,,,TRUE,新婚夫婦,燕尾服,誓言,蜜月,招待會,未婚妻,TRUE,newlywed,vow,honeymoon,bell,bouquet,fiance,,,,
word-catalog-v1,CREATE_DRAFT,,,,,elope,elope,verb,B2,people-family,私奔,,,,i'lәup,,,,,,TRUE,繼承,收養,追求,崇拜,後悔,使驚奇,TRUE,adopt,inherit,woo,adore,propose,price,,,,
word-catalog-v1,CREATE_DRAFT,,,,,vow,vow,noun,B2,people-family,誓言,,,,vau,,,,,,TRUE,鍾,蜜月,過道,五彩紙屑,新婚夫婦,伴娘,TRUE,newlywed,honeymoon,bell,confetti,bridesmaid,reception,,,,
word-catalog-v1,CREATE_DRAFT,,,,,bell,bell,noun,B2,people-family,鍾,,,,bel,,,,,,TRUE,誓言,蜜月,過道,五彩紙屑,未婚夫,紐帶,TRUE,newlywed,vow,honeymoon,veil,fiancee,toast,,,,
word-catalog-v1,CREATE_DRAFT,,,,,dance floor,dance floor,noun,B2,people-family,舞池,,,,dɑ:ns flɔ:,,,,,,TRUE,婚紗,結婚戒指,花童,訂婚戒指,保安,退休歲月,TRUE,wedding gown,wedding ring,engagement ring,bachelorette party,golden years,health professional,,,,
word-catalog-v1,CREATE_DRAFT,,,,,honeymoon,honeymoon,noun,B2,people-family,蜜月,,,,'hʌnimu:n,,,,,,TRUE,鍾,誓言,新婚夫婦,演講,面紗,花束,TRUE,newlywed,bell,vow,tuxedo,speech,toast,,,,
word-catalog-v1,CREATE_DRAFT,,,,,newlywed,newlywed,noun,B2,people-family,新婚夫婦,,,,ˈnu:li: wed,,,,,,TRUE,未婚夫,未婚妻,五彩紙屑,蜜月,鍾,招待會,TRUE,honeymoon,aisle,bell,confetti,fiance,affair,,,,
word-catalog-v1,CREATE_DRAFT,,,,,pregnant,pregnant,adjective,B2,people-family,懷孕的,,,,'pregnәnt,,,,,,TRUE,緊密的,兄弟般的,臨時的,自僱的,永久的,自願的,TRUE,brotherly,close-knit,voluntary,temporary,self-employed,permanent,,,,
word-catalog-v1,CREATE_DRAFT,,,,,branch,branch,noun,B2,animals-plants,樹枝,,,,bræntʃ,,,,,,TRUE,小樹枝,樹幹,桉樹,橡樹,松樹,柳樹,TRUE,root,twig,bush,ash,bamboo,eucalyptus,,,,
word-catalog-v1,CREATE_DRAFT,,,,,root,root,noun,B2,animals-plants,根,,,,ru:t,,,,,,FALSE,,,,,,,TRUE,branch,twig,bush,ash,evergreen,fir,,,,
word-catalog-v1,CREATE_DRAFT,,,,,trunk,trunk,noun,B2,animals-plants,樹幹,,,,trʌŋk,,,,,,FALSE,,,,,,,TRUE,root,branch,twig,bamboo,ivy,evergreen,,,,
word-catalog-v1,CREATE_DRAFT,,,,,twig,twig,noun,B2,animals-plants,小樹枝,,,,twig,,,,,,TRUE,樹枝,樹幹,桉樹,橡樹,白蠟樹,棕櫚樹,TRUE,bush,eucalyptus,root,oak,branch,fir,,,,
word-catalog-v1,CREATE_DRAFT,,,,,bush,bush,noun,B2,animals-plants,灌木,,,,buʃ,,,,,,TRUE,竹子,冷杉,樹枝,根,樹幹,小樹枝,TRUE,ash,bamboo,palm,eucalyptus,ivy,pine,,,,
word-catalog-v1,CREATE_DRAFT,,,,,ash,ash,noun,B2,animals-plants,白蠟樹,,,,æʃ,,,,,,TRUE,桉樹,樹枝,松樹,樹幹,灌木,常春藤,TRUE,evergreen,oak,vine,bush,bamboo,fir,,,,
word-catalog-v1,CREATE_DRAFT,,,,,bamboo,bamboo,noun,B2,animals-plants,竹子,,,,bæm'bu:,,,,,,TRUE,葉子,灌木,冷杉,白蠟樹,桉樹,常綠植物,TRUE,palm,willow,ash,eucalyptus,evergreen,oak,,,,
word-catalog-v1,CREATE_DRAFT,,,,,eucalyptus,eucalyptus,noun,B2,animals-plants,桉樹,,,,.ju:kә'liptәs,,,,,,TRUE,橡樹,柳樹,松樹,樹枝,白蠟樹,竹子,TRUE,ivy,pine,vine,fir,palm,willow,,,,
word-catalog-v1,CREATE_DRAFT,,,,,evergreen,evergreen,noun,B2,animals-plants,常綠植物,,,,'evәgri:n,,,,,,TRUE,常春藤,葡萄藤,棕櫚樹,小樹枝,冷杉,白蠟樹,TRUE,ivy,pine,bud,oak,vine,leaf,,,,
word-catalog-v1,CREATE_DRAFT,,,,,fir,fir,noun,B2,animals-plants,冷杉,,,,fә:,,,,,,TRUE,竹子,橡樹,灌木,常春藤,柳樹,常綠植物,TRUE,palm,willow,stem,evergreen,ivy,bud,,,,
word-catalog-v1,CREATE_DRAFT,,,,,ivy,ivy,noun,B2,animals-plants,常春藤,,,,'aivi,,,,,,TRUE,葡萄藤,常綠植物,棕櫚樹,水仙花,冷杉,松樹,TRUE,pine,thorn,fir,oak,vine,daffodil,,,,
word-catalog-v1,CREATE_DRAFT,,,,,oak,oak,noun,B2,animals-plants,橡樹,,,,әuk,,,,,,TRUE,柳樹,松樹,桉樹,樹枝,棕櫚樹,葉子,TRUE,leaf,palm,willow,stem,daisy,pine,,,,
word-catalog-v1,CREATE_DRAFT,,,,,palm,palm,noun,B2,animals-plants,棕櫚樹,,,,pɑ:m,,,,,,TRUE,橡樹,柳樹,松樹,葡萄藤,常春藤,水仙花,TRUE,bud,thorn,lotus,vine,leaf,daffodil,,,,
word-catalog-v1,CREATE_DRAFT,,,,,pine,pine,noun,B2,animals-plants,松樹,,,,pain,,,,,,TRUE,橡樹,柳樹,桉樹,樹枝,芽,雛菊,TRUE,tulip,willow,stem,daisy,violet,bud,,,,
word-catalog-v1,CREATE_DRAFT,,,,,vine,vine,noun,B2,animals-plants,葡萄藤,,,,vain,,,,,,TRUE,常春藤,鬱金香,紫羅蘭,棕櫚樹,薰衣草,水仙花,TRUE,thorn,lotus,lavender,leaf,tulip,pine,,,,
word-catalog-v1,CREATE_DRAFT,,,,,willow,willow,noun,B2,animals-plants,柳樹,,,,'wilәu,,,,,,TRUE,松樹,橡樹,樹幹,樹枝,莖,蓮花,TRUE,daffodil,weed,stem,daisy,violet,vine,,,,
word-catalog-v1,CREATE_DRAFT,,,,,weeping willow,weeping willow,noun,B2,animals-plants,垂柳,,,,ˈwi:piŋ ˈwiləu,,,,,,TRUE,北極熊,柳樹,旱季,甘蔗,北極光,葉子,TRUE,polar bear,willow,northern lights,alternative energy,dry season,bud,,,,
word-catalog-v1,CREATE_DRAFT,,,,,bloom,bloom,verb,B2,animals-plants,開花,,,,blu:m,,,,,,TRUE,繁殖,產卵,交配,漂浮,套,養,FALSE,,,,,,,,,,
word-catalog-v1,CREATE_DRAFT,,,,,blossom,blossom,verb,B2,animals-plants,開花,,,,'blɒsәm,,,,,,TRUE,繁殖,誘捕,產卵,吠,收穫,挖,FALSE,,,,,,,,,,
word-catalog-v1,CREATE_DRAFT,,,,,bud,bud,noun,B2,animals-plants,芽,,,,bʌd,,,,,,TRUE,刺,莖,雛菊,蓮花,葉子,雜草,TRUE,thorn,lotus,lavender,daffodil,weed,stem,,,,
word-catalog-v1,CREATE_DRAFT,,,,,leaf,leaf,noun,B2,animals-plants,葉子,,,,li:f,,,,,,TRUE,竹子,芽,刺,雛菊,莖,鬱金香,TRUE,tulip,daisy,violet,thorn,lotus,daffodil,,,,
word-catalog-v1,CREATE_DRAFT,,,,,stem,stem,noun,B2,animals-plants,莖,,,,stem,,,,,,TRUE,刺,芽,蓮花,雜草,紫羅蘭,薰衣草,TRUE,leaf,lavender,tulip,weed,daisy,violet,,,,
word-catalog-v1,CREATE_DRAFT,,,,,thorn,thorn,noun,B2,animals-plants,刺,,,,θɒ:n,,,,,,TRUE,莖,芽,雛菊,蓮花,水仙花,紫羅蘭,TRUE,lotus,lavender,stem,tulip,daisy,palm,,,,
word-catalog-v1,CREATE_DRAFT,,,,,daffodil,daffodil,noun,B2,animals-plants,水仙花,,,,'dæfәdil,,,,,,TRUE,蓮花,鬱金香,薰衣草,紫羅蘭,雛菊,葡萄藤,TRUE,weed,thorn,violet,lotus,leaf,willow,,,,
word-catalog-v1,CREATE_DRAFT,,,,,daisy,daisy,noun,B2,animals-plants,雛菊,,,,'deizi,,,,,,TRUE,雜草,刺,鬱金香,蓮花,水仙花,葡萄藤,TRUE,daffodil,lavender,tulip,weed,bud,vine,,,,
word-catalog-v1,CREATE_DRAFT,,,,,lotus,lotus,noun,B2,animals-plants,蓮花,,,,'lәjtәs,,,,,,TRUE,水仙花,雜草,雛菊,薰衣草,葉子,鬱金香,TRUE,violet,lavender,daisy,daffodil,bud,oak,,,,
word-catalog-v1,CREATE_DRAFT,,,,,tulip,tulip,noun,B2,animals-plants,鬱金香,,,,'tju:lip,,,,,,TRUE,紫羅蘭,薰衣草,雜草,水仙花,莖,葡萄藤,TRUE,weed,lotus,violet,lavender,bud,pine,,,,
word-catalog-v1,CREATE_DRAFT,,,,,violet,violet,noun,B2,animals-plants,紫羅蘭,,,,'vaiәlit,,,,,,FALSE,,,,,,,TRUE,tulip,weed,lavender,lotus,ivy,eucalyptus,,,,
word-catalog-v1,CREATE_DRAFT,,,,,lavender,lavender,noun,B2,animals-plants,薰衣草,,,,'lævindә,,,,,,TRUE,雜草,紫羅蘭,鬱金香,蓮花,葉子,棕櫚樹,TRUE,violet,weed,tulip,thorn,stem,palm,,,,
word-catalog-v1,CREATE_DRAFT,,,,,weed,weed,noun,B2,animals-plants,雜草,,,,wi:d,,,,,,TRUE,薰衣草,雛菊,刺,紫羅蘭,葉子,冷杉,TRUE,lavender,violet,daisy,lotus,willow,fir,,,,
word-catalog-v1,CREATE_DRAFT,,,,,aerobics,aerobics,noun,B2,sports-leisure,有氧運動,,,,.eiә'rәubiks,,,,,,TRUE,槓鈴,啞鈴,墊子,多功能健身器,跑步機,引體向上,TRUE,barbell,dumbbell,mat,multigym,trampoline,treadmill,,,,
word-catalog-v1,CREATE_DRAFT,,,,,athletic,athletic,adjective,B2,sports-leisure,運動的,,,,æθ'letik,,,,,,TRUE,動畫的,傳說的,相關的,藝術的,原創的,現實的,FALSE,,,,,,,,,,
word-catalog-v1,CREATE_DRAFT,,,,,locker room,locker room,noun,B2,sports-leisure,更衣室,,,,ˈlɑː.kɚ ˌruːm,,,,,,TRUE,單槓,跳繩,划船機,交叉訓練機,鞍馬,沙袋,FALSE,,,,,,,,,,
word-catalog-v1,CREATE_DRAFT,,,,,barbell,barbell,noun,B2,sports-leisure,槓鈴,,,,'bɑ:bel,,,,,,TRUE,啞鈴,墊子,蹦床,有氧運動,跑步機,俯臥撐,TRUE,aerobics,dumbbell,mat,multigym,chin-up,push-up,,,,
word-catalog-v1,CREATE_DRAFT,,,,,dumbbell,dumbbell,noun,B2,sports-leisure,啞鈴,,,,'dʌmbel,,,,,,TRUE,槓鈴,墊子,蹦床,有氧運動,多功能健身器,步伐,TRUE,barbell,aerobics,mat,multigym,sit-up,six-pack,,,,
word-catalog-v1,CREATE_DRAFT,,,,,cross trainer,cross trainer,noun,B2,sports-leisure,交叉訓練機,,,,ˈkrɑːsˌtreɪ.nɚ,,,,,,TRUE,划船機,更衣室,單槓,跳繩,肌肉記憶,開合跳,TRUE,horizontal bar,jump rope,locker room,pommel horse,rowing machine,punching bag,,,,
word-catalog-v1,CREATE_DRAFT,,,,,horizontal bar,horizontal bar,noun,B2,sports-leisure,單槓,,,,ˌhɔriˈzɔntəl bɑ:,,,,,,TRUE,跳繩,鞍馬,沙袋,更衣室,武術,開合跳,TRUE,cross trainer,jump rope,locker room,pommel horse,jumping jack,muscle memory,,,,
word-catalog-v1,CREATE_DRAFT,,,,,jump rope,jump rope,noun,B2,sports-leisure,跳繩,,,,dʒʌmp rəup,,,,,,TRUE,單槓,鞍馬,沙袋,更衣室,肌肉記憶,拼圖,TRUE,horizontal bar,cross trainer,rowing machine,punching bag,martial arts,muscle memory,,,,
word-catalog-v1,CREATE_DRAFT,,,,,mat,mat,noun,B2,sports-leisure,墊子,,,,mæt,,,,,,TRUE,啞鈴,槓鈴,蹦床,跑步機,仰臥起坐,步伐,FALSE,,,,,,,,,,
word-catalog-v1,CREATE_DRAFT,,,,,multigym,multigym,noun,B2,sports-leisure,多功能健身器,,,,ˈmʌl.ti.dʒɪm,,,,,,TRUE,有氧運動,引體向上,仰臥起坐,墊子,跑步機,六塊腹肌,TRUE,trampoline,treadmill,mat,aerobics,chin-up,sit-up,,,,
word-catalog-v1,CREATE_DRAFT,,,,,pommel horse,pommel horse,noun,B2,sports-leisure,鞍馬,,,,ˈpʌml hɔ:s,,,,,,TRUE,沙袋,划船機,跳繩,更衣室,拼圖,撲克牌,TRUE,rowing machine,punching bag,jump rope,cross trainer,jumping jack,dressing room,,,,
word-catalog-v1,CREATE_DRAFT,,,,,rowing machine,rowing machine,noun,B2,sports-leisure,划船機,,,,ˈrəʊɪŋ məˈʃi:n,,,,,,TRUE,交叉訓練機,鞍馬,沙袋,開合跳,肌肉記憶,布娃娃,TRUE,pommel horse,punching bag,horizontal bar,cross trainer,jumping jack,jigsaw puzzle,,,,
word-catalog-v1,CREATE_DRAFT,,,,,punching bag,punching bag,noun,B2,sports-leisure,沙袋,,,,ˈpʌn.tʃɪŋ ˌbæɡ,,,,,,TRUE,鞍馬,划船機,單槓,武術,開合跳,拼圖,TRUE,rowing machine,pommel horse,jump rope,cross trainer,martial arts,playing card,,,,
word-catalog-v1,CREATE_DRAFT,,,,,trampoline,trampoline,noun,B2,sports-leisure,蹦床,,,,"'træmpә,li:n, -lin; ,træmpә'li:n",,,,,,TRUE,俯臥撐,墊子,跑步機,槓鈴,仰臥起坐,娛樂,TRUE,treadmill,push-up,multigym,chin-up,barbell,sit-up,,,,
word-catalog-v1,CREATE_DRAFT,,,,,treadmill,treadmill,noun,B2,sports-leisure,跑步機,,,,'tredmil,,,,,,TRUE,步伐,蹦床,俯臥撐,引體向上,六塊腹肌,仰臥起坐,TRUE,trampoline,push-up,chin-up,dumbbell,six-pack,pace,,,,
word-catalog-v1,CREATE_DRAFT,,,,,bounce,bounce,verb,B2,sports-leisure,彈跳,,,,bauns,,,,,,TRUE,單腳跳,伸展,加強,蹲下,出汗,按摩,TRUE,hop,stretch,strengthen,squat,sweat,massage,,,,
word-catalog-v1,CREATE_DRAFT,,,,,hop,hop,verb,B2,sports-leisure,單腳跳,,,,hɒp,,,,,,TRUE,彈跳,伸展,加強,蹲下,施魔法,迷住,TRUE,bounce,stretch,strengthen,squat,bewitch,charm,,,,
word-catalog-v1,CREATE_DRAFT,,,,,stretch,stretch,verb,B2,sports-leisure,伸展,,,,stretʃ,,,,,,TRUE,彈跳,出汗,加強,蹲下,展示,展出,TRUE,hop,bounce,sweat,strengthen,curse,enchant,,,,
word-catalog-v1,CREATE_DRAFT,,,,,strengthen,strengthen,verb,B2,sports-leisure,加強,,,,'streŋθәn,,,,,,TRUE,伸展,出汗,彈跳,單腳跳,詛咒,鬧鬼,TRUE,stretch,squat,hop,bounce,haunt,curse,,,,
word-catalog-v1,CREATE_DRAFT,,,,,squat,squat,verb,B2,sports-leisure,蹲下,,,,skwɒt,,,,,,TRUE,按摩,加強,出汗,彈跳,迷住,詛咒,FALSE,,,,,,,,,,
word-catalog-v1,CREATE_DRAFT,,,,,sweat,sweat,verb,B2,sports-leisure,出汗,,,,swet,,,,,,TRUE,蹲下,按摩,伸展,彈跳,出現,展出,TRUE,massage,squat,strengthen,bounce,enchant,haunt,,,,
word-catalog-v1,CREATE_DRAFT,,,,,chin-up,chin-up,noun,B2,sports-leisure,引體向上,,,,tʃin ʌp,,,,,,TRUE,六塊腹肌,仰臥起坐,俯臥撐,跑步機,多功能健身器,啞鈴,TRUE,push-up,sit-up,six-pack,pace,treadmill,mat,,,,
word-catalog-v1,CREATE_DRAFT,,,,,push-up,push-up,noun,B2,sports-leisure,俯臥撐,,,,'puʃʌp,,,,,,TRUE,仰臥起坐,引體向上,六塊腹肌,啞鈴,槓鈴,井字棋,TRUE,chin-up,sit-up,six-pack,pace,multigym,recreation,,,,
word-catalog-v1,CREATE_DRAFT,,,,,sit-up,sit-up,noun,B2,sports-leisure,仰臥起坐,,,,sɪt,,,,,,TRUE,俯臥撐,引體向上,六塊腹肌,跑步機,槓鈴,猜字遊戲,TRUE,push-up,chin-up,six-pack,treadmill,aerobics,charades,,,,
word-catalog-v1,CREATE_DRAFT,,,,,jumping jack,jumping jack,noun,B2,sports-leisure,開合跳,,,,ˈdʒʌmpiŋ dʒæk,,,,,,TRUE,武術,肌肉記憶,更衣室,划船機,沙袋,交叉訓練機,TRUE,muscle memory,martial arts,dressing room,punching bag,pommel horse,locker room,,,,
word-catalog-v1,CREATE_DRAFT,,,,,massage,massage,verb,B2,sports-leisure,按摩,,,,'mæsɑ:ʒ,,,,,,TRUE,出汗,蹲下,加強,鬧鬼,施魔法,詛咒,TRUE,sweat,stretch,squat,bounce,enchant,detail,,,,
word-catalog-v1,CREATE_DRAFT,,,,,muscle memory,muscle memory,noun,B2,sports-leisure,肌肉記憶,,,,ˈmʌsl ˈmeməri,,,,,,TRUE,開合跳,武術,更衣室,划船機,芭比娃娃,撲克牌,TRUE,jumping jack,martial arts,dressing room,rowing machine,horizontal bar,pommel horse,,,,
word-catalog-v1,CREATE_DRAFT,,,,,six-pack,six-pack,noun,B2,sports-leisure,六塊腹肌,,,,sɪks pæk,,,,,,TRUE,引體向上,步伐,仰臥起坐,多功能健身器,有氧運動,啞鈴,TRUE,pace,sit-up,push-up,trampoline,multigym,aerobics,,,,
word-catalog-v1,CREATE_DRAFT,,,,,martial arts,martial arts,noun,B2,sports-leisure,武術,,,,,,,,,,TRUE,肌肉記憶,開合跳,更衣室,鞍馬,撲克牌,牙仙子,TRUE,muscle memory,dressing room,jumping jack,punching bag,horizontal bar,Barbie doll,,,,
word-catalog-v1,CREATE_DRAFT,,,,,lift weights,lift weights,phrasal_verb,B2,sports-leisure,舉重,,,,,,,,,,TRUE,鍛鍊,燃燒,按摩,單腳跳,出汗,彈跳,TRUE,work out,burn off,massage,sweat,hop,bounce,,,,
word-catalog-v1,CREATE_DRAFT,,,,,work out,work out,phrasal_verb,B2,sports-leisure,鍛鍊,,,,'wә:kaut,,,,,,TRUE,舉重,燃燒,按摩,伸展,蹲下,檢查,FALSE,,,,,,,,,,
word-catalog-v1,CREATE_DRAFT,,,,,pace,pace,noun,B2,sports-leisure,步伐,,,,peis,,,,,,FALSE,,,,,,,TRUE,six-pack,sit-up,push-up,chin-up,playmate,club,,,,
word-catalog-v1,CREATE_DRAFT,,,,,burn off,burn off,phrasal_verb,B2,sports-leisure,燃燒,,,,'bɜ:n'ɔ:f,,,,,,TRUE,鍛鍊,舉重,按摩,加強,單腳跳,騙賣,FALSE,,,,,,,,,,
word-catalog-v1,CREATE_DRAFT,,,,,dressing room,dressing room,noun,B2,sports-leisure,更衣室,,,,ˈdresiŋ ru:m,,,,,,TRUE,武術,肌肉記憶,開合跳,划船機,布娃娃,牙仙子,FALSE,,,,,,,,,,
word-catalog-v1,CREATE_DRAFT,,,,,acknowledge,acknowledge,verb,B2,society-law-politics,承認,,,,әk'nɒlidʒ,,,,,,TRUE,幫助,阻止,要求,允許,限制,授予,FALSE,,,,,,,,,,
word-catalog-v1,CREATE_DRAFT,,,,,aid,aid,verb,B2,society-law-politics,幫助,,,,eid,,,,,,FALSE,,,,,,,FALSE,,,,,,,,,,
word-catalog-v1,CREATE_DRAFT,,,,,age limit,age limit,noun,B2,society-law-politics,年齡限制,,,,eidʒ ˈlimit,,,,,,TRUE,規則書,最低工資,社會階級,指節銅套,戰爭罪,核潛艇,TRUE,rule book,ground-to-air missile,air-to-ground missile,brass knuckles,minimum wage,social class,,,,
word-catalog-v1,CREATE_DRAFT,,,,,ban,ban,noun,B2,society-law-politics,禁令,,,,bæn,,,,,,TRUE,條件,例外,指南,義務,必要性,許可證,TRUE,condition,exception,guideline,necessity,obligation,permit,,,,
word-catalog-v1,CREATE_DRAFT,,,,,bar,bar,verb,B2,society-law-politics,阻止,,,,bɑ:,,,,,,TRUE,禁止,承認,要求,幫助,允許,強加,TRUE,demand,enable,aid,permit,restrict,forbid,,,,
word-catalog-v1,CREATE_DRAFT,,,,,condition,condition,noun,B2,society-law-politics,條件,,,,kәn'diʃәn,,,,,,TRUE,禁令,例外,指南,義務,限制,要求,TRUE,ban,exception,guideline,necessity,requirement,restriction,,,,
word-catalog-v1,CREATE_DRAFT,,,,,demand,demand,verb,B2,society-law-politics,要求,,,,di'mɑ:nd,,,,,,TRUE,阻止,使能夠,承認,允許,限制,強加,FALSE,,,,,,,,,,
word-catalog-v1,CREATE_DRAFT,,,,,enable,enable,verb,B2,society-law-politics,使能夠,,,,i'neibl,,,,,,TRUE,阻止,要求,允許,承認,乞討,堅持,TRUE,demand,bar,acknowledge,permit,forbid,impose,,,,
word-catalog-v1,CREATE_DRAFT,,,,,exception,exception,noun,B2,society-law-politics,例外,,,,ik'sepʃәn,,,,,,TRUE,條件,指南,禁令,必要性,限制,嚴格,TRUE,condition,guideline,necessity,ban,strictness,sanction,,,,
word-catalog-v1,CREATE_DRAFT,,,,,guideline,guideline,noun,B2,society-law-politics,指南,,,,'gaidlain,,,,,,TRUE,例外,許可證,條件,禁令,制裁,限制,TRUE,exception,obligation,requirement,necessity,strictness,sanction,,,,
word-catalog-v1,CREATE_DRAFT,,,,,necessity,necessity,noun,B2,society-law-politics,必要性,,,,ni'sesәti,,,,,,TRUE,要求,許可證,義務,指南,嚴格,制裁,TRUE,obligation,restriction,guideline,requirement,condition,objection,,,,
word-catalog-v1,CREATE_DRAFT,,,,,permit,permit,noun,B2,society-law-politics,許可證,,,,pә'mit,,,,,,FALSE,,,,,,,TRUE,obligation,restriction,exception,requirement,slavery,majesty,,,,
word-catalog-v1,CREATE_DRAFT,,,,,permit,permit,verb,B2,society-law-politics,允許,,,,pә'mit,,,,,,FALSE,,,,,,,FALSE,,,,,,,,,,
word-catalog-v1,CREATE_DRAFT,,,,,obligation,obligation,noun,B2,society-law-politics,義務,,,,.ɒbli'geiʃәn,,,,,,TRUE,必要性,例外,許可證,限制,要求,嚴格,TRUE,restriction,requirement,permit,necessity,condition,strictness,,,,
word-catalog-v1,CREATE_DRAFT,,,,,requirement,requirement,noun,B2,society-law-politics,要求,,,,ri'kwaiәmәnt,,,,,,TRUE,必要性,義務,指南,制裁,限制,反對,FALSE,,,,,,,,,,
word-catalog-v1,CREATE_DRAFT,,,,,restrict,restrict,verb,B2,society-law-politics,限制,,,,ri'strikt,,,,,,TRUE,授予,允許,強加,乞討,使能夠,堅持,FALSE,,,,,,,,,,
word-catalog-v1,CREATE_DRAFT,,,,,restriction,restriction,noun,B2,society-law-politics,限制,,,,ri'strikʃәn,,,,,,TRUE,制裁,義務,嚴格,例外,條件,反對,FALSE,,,,,,,,,,
word-catalog-v1,CREATE_DRAFT,,,,,rule book,rule book,noun,B2,society-law-politics,規則書,,,,'ru:lbjk,,,,,,TRUE,年齡限制,最低工資,社會階級,戰爭罪,主,地對空導彈,TRUE,age limit,minimum wage,social class,child labor,alcohol abuse,the Lord,,,,
word-catalog-v1,CREATE_DRAFT,,,,,forbid,forbid,verb,B2,society-law-politics,禁止,,,,fә'bid,,,,,,TRUE,阻止,授予,強加,乞討,限制,尊敬,FALSE,,,,,,,,,,
word-catalog-v1,CREATE_DRAFT,,,,,forbidden,forbidden,adjective,B2,society-law-politics,禁止的,,,,fә'bidn,,,,,,TRUE,非法的,強制的,可接受的,皇家的,有偏見的,猶太的,TRUE,acceptable,mandatory,illegal,royal,biased,equal,,,,
word-catalog-v1,CREATE_DRAFT,,,,,acceptable,acceptable,adjective,B2,society-law-politics,可接受的,,,,әk'septәbl,,,,,,TRUE,禁止的,非法的,強制的,有偏見的,精神的,虔誠的,TRUE,forbidden,mandatory,illegal,royal,civil,occupied,,,,
word-catalog-v1,CREATE_DRAFT,,,,,grant,grant,verb,B2,society-law-politics,授予,,,,grænt,,,,,,FALSE,,,,,,,FALSE,,,,,,,,,,
word-catalog-v1,CREATE_DRAFT,,,,,illegal,illegal,adjective,B2,society-law-politics,非法的,,,,i'li:gәl,,,,,,TRUE,禁止的,強制的,可接受的,法律的,皇家的,軍事的,TRUE,mandatory,acceptable,forbidden,royal,bulletproof,Jewish,,,,
word-catalog-v1,CREATE_DRAFT,,,,,mandatory,mandatory,adjective,B2,society-law-politics,強制的,,,,'mændәtәri,,,,,,TRUE,非法的,禁止的,可接受的,皇家的,精神的,嚴格的,TRUE,illegal,acceptable,forbidden,biased,spiritual,civil,,,,
word-catalog-v1,CREATE_DRAFT,,,,,impose,impose,verb,B2,society-law-politics,強加,,,,im'pәuz,,,,,,TRUE,授予,堅持,乞討,禁止,限制,幫助,TRUE,insist,beg,forbid,restrict,grant,enable,,,,
word-catalog-v1,CREATE_DRAFT,,,,,insist,insist,verb,B2,society-law-politics,堅持,,,,in'sist,,,,,,TRUE,強加,授予,乞討,禁止,承認,主持,FALSE,,,,,,,,,,
word-catalog-v1,CREATE_DRAFT,,,,,strictness,strictness,noun,B2,society-law-politics,嚴格,,,,'stiktnis,,,,,,TRUE,制裁,反對,義務,許可證,禁令,奴隸制,TRUE,sanction,objection,restriction,obligation,ban,permit,,,,
word-catalog-v1,CREATE_DRAFT,,,,,sanction,sanction,noun,B2,society-law-politics,制裁,,,,'sæŋkʃәn,,,,,,TRUE,限制,嚴格,反對,義務,要求,奴隸制,TRUE,objection,strictness,restriction,requirement,exception,Duke,,,,
word-catalog-v1,CREATE_DRAFT,,,,,provided that,provided that,conjunction,B2,society-law-politics,只要,,,,,,,,,,FALSE,,,,,,,FALSE,,,,,,,,,,
word-catalog-v1,CREATE_DRAFT,,,,,beg,beg,verb,B2,society-law-politics,乞討,,,,beg,,,,,,TRUE,堅持,強加,授予,禁止,阻止,要求,TRUE,insist,impose,forbid,restrict,demand,dismiss,,,,
word-catalog-v1,CREATE_DRAFT,,,,,objection,objection,noun,B2,society-law-politics,反對,,,,әb'dʒekʃәn,,,,,,TRUE,制裁,嚴格,指南,必要性,例外,反對黨,FALSE,,,,,,,,,,
word-catalog-v1,CREATE_DRAFT,,,,,bewitch,bewitch,verb,B2,arts-culture-media,施魔法,,,,bi'witʃ,,,,,,TRUE,迷住,鬧鬼,詛咒,確認,播放,詳細說明,FALSE,,,,,,,,,,
word-catalog-v1,CREATE_DRAFT,,,,,charm,charm,verb,B2,arts-culture-media,迷住,,,,tʃɑ:m,,,,,,TRUE,施魔法,鬧鬼,詛咒,確認,投稿,否認,TRUE,bewitch,curse,haunt,enchant,affirm,air,,,,
word-catalog-v1,CREATE_DRAFT,,,,,curse,curse,verb,B2,arts-culture-media,詛咒,,,,kә:s,,,,,,TRUE,迷住,施魔法,鬧鬼,播放,發佈,投稿,TRUE,charm,bewitch,haunt,enchant,contribute,distribute,,,,
word-catalog-v1,CREATE_DRAFT,,,,,enchant,enchant,verb,B2,arts-culture-media,施魔法,,,,in'tʃænt,,,,,,TRUE,迷住,詛咒,鬧鬼,分發,否認,通知,FALSE,,,,,,,,,,
word-catalog-v1,CREATE_DRAFT,,,,,haunt,haunt,verb,B2,arts-culture-media,鬧鬼,,,,hɒ:nt,,,,,,TRUE,施魔法,迷住,詛咒,確認,發佈,涉及,TRUE,charm,curse,bewitch,enchant,deny,inform,,,,
word-catalog-v1,CREATE_DRAFT,,,,,demon,demon,noun,B2,arts-culture-media,惡魔,,,,'di:mәn,,,,,,TRUE,魔像,巨魔,食人魔,矮人,仙女,精靈,TRUE,dragon,dwarf,fairy,genie,ghost,giant,,,,
word-catalog-v1,CREATE_DRAFT,,,,,dragon,dragon,noun,B2,arts-culture-media,龍,,,,'drægәn,,,,,,TRUE,鬼,惡魔,矮人,仙女,巨人,精靈,TRUE,demon,dwarf,fairy,genie,ghoul,goblin,,,,
word-catalog-v1,CREATE_DRAFT,,,,,dwarf,dwarf,noun,B2,arts-culture-media,矮人,,,,dwɒ:f,,,,,,TRUE,巨人,狼人,美人魚,食人魔,惡魔,龍,TRUE,dragon,demon,ghost,fairy,golem,ghoul,,,,
word-catalog-v1,CREATE_DRAFT,,,,,fairy,fairy,noun,B2,arts-culture-media,仙女,,,,'fєәri,,,,,,TRUE,女神,女巫,矮人,精靈,食屍鬼,惡魔,FALSE,,,,,,,,,,
word-catalog-v1,CREATE_DRAFT,,,,,genie,genie,noun,B2,arts-culture-media,精靈,,,,'dʒi:ni,,,,,,TRUE,靈魂,小妖精,仙女,巨人,鬼,哥布林,FALSE,,,,,,,,,,
word-catalog-v1,CREATE_DRAFT,,,,,ghost,ghost,noun,B2,arts-culture-media,鬼,,,,gәust,,,,,,TRUE,食屍鬼,龍,女神,怪物,精靈,巨人,TRUE,giant,goddess,goblin,leprechaun,genie,golem,,,,
word-catalog-v1,CREATE_DRAFT,,,,,giant,giant,noun,B2,arts-culture-media,巨人,,,,'dʒaiәnt,,,,,,TRUE,矮人,巨魔,狼人,美人魚,食人魔,哥布林,TRUE,mermaid,ghost,ghoul,goddess,monster,goblin,,,,
word-catalog-v1,CREATE_DRAFT,,,,,ghoul,ghoul,noun,B2,arts-culture-media,食屍鬼,,,,gu:l,,,,,,TRUE,鬼,殭屍,食人魔,哥布林,小妖精,美人魚,TRUE,giant,leprechaun,nymph,golem,mermaid,ogre,,,,
word-catalog-v1,CREATE_DRAFT,,,,,goblin,goblin,noun,B2,arts-culture-media,哥布林,,,,'gɒblin,,,,,,TRUE,食屍鬼,小妖精,魔像,女神,怪物,鳳凰,TRUE,goddess,monster,phoenix,leprechaun,nymph,siren,,,,
word-catalog-v1,CREATE_DRAFT,,,,,golem,golem,noun,B2,arts-culture-media,魔像,,,,'^әulem,,,,,,TRUE,惡魔,巨魔,食人魔,塞壬,巫師,女神,TRUE,mermaid,ogre,sorcerer,goblin,goddess,phoenix,,,,
word-catalog-v1,CREATE_DRAFT,,,,,goddess,goddess,noun,B2,arts-culture-media,女神,,,,'gɒdis,,,,,,TRUE,女巫,仙女,怪物,鳳凰,魔像,塞壬,TRUE,monster,sorceress,golem,leprechaun,nymph,spirit,,,,
word-catalog-v1,CREATE_DRAFT,,,,,leprechaun,leprechaun,noun,B2,arts-culture-media,小妖精,,,,'leprәkɒ:n,,,,,,TRUE,精靈,美人魚,哥布林,獨角獸,食屍鬼,巫師,TRUE,siren,mermaid,ogre,sorcerer,monster,sorceress,,,,
word-catalog-v1,CREATE_DRAFT,,,,,mermaid,mermaid,noun,B2,arts-culture-media,美人魚,,,,'mә:meid,,,,,,TRUE,巨人,狼人,矮人,食人魔,小妖精,怪物,TRUE,phoenix,troll,nymph,siren,spirit,unicorn,,,,
word-catalog-v1,CREATE_DRAFT,,,,,monster,monster,noun,B2,arts-culture-media,怪物,,,,'mɒnstә,,,,,,TRUE,鳳凰,塞壬,靈魂,巫師,女巫,女神,TRUE,ogre,sorcerer,phoenix,sorceress,troll,werewolf,,,,
word-catalog-v1,CREATE_DRAFT,,,,,nymph,nymph,noun,B2,arts-culture-media,仙女,,,,nimf,,,,,,TRUE,女巫,女神,鳳凰,怪物,殭屍,獨角獸,FALSE,,,,,,,,,,
word-catalog-v1,CREATE_DRAFT,,,,,ogre,ogre,noun,B2,arts-culture-media,食人魔,,,,'әugә,,,,,,TRUE,巨魔,魔像,狼人,巨人,美人魚,食屍鬼,TRUE,siren,spirit,unicorn,zombie,sorcerer,sorceress,,,,
word-catalog-v1,CREATE_DRAFT,,,,,phoenix,phoenix,noun,B2,arts-culture-media,鳳凰,,,,'fi:niks,,,,,,TRUE,塞壬,靈魂,巫師,仙女,殭屍,獨角獸,TRUE,troll,werewolf,ogre,siren,spirit,zombie,,,,
word-catalog-v1,CREATE_DRAFT,,,,,siren,siren,noun,B2,arts-culture-media,塞壬,,,,'saiәrin,,,,,,TRUE,靈魂,鳳凰,巫師,巨魔,仙女,怪物,TRUE,unicorn,phoenix,sorcerer,sorceress,nymph,monster,,,,
word-catalog-v1,CREATE_DRAFT,,,,,sorcerer,sorcerer,noun,B2,arts-culture-media,巫師,,,,'sɒ:sәrә,,,,,,TRUE,女巫,塞壬,靈魂,殭屍,巨魔,狼人,TRUE,troll,werewolf,spirit,unicorn,sorceress,mermaid,,,,
word-catalog-v1,CREATE_DRAFT,,,,,sorceress,sorceress,noun,B2,arts-culture-media,女巫,,,,'sɔ:sәris,,,,,,TRUE,巫師,仙女,女神,靈魂,狼人,小妖精,TRUE,zombie,troll,werewolf,sorcerer,unicorn,nymph,,,,
word-catalog-v1,CREATE_DRAFT,,,,,spirit,spirit,noun,B2,arts-culture-media,靈魂,,,,'spirit,,,,,,TRUE,精靈,女巫,獨角獸,塞壬,殭屍,魔像,FALSE,,,,,,,,,,
word-catalog-v1,CREATE_DRAFT,,,,,tooth fairy,tooth fairy,noun,B2,arts-culture-media,牙仙子,,,,tu:θ ˈfɛəri,,,,,,TRUE,巫毒娃娃,通訊社,假新聞,新聞臺,脫口秀,有線電視,TRUE,voodoo doll,news agency,cable television,fake news,news desk,talk show,,,,
word-catalog-v1,CREATE_DRAFT,,,,,troll,troll,noun,B2,arts-culture-media,巨魔,,,,trɒl,,,,,,TRUE,魔像,巨人,惡魔,食人魔,獨角獸,殭屍,TRUE,zombie,werewolf,unicorn,spirit,phoenix,leprechaun,,,,
word-catalog-v1,CREATE_DRAFT,,,,,unicorn,unicorn,noun,B2,arts-culture-media,獨角獸,,,,'ju:nikɔ:n,,,,,,TRUE,巨魔,狼人,靈魂,美人魚,鳳凰,小妖精,TRUE,zombie,troll,werewolf,sorceress,monster,goddess,,,,
word-catalog-v1,CREATE_DRAFT,,,,,voodoo doll,voodoo doll,noun,B2,arts-culture-media,巫毒娃娃,,,,ˈvuːduː dɑːl,,,,,,TRUE,牙仙子,有線電視,通訊社,假新聞,新聞發佈會,油畫顏料,TRUE,tooth fairy,news agency,cable television,fake news,news conference,box office,,,,
word-catalog-v1,CREATE_DRAFT,,,,,werewolf,werewolf,noun,B2,arts-culture-media,狼人,,,,'wә:wulf,,,,,,TRUE,矮人,巨人,食人魔,美人魚,殭屍,女巫,TRUE,zombie,unicorn,troll,spirit,ghoul,golem,,,,
word-catalog-v1,CREATE_DRAFT,,,,,zombie,zombie,noun,B2,arts-culture-media,殭屍,,,,'zɔmbi,,,,,,TRUE,食屍鬼,狼人,獨角獸,巨魔,巫師,靈魂,TRUE,werewolf,unicorn,siren,troll,giant,leprechaun,,,,
word-catalog-v1,CREATE_DRAFT,,,,,fabled,fabled,adjective,B2,arts-culture-media,傳說的,,,,'feibld,,,,,,TRUE,相關的,經典的,視覺的,鮮豔的,抽象的,運動的,TRUE,relevant,animated,deafening,artistic,realistic,classic,,,,
word-catalog-v1,CREATE_DRAFT,,,,,assure,assure,verb,B2,abstract-concepts,保證,,,,ә'ʃuә,,,,,,TRUE,確保,打賭,預測,猶豫,回憶,欺騙,FALSE,,,,,,,,,,
word-catalog-v1,CREATE_DRAFT,,,,,bet,bet,verb,B2,abstract-concepts,打賭,,,,bet,,,,,,TRUE,保證,確保,預測,猶豫,打擾,質疑,TRUE,guarantee,assure,ensure,hesitate,forecast,recall,,,,
word-catalog-v1,CREATE_DRAFT,,,,,ensure,ensure,verb,B2,abstract-concepts,確保,,,,in'ʃuә,,,,,,TRUE,保證,打賭,預測,回憶,質疑,使驚慌,TRUE,bet,guarantee,hesitate,forecast,deceive,question,,,,
word-catalog-v1,CREATE_DRAFT,,,,,forecast,forecast,verb,B2,abstract-concepts,預測,,,,'fɒ:kɑ:st,,,,,,TRUE,確保,保證,打賭,猶豫,使驚慌,遇到,FALSE,,,,,,,,,,
word-catalog-v1,CREATE_DRAFT,,,,,guarantee,guarantee,verb,B2,abstract-concepts,保證,,,,.gærәn'ti:,,,,,,TRUE,確保,回憶,預測,質疑,危及,傷害,FALSE,,,,,,,,,,
word-catalog-v1,CREATE_DRAFT,,,,,hesitate,hesitate,verb,B2,abstract-concepts,猶豫,,,,'heziteit,,,,,,TRUE,保證,回憶,打賭,確保,構成,危及,TRUE,recall,guarantee,ensure,bet,deceive,alarm,,,,
word-catalog-v1,CREATE_DRAFT,,,,,ought to,ought to,modal,B2,abstract-concepts,應該,,,,ˈɑːt ˌtə,,,,,,FALSE,,,,,,,FALSE,,,,,,,,,,
word-catalog-v1,CREATE_DRAFT,,,,,recall,recall,verb,B2,abstract-concepts,回憶,,,,ri'kɒ:l,,,,,,TRUE,猶豫,保證,預測,打賭,威脅,傷害,TRUE,hesitate,guarantee,forecast,alarm,encounter,endanger,,,,
word-catalog-v1,CREATE_DRAFT,,,,,should,should,modal,B2,abstract-concepts,應該,,,,ʃud,,,,,,FALSE,,,,,,,FALSE,,,,,,,,,,
word-catalog-v1,CREATE_DRAFT,,,,,would,would,modal,B2,abstract-concepts,會,,,,wud,,,,,,FALSE,,,,,,,FALSE,,,,,,,,,,
word-catalog-v1,CREATE_DRAFT,,,,,bound,bound,adjective,B2,abstract-concepts,很可能發生,,,,baund,,,,,,TRUE,可能的,不可避免的,確定的,確信的,預期的,輕率的,TRUE,sure,convinced,rash,expected,positive,inevitable,,,,
word-catalog-v1,CREATE_DRAFT,,,,,sure,sure,adjective,B2,abstract-concepts,確定的,,,,ʃuә,,,,,,TRUE,不確定的,肯定的,預期的,輕率的,可能的,人造的,FALSE,,,,,,,,,,
word-catalog-v1,CREATE_DRAFT,,,,,convinced,convinced,adjective,B2,abstract-concepts,確信的,,,,kәn'vinst,,,,,,TRUE,不確定的,預期的,肯定的,不可避免的,不清楚,很可能發生,FALSE,,,,,,,,,,
word-catalog-v1,CREATE_DRAFT,,,,,expected,expected,adjective,B2,abstract-concepts,預期的,,,,ɪkˈspek.tɪd,,,,,,TRUE,確信的,確定的,輕率的,肯定的,人造的,不清楚,FALSE,,,,,,,,,,
word-catalog-v1,CREATE_DRAFT,,,,,inevitable,inevitable,adjective,B2,abstract-concepts,不可避免的,,,,in'evitәbl,,,,,,TRUE,可能的,不確定的,很可能發生,確信的,不清楚,確定的,TRUE,probable,rash,uncertain,positive,unclear,expected,,,,
word-catalog-v1,CREATE_DRAFT,,,,,rash,rash,adjective,B2,abstract-concepts,輕率的,,,,ræʃ,,,,,,TRUE,肯定的,預期的,可能的,確信的,不清楚,驚慌的,TRUE,probable,uncertain,inevitable,positive,bound,convinced,,,,
word-catalog-v1,CREATE_DRAFT,,,,,positive,positive,adjective,B2,abstract-concepts,肯定的,,,,'pɒzitiv,,,,,,TRUE,確定的,不確定的,輕率的,可能的,驚慌的,危急的,TRUE,unclear,rash,probable,inevitable,sure,bound,,,,
word-catalog-v1,CREATE_DRAFT,,,,,probable,probable,adjective,B2,abstract-concepts,可能的,,,,'prɒbәbl,,,,,,TRUE,不可避免的,很可能發生,肯定的,輕率的,確信的,可怕的,FALSE,,,,,,,,,,
word-catalog-v1,CREATE_DRAFT,,,,,uncertain,uncertain,adjective,B2,abstract-concepts,不確定的,,,,.ʌn'sә:tn,,,,,,TRUE,確定的,肯定的,確信的,不可避免的,不安全的,不尊重的,FALSE,,,,,,,,,,
word-catalog-v1,CREATE_DRAFT,,,,,unclear,unclear,adjective,B2,abstract-concepts,不清楚,,,,.ʌn'kliә,,,,,,TRUE,不可避免的,不確定的,可能的,人造的,確定的,不安全的,TRUE,uncertain,probable,positive,plastic,sure,adventurous,,,,
word-catalog-v1,CREATE_DRAFT,,,,,no doubt,no doubt,noun,B2,abstract-concepts,毫無疑問,,,,,,,,,,TRUE,不可更改,當然,常識,決策者,零點,遠離危險,TRUE,you bet,in stone,common sense,ground zero,decision maker,out of harm's way,,,,
word-catalog-v1,CREATE_DRAFT,,,,,certainty,certainty,noun,B2,abstract-concepts,確定性,,,,'sә:tәnti,,,,,,TRUE,信任,混亂,概率,幾率,陰謀,風險,TRUE,confidence,confusion,probability,scheme,odds,risk,,,,
word-catalog-v1,CREATE_DRAFT,,,,,confidence,confidence,noun,B2,abstract-concepts,信任,,,,'kɒnfidәns,,,,,,TRUE,混亂,概率,確定性,幾率,事件,威脅,FALSE,,,,,,,,,,
word-catalog-v1,CREATE_DRAFT,,,,,confusion,confusion,noun,B2,abstract-concepts,混亂,,,,kәn'fju:ʒәn,,,,,,TRUE,信任,概率,確定性,幾率,救援者,行為,TRUE,certainty,confidence,probability,scheme,happening,rescuer,,,,
word-catalog-v1,CREATE_DRAFT,,,,,probability,probability,noun,B2,abstract-concepts,概率,,,,.prɒbә'biliti,,,,,,TRUE,幾率,混亂,信任,確定性,失敗者,樂觀,TRUE,confusion,certainty,confidence,scheme,threat,deed,,,,
word-catalog-v1,CREATE_DRAFT,,,,,deceive,deceive,verb,B2,abstract-concepts,欺騙,,,,di'si:v,,,,,,TRUE,質疑,回憶,猶豫,保證,遇到,構成,FALSE,,,,,,,,,,
word-catalog-v1,CREATE_DRAFT,,,,,somehow,somehow,adverb,B2,abstract-concepts,不知怎麼地,,,,'sʌmhau,,,,,,TRUE,糟糕地,顯著地,越來越,此外,因此,或者,TRUE,badly,alternatively,instead,furthermore,consequently,increasingly,,,,
word-catalog-v1,CREATE_DRAFT,,,,,scheme,scheme,noun,B2,abstract-concepts,陰謀,,,,ski:m,,,,,,TRUE,概率,混亂,信任,確定性,鬥爭,悲觀主義,FALSE,,,,,,,,,,
word-catalog-v1,CREATE_DRAFT,,,,,you bet,you bet,noun,B2,abstract-concepts,當然,,,,,,,,,,TRUE,不可更改,毫無疑問,常識,零點,擺脫麻煩,處在刀尖上,FALSE,,,,,,,,,,
word-catalog-v1,CREATE_DRAFT,,,,,check out,check out,phrasal_verb,B2,abstract-concepts,檢查,,,,'tʃekaut,,,,,,TRUE,騙賣,使失望,毫無進展,挑選,渴望,鬧翻,FALSE,,,,,,,,,,
word-catalog-v1,CREATE_DRAFT,,,,,odds,odds,noun,B2,abstract-concepts,幾率,,,,ɒdz,,,,,,TRUE,概率,混亂,信任,事件,救援者,失敗者,TRUE,scheme,probability,confusion,certainty,loser,optimism,,,,
word-catalog-v1,CREATE_DRAFT,,,,,in stone,in stone,noun,B2,abstract-concepts,不可更改,,,,in stəun,,,,,,TRUE,當然,毫無疑問,決策者,常識,擺脫麻煩,規則書,TRUE,you bet,no doubt,common sense,ground zero,off the hook,on a razor's edge,,,,
word-catalog-v1,CREATE_DRAFT,,,,,palm off,palm off,phrasal_verb,B2,abstract-concepts,騙賣,,,,pɑ:m ɔf,,,,,,TRUE,檢查,使失望,毫無進展,解釋,積累,挑選,TRUE,check out,let down,go nowhere,get nowhere,turn to,die for,,,,
word-catalog-v1,CREATE_DRAFT,,,,,plastic,plastic,adjective,B2,abstract-concepts,人造的,,,,'plæstik,,,,,,TRUE,預期的,輕率的,可能的,致命的,驚慌的,絕望的,TRUE,unclear,uncertain,rash,convinced,inevitable,alarmed,,,,
word-catalog-v1,CREATE_DRAFT,,,,,question,question,verb,B2,abstract-concepts,質疑,,,,'kwestʃәn,,,,,,TRUE,欺騙,回憶,猶豫,保證,使驚慌,救援,FALSE,,,,,,,,,,
word-catalog-v1,CREATE_DRAFT,,,,,analytical,analytical,adjective,B2,science-mathematics,分析的,,,,.ænә'litikl,,,,,,TRUE,比較的,描述性的,外部的,生物的,巨大的,眾多的,TRUE,descriptive,comparative,outer,impervious,biological,artificial,,,,
word-catalog-v1,CREATE_DRAFT,,,,,comparative,comparative,adjective,B2,science-mathematics,比較的,,,,kәm'pærәtiv,,,,,,FALSE,,,,,,,TRUE,analytical,descriptive,outer,impervious,virtual,massive,,,,
word-catalog-v1,CREATE_DRAFT,,,,,descriptive,descriptive,adjective,B2,science-mathematics,描述性的,詳細的,,,di'skriptiv,,,,,,TRUE,分析的,比較的,外部的,人工的,巨大的,多個的,FALSE,,,,,,,,,,
word-catalog-v1,CREATE_DRAFT,,,,,cite,cite,verb,B2,science-mathematics,引用,,,,sait,,,,,,TRUE,分類,彙編,指導,證明,推導,檢測,FALSE,,,,,,,,,,
word-catalog-v1,CREATE_DRAFT,,,,,classify,classify,verb,B2,science-mathematics,分類,,,,'klæsifai,,,,,,TRUE,引用,彙編,指導,證明,記錄,評估,FALSE,,,,,,,,,,
word-catalog-v1,CREATE_DRAFT,,,,,compile,compile,verb,B2,science-mathematics,彙編,,,,kәm'pail,,,,,,TRUE,分類,推導,指導,引用,記錄,暗示,TRUE,demonstrate,derive,estimate,classify,conduct,detect,,,,
word-catalog-v1,CREATE_DRAFT,,,,,conduct,conduct,verb,B2,science-mathematics,指導,,,,"'kɔndʌkt, -dәkt",,,,,,FALSE,,,,,,,TRUE,evaluate,compile,demonstrate,document,imply,derive,,,,
word-catalog-v1,CREATE_DRAFT,,,,,demonstrate,demonstrate,verb,B2,science-mathematics,證明,,,,'demәnstreit,,,,,,TRUE,檢測,推導,彙編,評估,觀察,記錄,FALSE,,,,,,,,,,
word-catalog-v1,CREATE_DRAFT,,,,,derive,derive,verb,B2,science-mathematics,推導,,,,di'raiv,,,,,,TRUE,指導,證明,檢測,暗示,概述,估計,TRUE,estimate,interpret,detect,evaluate,observe,document,,,,
word-catalog-v1,CREATE_DRAFT,,,,,detect,detect,verb,B2,science-mathematics,檢測,,,,di'tekt,,,,,,TRUE,調查,評估,觀察,推導,暗示,概述,TRUE,imply,outline,estimate,interpret,survey,evaluate,,,,
word-catalog-v1,CREATE_DRAFT,,,,,document,document,verb,B2,science-mathematics,記錄,,,,'dɒkjumәnt,,,,,,TRUE,檢測,估計,調查,評估,觀察,證明,FALSE,,,,,,,,,,
word-catalog-v1,CREATE_DRAFT,,,,,estimate,estimate,verb,B2,science-mathematics,估計,,,,'estimeit,,,,,,TRUE,評估,記錄,暗示,概述,分類,檢測,FALSE,,,,,,,,,,
word-catalog-v1,CREATE_DRAFT,,,,,evaluate,evaluate,verb,B2,science-mathematics,評估,,,,i'væljueit,,,,,,TRUE,估計,調查,觀察,暗示,記錄,解釋,FALSE,,,,,,,,,,
word-catalog-v1,CREATE_DRAFT,,,,,imply,imply,verb,B2,science-mathematics,暗示,,,,im'plai,,,,,,TRUE,概述,調查,觀察,解釋,彙編,證明,TRUE,observe,outline,interpret,survey,document,derive,,,,
word-catalog-v1,CREATE_DRAFT,,,,,interpret,interpret,verb,B2,science-mathematics,解釋,,,,in'tә:prit,,,,,,TRUE,概述,調查,暗示,估計,分類,引用,FALSE,,,,,,,,,,
word-catalog-v1,CREATE_DRAFT,,,,,observe,observe,verb,B2,science-mathematics,觀察,,,,әb'zә:v,,,,,,TRUE,概述,調查,評估,解釋,記錄,指導,TRUE,outline,imply,survey,detect,document,demonstrate,,,,
word-catalog-v1,CREATE_DRAFT,,,,,outline,outline,verb,B2,science-mathematics,概述,,,,'autlain,,,,,,TRUE,觀察,調查,推導,檢測,解釋,分類,TRUE,observe,survey,interpret,imply,detect,conduct,,,,
word-catalog-v1,CREATE_DRAFT,,,,,survey,survey,verb,B2,science-mathematics,調查,,,,sә'vei,,,,,,TRUE,概述,觀察,暗示,估計,彙編,發射,FALSE,,,,,,,,,,
word-catalog-v1,CREATE_DRAFT,,,,,case study,case study,noun,B2,science-mathematics,案例研究,,,,ˈkeɪs ˌstʌd.i,,,,,,TRUE,空間站,帶電電線,太陽系,冰點,虛擬現實,人工智能,TRUE,space station,boiling point,freezing point,civil engineering,live wire,mouse pad,,,,
word-catalog-v1,CREATE_DRAFT,,,,,chart,chart,noun,B2,science-mathematics,圖表,,,,tʃɑ:t,,,,,,FALSE,,,,,,,FALSE,,,,,,,,,,
word-catalog-v1,CREATE_DRAFT,,,,,diagram,diagram,noun,B2,science-mathematics,圖表,,,,'daiәɡræm,,,,,,TRUE,假設,實驗,樣本,變量,儀器,問卷,FALSE,,,,,,,,,,
word-catalog-v1,CREATE_DRAFT,,,,,evaluation,evaluation,noun,B2,science-mathematics,評估,,,,i.vælju'eiʃәn,,,,,,TRUE,圖表,假設,實驗,樣本,參考,試驗,FALSE,,,,,,,,,,
word-catalog-v1,CREATE_DRAFT,,,,,hypothesis,hypothesis,noun,B2,science-mathematics,假設,,,,hai'pɒθәsis,,,,,,TRUE,圖表,變量,實驗,儀器,發現,參考,FALSE,,,,,,,,,,
word-catalog-v1,CREATE_DRAFT,,,,,experiment,experiment,noun,B2,science-mathematics,實驗,,,,ik'sperimәnt,,,,,,TRUE,試驗,假設,樣本,問卷,定律,模型,TRUE,hypothesis,sample,evaluation,variable,diagram,instrument,,,,
word-catalog-v1,CREATE_DRAFT,,,,,sample,sample,noun,B2,science-mathematics,樣本,,,,'sæmpl,,,,,,TRUE,變量,儀器,問卷,發現,原則,定律,TRUE,experiment,questionnaire,variable,reference,hypothesis,instrument,,,,
word-catalog-v1,CREATE_DRAFT,,,,,variable,variable,noun,B2,science-mathematics,變量,,,,'vєәriәbl,,,,,,TRUE,參考,證據,樣本,儀器,試驗,模型,TRUE,sample,experiment,questionnaire,finding,reference,law,,,,
word-catalog-v1,CREATE_DRAFT,,,,,instrument,instrument,noun,B2,science-mathematics,儀器,,,,'instrumәnt,,,,,,TRUE,變量,問卷,發現,參考,證據,試驗,TRUE,variable,questionnaire,finding,principle,sample,evaluation,,,,
word-catalog-v1,CREATE_DRAFT,,,,,questionnaire,questionnaire,noun,B2,science-mathematics,問卷,,,,kwestʃә'nєә,,,,,,TRUE,原則,定律,模型,發現,參考,實驗,TRUE,instrument,reference,law,proof,finding,principle,,,,
word-catalog-v1,CREATE_DRAFT,,,,,reference,reference,noun,B2,science-mathematics,參考,,,,'refәrәns,,,,,,TRUE,原則,定律,證據,問卷,試驗,圖表,TRUE,law,proof,questionnaire,instrument,experiment,diagram,,,,
word-catalog-v1,CREATE_DRAFT,,,,,trial,trial,noun,B2,science-mathematics,試驗,,,,'traiәl,,,,,,FALSE,,,,,,,TRUE,reference,finding,principle,variable,hypothesis,model,,,,
word-catalog-v1,CREATE_DRAFT,,,,,finding,finding,noun,B2,science-mathematics,發現,,,,'faindiŋ,,,,,,TRUE,模型,原則,定律,證據,儀器,假設,FALSE,,,,,,,,,,
word-catalog-v1,CREATE_DRAFT,,,,,law,law,noun,B2,science-mathematics,定律,,,,lɒ:,,,,,,TRUE,發現,模型,原則,證據,試驗,評估,TRUE,proof,principle,finding,trial,model,questionnaire,,,,
word-catalog-v1,CREATE_DRAFT,,,,,model,model,noun,B2,science-mathematics,模型,,,,'mɒdәl,,,,,,FALSE,,,,,,,TRUE,law,proof,principle,sample,evaluation,trial,,,,
word-catalog-v1,CREATE_DRAFT,,,,,principle,principle,noun,B2,science-mathematics,原則,,,,'prinsipl,,,,,,TRUE,模型,證據,定律,發現,變量,樣本,TRUE,proof,law,reference,model,experiment,variable,,,,
word-catalog-v1,CREATE_DRAFT,,,,,proof,proof,noun,B2,science-mathematics,證據,,,,pru:f,,,,,,FALSE,,,,,,,FALSE,,,,,,,,,,
word-catalog-v1,CREATE_DRAFT,,,,,affirm,affirm,verb,B2,arts-culture-media,確認,,,,ә'fә:m,,,,,,TRUE,否認,播放,投稿,分發,通知,涉及,FALSE,,,,,,,,,,
word-catalog-v1,CREATE_DRAFT,,,,,air,air,verb,B2,arts-culture-media,播放,,,,єә,,,,,,TRUE,確認,發佈,投稿,分發,通知,詳細說明,TRUE,affirm,detail,involve,contribute,distribute,deny,,,,
word-catalog-v1,CREATE_DRAFT,,,,,break,break,verb,B2,arts-culture-media,發佈,,,,breik,,,,,,FALSE,,,,,,,FALSE,,,,,,,,,,
word-catalog-v1,CREATE_DRAFT,,,,,contribute,contribute,verb,B2,arts-culture-media,投稿,,,,kәn'tribju:t,,,,,,FALSE,,,,,,,TRUE,inform,air,detail,involve,distribute,break,,,,
word-catalog-v1,CREATE_DRAFT,,,,,deny,deny,verb,B2,arts-culture-media,否認,,,,di'nai,,,,,,TRUE,確認,涉及,分發,播放,詳細說明,施魔法,TRUE,inform,contribute,detail,involve,haunt,charm,,,,
word-catalog-v1,CREATE_DRAFT,,,,,detail,detail,verb,B2,arts-culture-media,詳細說明,,,,'di:teil,,,,,,TRUE,否認,通知,涉及,發佈,確認,鬧鬼,TRUE,deny,distribute,inform,involve,curse,haunt,,,,
word-catalog-v1,CREATE_DRAFT,,,,,distribute,distribute,verb,B2,arts-culture-media,分發,,,,di'stribju:t,,,,,,TRUE,發佈,通知,否認,投稿,施魔法,啟發,TRUE,detail,inform,deny,involve,bewitch,adapt,,,,
word-catalog-v1,CREATE_DRAFT,,,,,inform,inform,verb,B2,arts-culture-media,通知,,,,in'fɒ:m,,,,,,TRUE,分發,涉及,詳細說明,否認,發佈,迷住,TRUE,distribute,air,involve,contribute,charm,curse,,,,
word-catalog-v1,CREATE_DRAFT,,,,,involve,involve,verb,B2,arts-culture-media,涉及,,,,in'vɒlv,,,,,,TRUE,通知,分發,播放,詳細說明,鬧鬼,改編,FALSE,,,,,,,,,,
word-catalog-v1,CREATE_DRAFT,,,,,journalism,journalism,noun,B2,arts-culture-media,新聞業,,,,'dʒә:nәlizm,,,,,,TRUE,播音員,廣播員,報道,小組,幽默畫,專欄,TRUE,coverage,announcer,broadcaster,panel,cartoon,column,,,,
word-catalog-v1,CREATE_DRAFT,,,,,news agency,news agency,noun,B2,arts-culture-media,通訊社,,,,nju:'zeɪdʒənsɪ,,,,,,TRUE,新聞臺,脫口秀,假新聞,新聞發佈會,牙仙子,演藝界,TRUE,fake news,news desk,news conference,cable television,lighting engineer,show business,,,,
word-catalog-v1,CREATE_DRAFT,,,,,cable television,cable television,noun,B2,arts-culture-media,有線電視,,,,ˌkeɪ.bəl ˈtel.ə.vɪʒ.ən,,,,,,TRUE,通訊社,新聞臺,脫口秀,新聞發佈會,造風機,油畫顏料,TRUE,news agency,talk show,fake news,news conference,wind machine,graphic artist,,,,
word-catalog-v1,CREATE_DRAFT,,,,,coverage,coverage,noun,B2,arts-culture-media,報道,,,,'kʌvәridʒ,,,,,,TRUE,新聞業,小組,播音員,廣播員,來源,社論,FALSE,,,,,,,,,,
word-catalog-v1,CREATE_DRAFT,,,,,fake news,fake news,noun,B2,arts-culture-media,假新聞,,,,ˌfeɪk ˈnuːz,,,,,,TRUE,新聞臺,新聞發佈會,脫口秀,有線電視,票房,主題,TRUE,news desk,news agency,news conference,cable television,subject matter,oil paint,,,,
word-catalog-v1,CREATE_DRAFT,,,,,announcer,announcer,noun,B2,arts-culture-media,播音員,,,,ә'naunsә,,,,,,TRUE,廣播員,新聞業,報道,幽默畫,專欄作家,專題文章,TRUE,broadcaster,coverage,journalism,panel,columnist,source,,,,
word-catalog-v1,CREATE_DRAFT,,,,,broadcaster,broadcaster,noun,B2,arts-culture-media,廣播員,,,,'brɒ:dkæstә,,,,,,TRUE,播音員,新聞業,小組,報道,專欄作家,趨勢,TRUE,announcer,panel,cartoon,journalism,editorial,columnist,,,,
word-catalog-v1,CREATE_DRAFT,,,,,news desk,news desk,noun,B2,arts-culture-media,新聞臺,,,,'nju:zdesk,,,,,,TRUE,假新聞,新聞發佈會,脫口秀,通訊社,票房,音效,TRUE,fake news,news conference,news agency,voodoo doll,lighting engineer,sound effect,,,,
word-catalog-v1,CREATE_DRAFT,,,,,panel,panel,noun,B2,arts-culture-media,小組,,,,'pænl,,,,,,TRUE,專欄,來源,社論,趨勢,報道,廣播員,TRUE,column,broadcaster,feature,announcer,source,reporting,,,,
word-catalog-v1,CREATE_DRAFT,,,,,talk show,talk show,noun,B2,arts-culture-media,脫口秀,,,,'tɔ:kʃ'əʊ,,,,,,TRUE,新聞臺,假新聞,通訊社,新聞發佈會,主題,平面藝術家,TRUE,news desk,news conference,cable television,voodoo doll,tooth fairy,wind machine,,,,
word-catalog-v1,CREATE_DRAFT,,,,,news conference,news conference,noun,B2,arts-culture-media,新聞發佈會,,,,ˈnuːz ˌkɑːn.fɚ.əns,,,,,,TRUE,新聞臺,假新聞,脫口秀,燈光工程師,平面藝術家,造風機,TRUE,news desk,fake news,news agency,tooth fairy,show business,graphic artist,,,,
word-catalog-v1,CREATE_DRAFT,,,,,cartoon,cartoon,noun,B2,arts-culture-media,幽默畫,,,,kɑ:'tu:n,,,,,,TRUE,專欄,專欄作家,專題文章,來源,社論,播音員,TRUE,column,editorial,trend,columnist,feature,source,,,,
word-catalog-v1,CREATE_DRAFT,,,,,column,column,noun,B2,arts-culture-media,專欄,,,,'kɒlәm,,,,,,FALSE,,,,,,,TRUE,cartoon,reporting,confirmation,editorial,trend,feature,,,,
word-catalog-v1,CREATE_DRAFT,,,,,columnist,columnist,noun,B2,arts-culture-media,專欄作家,,,,'kɒlәmist,,,,,,TRUE,專題文章,幽默畫,來源,社論,趨勢,小組,TRUE,source,reporting,confirmation,cartoon,panel,broadcaster,,,,
word-catalog-v1,CREATE_DRAFT,,,,,source,source,noun,B2,arts-culture-media,來源,,,,sɒ:s,,,,,,TRUE,專欄,社論,趨勢,小組,專欄作家,確認,TRUE,columnist,editorial,trend,reporting,coverage,panel,,,,
word-catalog-v1,CREATE_DRAFT,,,,,editorial,editorial,noun,B2,arts-culture-media,社論,,,,.edi'tɒ:riәl,,,,,,TRUE,來源,報道,專欄,專題文章,幽默畫,確認,TRUE,feature,confirmation,column,trend,announcer,coverage,,,,
word-catalog-v1,CREATE_DRAFT,,,,,feature,feature,noun,B2,arts-culture-media,專題文章,,,,'fi:tʃә,,,,,,TRUE,專欄,專欄作家,趨勢,幽默畫,報道,獨角獸,TRUE,editorial,reporting,confirmation,source,columnist,journalism,,,,
word-catalog-v1,CREATE_DRAFT,,,,,reporting,reporting,noun,B2,arts-culture-media,報道,,,,ri'pɒ:tiŋ,,,,,,TRUE,趨勢,社論,來源,專欄作家,新聞業,殭屍,FALSE,,,,,,,,,,
word-catalog-v1,CREATE_DRAFT,,,,,trend,trend,noun,B2,arts-culture-media,趨勢,,,,trend,,,,,,TRUE,報道,社論,來源,專題文章,新聞業,狼人,FALSE,,,,,,,,,,
word-catalog-v1,CREATE_DRAFT,,,,,relevant,relevant,adjective,B2,arts-culture-media,相關的,,,,'relivәnt,,,,,,TRUE,傳說的,動畫的,藝術的,現實的,經典的,震耳欲聾的,FALSE,,,,,,,,,,
word-catalog-v1,CREATE_DRAFT,,,,,confirmation,confirmation,noun,B2,arts-culture-media,確認,,,,.kɒnfә'meiʃәn,,,,,,TRUE,趨勢,報道,社論,小組,殭屍,塞壬,FALSE,,,,,,,,,,
word-catalog-v1,CREATE_DRAFT,,,,,adventurous,adventurous,adjective,B2,abstract-concepts,愛冒險的,,,,әd'ventʃәrәs,,,,,,TRUE,冒犯的,高風險的,有風險的,危急的,致命的,無害的,TRUE,daring,at-risk,alarmed,critical,deadly,desperate,,,,
word-catalog-v1,CREATE_DRAFT,,,,,alarm,alarm,verb,B2,abstract-concepts,使驚慌,,,,ә'lɑ:m,,,,,,TRUE,遇到,危及,傷害,構成,救援,威脅,TRUE,harm,encounter,pose,endanger,threaten,rescue,,,,
word-catalog-v1,CREATE_DRAFT,,,,,alarmed,alarmed,adjective,B2,abstract-concepts,驚慌的,,,,əˈlɑːrmd,,,,,,TRUE,絕望的,大膽的,危急的,冒犯的,致命的,安全的,TRUE,daring,adventurous,at-risk,critical,offensive,harmless,,,,
word-catalog-v1,CREATE_DRAFT,,,,,daring,daring,adjective,B2,abstract-concepts,大膽的,,,,'dєәriŋ,,,,,,TRUE,驚慌的,無害的,絕望的,有害的,危急的,冒犯的,FALSE,,,,,,,,,,
word-catalog-v1,CREATE_DRAFT,,,,,at-risk,at-risk,adjective,B2,abstract-concepts,處於危險中,,,,æt risk,,,,,,TRUE,愛冒險的,低風險,高風險的,危急的,中立的,致命的,TRUE,high-risk,low-risk,deadly,daring,desperate,offensive,,,,
word-catalog-v1,CREATE_DRAFT,,,,,risk,risk,noun,B2,abstract-concepts,風險,,,,risk,,,,,,TRUE,事件,威脅,救援者,幾率,信任,陰謀,TRUE,happening,rescuer,threat,odds,scheme,confusion,,,,
word-catalog-v1,CREATE_DRAFT,,,,,critical,critical,adjective,B2,abstract-concepts,危急的,,,,'kritikәl,,,,,,TRUE,無害的,安全的,穩健的,絕望的,有害的,嚴重的,TRUE,deadly,harmless,secure,at-risk,desperate,high-risk,,,,
word-catalog-v1,CREATE_DRAFT,,,,,deadly,deadly,adjective,B2,abstract-concepts,致命的,,,,'dedli,,,,,,TRUE,冒犯的,無害的,安全的,穩健的,危急的,愛冒險的,FALSE,,,,,,,,,,
word-catalog-v1,CREATE_DRAFT,,,,,desperate,desperate,adjective,B2,abstract-concepts,絕望的,,,,'despәrәt,,,,,,TRUE,有害的,嚴重的,致命的,冒犯的,無害的,大膽的,FALSE,,,,,,,,,,
word-catalog-v1,CREATE_DRAFT,,,,,offensive,offensive,adjective,B2,abstract-concepts,冒犯的,,,,ә'fensiv,,,,,,TRUE,愛冒險的,絕望的,安全的,穩健的,致命的,驚慌的,TRUE,harmful,low-risk,insecure,harmless,secure,sound,,,,
word-catalog-v1,CREATE_DRAFT,,,,,harmless,harmless,adjective,B2,abstract-concepts,無害的,,,,'hɑ:mlis,,,,,,TRUE,有害的,嚴重的,安全的,冒犯的,高風險的,危急的,TRUE,offensive,high-risk,harmful,nasty,low-risk,insecure,,,,
word-catalog-v1,CREATE_DRAFT,,,,,high-risk,high-risk,adjective,B2,abstract-concepts,高風險的,,,,ˈhaɪˈrɪsk,,,,,,TRUE,低風險,愛冒險的,不安全的,穩健的,有害的,嚴重的,TRUE,low-risk,at-risk,secure,sound,nasty,offensive,,,,
word-catalog-v1,CREATE_DRAFT,,,,,low-risk,low-risk,adjective,B2,abstract-concepts,低風險,,,,ləu risk,,,,,,TRUE,高風險的,處於危險中,愛冒險的,安全的,穩健的,不安全的,TRUE,high-risk,at-risk,harmful,insecure,secure,critical,,,,
word-catalog-v1,CREATE_DRAFT,,,,,secure,secure,adjective,B2,abstract-concepts,安全的,,,,si'kjuә,,,,,,TRUE,不安全的,有害的,嚴重的,無害的,有風險的,中立的,FALSE,,,,,,,,,,
word-catalog-v1,CREATE_DRAFT,,,,,harmful,harmful,adjective,B2,abstract-concepts,有害的,,,,'hɑ:mful,,,,,,TRUE,無害的,有風險的,穩健的,嚴重的,冒犯的,可怕的,TRUE,risky,sound,nasty,insecure,secure,high-risk,,,,
word-catalog-v1,CREATE_DRAFT,,,,,insecure,insecure,adjective,B2,abstract-concepts,不安全的,,,,.insi'kjuә,,,,,,TRUE,安全的,不尊重的,有風險的,有害的,穩健的,高風險的,FALSE,,,,,,,,,,
word-catalog-v1,CREATE_DRAFT,,,,,sound,sound,adjective,B2,abstract-concepts,穩健的,,,,saund,,,,,,FALSE,,,,,,,TRUE,risky,nasty,harmful,insecure,harmless,desperate,,,,
word-catalog-v1,CREATE_DRAFT,,,,,nasty,nasty,adjective,B2,abstract-concepts,嚴重的,,,,'nɑ:sti,,,,,,TRUE,不尊重的,穩健的,中立的,有害的,絕望的,可怕的,FALSE,,,,,,,,,,
word-catalog-v1,CREATE_DRAFT,,,,,risky,risky,adjective,B2,abstract-concepts,有風險的,,,,'riski,,,,,,TRUE,有害的,愛冒險的,嚴重的,中立的,安全的,可怕的,TRUE,sound,nasty,neutral,harmful,disrespectful,insecure,,,,
word-catalog-v1,CREATE_DRAFT,,,,,encounter,encounter,verb,B2,abstract-concepts,遇到,,,,ɪn'kaʊntə; en-,,,,,,TRUE,達到,危及,傷害,冒犯,構成,打擾,TRUE,harm,pose,endanger,disturb,offend,scream,,,,
word-catalog-v1,CREATE_DRAFT,,,,,endanger,endanger,verb,B2,abstract-concepts,危及,,,,in'deindʒә,,,,,,TRUE,遇到,救援,尖叫,傷害,冒犯,警告,TRUE,threaten,encounter,harm,disturb,offend,alert,,,,
word-catalog-v1,CREATE_DRAFT,,,,,harm,harm,verb,B2,abstract-concepts,傷害,,,,hɑ:m,,,,,,TRUE,危及,構成,救援,打擾,尖叫,警告,FALSE,,,,,,,,,,
word-catalog-v1,CREATE_DRAFT,,,,,pose,pose,verb,B2,abstract-concepts,構成,,,,pәuz,,,,,,TRUE,威脅,冒犯,遇到,救援,打擾,使驚慌,TRUE,rescue,threaten,harm,disturb,scream,alarm,,,,
word-catalog-v1,CREATE_DRAFT,,,,,threaten,threaten,verb,B2,abstract-concepts,威脅,,,,'θretn,,,,,,TRUE,尖叫,構成,冒犯,傷害,使驚慌,忍受,FALSE,,,,,,,,,,
word-catalog-v1,CREATE_DRAFT,,,,,happening,happening,noun,B2,abstract-concepts,事件,,,,'hæpәniŋ,,,,,,TRUE,救援者,威脅,風險,行為,失敗者,樂觀,FALSE,,,,,,,,,,
word-catalog-v1,CREATE_DRAFT,,,,,rescue,rescue,verb,B2,abstract-concepts,救援,,,,'reskju:,,,,,,TRUE,警告,打擾,尖叫,冒犯,威脅,安慰,TRUE,pose,threaten,offend,alert,scream,alarm,,,,
word-catalog-v1,CREATE_DRAFT,,,,,rescuer,rescuer,noun,B2,abstract-concepts,救援者,,,,'reskjuә,,,,,,TRUE,事件,威脅,風險,失敗者,樂觀主義者,悲觀主義者,TRUE,threat,happening,risk,deed,loser,optimist,,,,
word-catalog-v1,CREATE_DRAFT,,,,,threat,threat,noun,B2,abstract-concepts,威脅,,,,θret,,,,,,TRUE,事件,救援者,風險,行為,鬥爭,機會,FALSE,,,,,,,,,,
word-catalog-v1,CREATE_DRAFT,,,,,out of harm's way,out of harm's way,noun,B2,abstract-concepts,遠離危險,,,,,,,,,,TRUE,處在刀尖上,擺脫麻煩,不可更改,當然,簡而言之,決策者,TRUE,on a razor's edge,off the hook,in stone,you bet,in a nutshell,decision maker,,,,
word-catalog-v1,CREATE_DRAFT,,,,,disturb,disturb,verb,B2,abstract-concepts,打擾,,,,dis'tә:b,,,,,,TRUE,警告,尖叫,冒犯,危及,打賭,使驚慌,TRUE,offend,rescue,alert,scream,endanger,encounter,,,,
word-catalog-v1,CREATE_DRAFT,,,,,offend,offend,verb,B2,abstract-concepts,冒犯,,,,ә'fend,,,,,,TRUE,打擾,警告,尖叫,遇到,使驚慌,面對,TRUE,disturb,alert,scream,rescue,pose,address,,,,
word-catalog-v1,CREATE_DRAFT,,,,,off the hook,off the hook,noun,B2,abstract-concepts,擺脫麻煩,,,,ɔf ðə huk,,,,,,TRUE,簡而言之,遠離危險,處在刀尖上,不可更改,毫無疑問,紋章,TRUE,in a nutshell,out of harm's way,on a razor's edge,in stone,no doubt,common sense,,,,
word-catalog-v1,CREATE_DRAFT,,,,,scream,scream,verb,B2,abstract-concepts,尖叫,,,,skri:m,,,,,,TRUE,警告,冒犯,打擾,救援,忍受,實現,TRUE,offend,alert,disturb,rescue,alarm,bear,,,,
word-catalog-v1,CREATE_DRAFT,,,,,neutral,neutral,adjective,B2,abstract-concepts,中立的,,,,'nju:trәl,,,,,,TRUE,可怕的,不尊重的,嚴重的,穩健的,安全的,致命的,TRUE,fearsome,disrespectful,risky,sound,nasty,low-risk,,,,
word-catalog-v1,CREATE_DRAFT,,,,,alert,alert,verb,B2,abstract-concepts,警告,,,,ә'lә:t,,,,,,TRUE,尖叫,冒犯,打擾,救援,獲得,面對,FALSE,,,,,,,,,,
word-catalog-v1,CREATE_DRAFT,,,,,disrespectful,disrespectful,adjective,B2,abstract-concepts,不尊重的,,,,.disri'spektful,,,,,,TRUE,嚴重的,不安全的,中立的,可怕的,高風險的,絕望的,TRUE,neutral,fearsome,risky,sound,harmful,secure,,,,
word-catalog-v1,CREATE_DRAFT,,,,,on a razor's edge,on a razor's edge,noun,B2,abstract-concepts,處在刀尖上,,,,,,,,,,TRUE,遠離危險,擺脫麻煩,不可更改,當然,毫無疑問,救援者,TRUE,out of harm's way,off the hook,in stone,you bet,no doubt,rescuer,,,,
word-catalog-v1,CREATE_DRAFT,,,,,fearsome,fearsome,adjective,B2,abstract-concepts,可怕的,,,,'fiәsәm,,,,,,TRUE,中立的,不尊重的,有風險的,嚴重的,穩健的,大膽的,FALSE,,,,,,,,,,
word-catalog-v1,CREATE_DRAFT,,,,,address book,address book,noun,B2,communication-language,地址簿,,,,ˈæd.res ˌbʊk,,,,,,TRUE,答錄機,電話亭,來電顯示,網吧,社交媒體,主頁,TRUE,answering machine,phone booth,caller ID,Internet cafe,social media,home page,,,,
word-catalog-v1,CREATE_DRAFT,,,,,answering machine,answering machine,noun,B2,communication-language,答錄機,,,,'ɑ:nsəriŋ,,,,,,TRUE,地址簿,電話亭,來電顯示,網吧,好友請求,仇恨郵件,TRUE,address book,phone booth,caller ID,Internet cafe,friend request,hate mail,,,,
word-catalog-v1,CREATE_DRAFT,,,,,phone booth,phone booth,noun,B2,communication-language,電話亭,,,,ˊfounbuːθ,,,,,,TRUE,來電顯示,答錄機,地址簿,社交媒體,即時通訊,好友請求,TRUE,answering machine,address book,caller ID,social media,friend request,web chat,,,,
word-catalog-v1,CREATE_DRAFT,,,,,handset,handset,noun,B2,communication-language,聽筒,,,,'hændset,,,,,,TRUE,熱線,固定電話,來電者,操作員,粉絲,附件,TRUE,hotline,landline,caller,operator,follower,attachment,,,,
word-catalog-v1,CREATE_DRAFT,,,,,hotline,hotline,noun,B2,communication-language,熱線,,,,'hɒtl'aɪn,,,,,,TRUE,聽筒,固定電話,來電者,操作員,立場,推測,TRUE,handset,landline,caller,operator,speculation,stance,,,,
word-catalog-v1,CREATE_DRAFT,,,,,landline,landline,noun,B2,communication-language,固定電話,,,,'lændlain,,,,,,TRUE,來電者,熱線,聽筒,操作員,誤解,感知,TRUE,hotline,handset,caller,operator,misunderstanding,perception,,,,
word-catalog-v1,CREATE_DRAFT,,,,,dial,dial,verb,B2,communication-language,撥號,,,,'daiәl,,,,,,TRUE,稍等,加為朋友,表揚,認為,反對,證明……有理,TRUE,hold,friend,justify,figure,object,maintain,,,,
word-catalog-v1,CREATE_DRAFT,,,,,call around,call around,phrasal_verb,B2,communication-language,四處打電話,,,,,,,,,,TRUE,打電話,回電,掛斷,切斷,轉接,稍等,TRUE,call back,call up,cut off,hang on,hang up,put through,,,,
word-catalog-v1,CREATE_DRAFT,,,,,call back,call back,phrasal_verb,B2,communication-language,回電,,,,'kɒ:lbæk,,,,,,TRUE,打電話,四處打電話,掛斷,切斷,總結,關閉,TRUE,call around,call up,cut off,hang on,sum up,shut down,,,,
word-catalog-v1,CREATE_DRAFT,,,,,call up,call up,phrasal_verb,B2,communication-language,打電話,,,,kɑːl,,,,,,TRUE,四處打電話,回電,轉接,掛斷,總結,啟動,FALSE,,,,,,,,,,
word-catalog-v1,CREATE_DRAFT,,,,,caller,caller,noun,B2,communication-language,來電者,,,,'kɒ:lә,,,,,,TRUE,固定電話,操作員,熱線,聽筒,觀點,理性,TRUE,operator,landline,hotline,handset,position,reason,,,,
word-catalog-v1,CREATE_DRAFT,,,,,operator,operator,noun,B2,communication-language,操作員,,,,'ɒpәreitә,,,,,,TRUE,來電者,固定電話,粉絲,聽筒,誤解,觀點,TRUE,caller,landline,follower,handset,misunderstanding,position,,,,
word-catalog-v1,CREATE_DRAFT,,,,,caller ID,caller ID,noun,B2,communication-language,來電顯示,,,,ˌkɑː.lɚ aɪˈdiː,,,,,,TRUE,電話亭,社交媒體,網絡聊天,仇恨郵件,即時通訊,好友請求,TRUE,home page,Internet cafe,social media,address book,hate mail,instant messaging,,,,
word-catalog-v1,CREATE_DRAFT,,,,,cut off,cut off,phrasal_verb,B2,communication-language,切斷,,,,'kʌtɒf,,,,,,TRUE,掛斷,稍等,轉接,四處打電話,關閉,撥號,TRUE,hang up,hang on,put through,call around,sum up,start up,,,,
word-catalog-v1,CREATE_DRAFT,,,,,hang on,hang on,phrasal_verb,B2,communication-language,稍等,,,,,,,,,,FALSE,,,,,,,FALSE,,,,,,,,,,
word-catalog-v1,CREATE_DRAFT,,,,,hang up,hang up,phrasal_verb,B2,communication-language,掛斷,,,,'hæŋʌp,,,,,,TRUE,切斷,轉接,稍等,四處打電話,總結,加為朋友,TRUE,hang on,call up,cut off,start up,hold,dial,,,,
word-catalog-v1,CREATE_DRAFT,,,,,hold,hold,verb,B2,communication-language,稍等,,,,hәuld,,,,,,FALSE,,,,,,,FALSE,,,,,,,,,,
word-catalog-v1,CREATE_DRAFT,,,,,put through,put through,phrasal_verb,B2,communication-language,轉接,,,,,,,,,,TRUE,掛斷,切斷,稍等,四處打電話,啟動,聚會,TRUE,hang up,call back,cut off,call around,sum up,hold,,,,
word-catalog-v1,CREATE_DRAFT,,,,,busy,busy,adjective,B2,communication-language,忙,,,,'bizi,,,,,,TRUE,客觀的,主觀的,反對的,進行式的,所有格的,被動的,TRUE,objective,subjective,opposed,passive,grammatical,progressive,,,,
word-catalog-v1,CREATE_DRAFT,,,,,Internet cafe,Internet cafe,noun,B2,communication-language,網吧,,,,,,,,,,TRUE,網絡聊天,網絡衝浪者,主頁,社交媒體,仇恨郵件,來電顯示,TRUE,home page,social media,friend request,net surfer,web chat,hate mail,,,,
word-catalog-v1,CREATE_DRAFT,,,,,social media,social media,noun,B2,communication-language,社交媒體,,,,ˌsoʊ.ʃəl ˈmiː.di.ə,,,,,,TRUE,即時通訊,好友請求,網吧,主頁,網絡聊天,網絡衝浪者,TRUE,Internet cafe,home page,instant messaging,friend request,net surfer,caller ID,,,,
word-catalog-v1,CREATE_DRAFT,,,,,home page,home page,noun,B2,communication-language,主頁,,,,'hәumpeidʒ,,,,,,TRUE,網吧,社交媒體,仇恨郵件,即時通訊,網絡衝浪者,答錄機,TRUE,social media,Internet cafe,web chat,hate mail,caller ID,public opinion,,,,
word-catalog-v1,CREATE_DRAFT,,,,,HTTP,HTTP,abbreviation,B2,communication-language,超文本傳輸協定,,,,ˌeɪtʃ.tiː.tiːˈpiː,,,,,,FALSE,,,,,,,FALSE,,,,,,,,,,
word-catalog-v1,CREATE_DRAFT,,,,,follower,follower,noun,B2,communication-language,粉絲,,,,'fɒlәuә,,,,,,TRUE,附件,操作員,熱線,聽筒,立場,聲譽,FALSE,,,,,,,,,,
word-catalog-v1,CREATE_DRAFT,,,,,friend,friend,verb,B2,communication-language,加為朋友,,,,frend,,,,,,TRUE,撥號,稍等,認為,視為,證明……有理,評論,TRUE,hold,dial,justify,figure,oppose,praise,,,,
word-catalog-v1,CREATE_DRAFT,,,,,friend request,friend request,noun,B2,communication-language,好友請求,,,,ˈfrend rɪkwest,,,,,,TRUE,網絡聊天,仇恨郵件,即時通訊,網絡衝浪者,地址簿,輿論,TRUE,instant messaging,net surfer,web chat,hate mail,Internet cafe,phone booth,,,,
word-catalog-v1,CREATE_DRAFT,,,,,attachment,attachment,noun,B2,communication-language,附件,,,,ә'tʃætʃmәnt,,,,,,TRUE,粉絲,來電者,操作員,聽筒,理性,聲譽,TRUE,follower,operator,caller,handset,reputation,side,,,,
word-catalog-v1,CREATE_DRAFT,,,,,hate mail,hate mail,noun,B2,communication-language,仇恨郵件,,,,heit meil,,,,,,TRUE,好友請求,網絡聊天,即時通訊,來電顯示,輿論,專有名詞,TRUE,instant messaging,net surfer,friend request,web chat,answering machine,public opinion,,,,
word-catalog-v1,CREATE_DRAFT,,,,,Skype,Skype,proper_noun,B2,communication-language,網上通訊軟件,,,,skaɪp,,,,,,TRUE,普通話,保加利亞語,斯洛伐克語,西班牙語,意大利語,葡萄牙語,TRUE,English,Spanish,French,German,Italian,Portuguese,,,,
word-catalog-v1,CREATE_DRAFT,,,,,web chat,web chat,noun,B2,communication-language,網絡聊天,,,,ˈweb tʃæt,,,,,,TRUE,網絡衝浪者,網吧,即時通訊,來電顯示,電話亭,輿論,TRUE,instant messaging,net surfer,hate mail,friend request,address book,proper noun,,,,
word-catalog-v1,CREATE_DRAFT,,,,,instant messaging,instant messaging,noun,B2,communication-language,即時通訊,,,,ˌɪn.stənt ˈmes.ɪ.dʒɪŋ,,,,,,TRUE,網絡聊天,仇恨郵件,好友請求,網絡衝浪者,答錄機,專有名詞,TRUE,web chat,net surfer,hate mail,caller ID,answering machine,proper noun,,,,
word-catalog-v1,CREATE_DRAFT,,,,,net surfer,net surfer,noun,B2,communication-language,網絡衝浪者,,,,ˈnet sɜːrfər,,,,,,TRUE,網絡聊天,網吧,即時通訊,仇恨郵件,來電顯示,附加疑問句,TRUE,instant messaging,web chat,home page,friend request,phone booth,address book,,,,
word-catalog-v1,CREATE_DRAFT,,,,,aid,aid,noun,B2,society-law-politics,援助,,,,eid,,,,,,FALSE,,,,,,,TRUE,bias,consequence,donation,minority,noncitizen,protester,,,,
word-catalog-v1,CREATE_DRAFT,,,,,bias,bias,noun,B2,society-law-politics,偏見,,,,'baiәs,,,,,,TRUE,援助,後果,捐贈,非公民,抗議者,少數群體,TRUE,consequence,donation,aid,minority,racist,sexist,,,,
word-catalog-v1,CREATE_DRAFT,,,,,biased,biased,adjective,B2,society-law-politics,有偏見的,,,,'baiәst,,,,,,TRUE,平等的,強制的,可接受的,非法的,被佔領的,虔誠的,TRUE,equal,mandatory,illegal,forbidden,Jewish,military,,,,
word-catalog-v1,CREATE_DRAFT,,,,,consequence,consequence,noun,B2,society-law-politics,後果,,,,'kɒnsikwәns,,,,,,TRUE,偏見,援助,捐贈,非公民,貧民窟,庇護所,TRUE,bias,donation,noncitizen,racist,sexist,slum,,,,
word-catalog-v1,CREATE_DRAFT,,,,,contribute,contribute,verb,B2,society-law-politics,貢獻,,,,kәn'tribju:t,,,,,,FALSE,,,,,,,FALSE,,,,,,,,,,
word-catalog-v1,CREATE_DRAFT,,,,,dismiss,dismiss,verb,B2,society-law-politics,解僱,,,,dis'mis,,,,,,TRUE,貢獻,責備,行進,餓死,罷工,乞討,FALSE,,,,,,,,,,
word-catalog-v1,CREATE_DRAFT,,,,,donation,donation,noun,B2,society-law-politics,捐贈,,,,dәu'neiʃәn,,,,,,TRUE,後果,偏見,抗議者,援助,榮譽,貧民窟,FALSE,,,,,,,,,,
word-catalog-v1,CREATE_DRAFT,,,,,equal,equal,adjective,B2,society-law-politics,平等的,,,,'i:kwәl,,,,,,TRUE,有偏見的,猶太的,強制的,禁止的,武裝的,民用的,TRUE,biased,Jewish,mandatory,acceptable,devout,armed,,,,
word-catalog-v1,CREATE_DRAFT,,,,,minority,minority,noun,B2,society-law-politics,少數群體,,,,mai'nɒriti,,,,,,TRUE,種族主義者,性別歧視者,非公民,抗議者,庇護所,捐贈,TRUE,protester,noncitizen,shelter,racist,sexist,consequence,,,,
word-catalog-v1,CREATE_DRAFT,,,,,noncitizen,noncitizen,noun,B2,society-law-politics,非公民,,,,ˌnɑːnˈsɪt̬.ə.zən,,,,,,TRUE,貧民窟,少數群體,抗議者,庇護所,種族主義者,不尊重,TRUE,minority,protester,slum,shelter,racist,donation,,,,
word-catalog-v1,CREATE_DRAFT,,,,,protester,protester,noun,B2,society-law-politics,抗議者,,,,ˈproʊ.tes.tɚ,,,,,,TRUE,酗酒者,性別歧視者,種族主義者,無家可歸者,非公民,少數群體,TRUE,noncitizen,minority,sexist,slum,shelter,disrespect,,,,
word-catalog-v1,CREATE_DRAFT,,,,,racist,racist,noun,B2,society-law-politics,種族主義者,,,,'reisist,,,,,,TRUE,性別歧視者,抗議者,無家可歸者,酗酒者,貧民窟,庇護所,TRUE,protester,sexist,slum,honor,beggar,noncitizen,,,,
word-catalog-v1,CREATE_DRAFT,,,,,sexist,sexist,noun,B2,society-law-politics,性別歧視者,,,,'seksist,,,,,,TRUE,種族主義者,抗議者,無家可歸者,酗酒者,不尊重,榮譽,TRUE,racist,shelter,homeless,protester,disrespect,honor,,,,
word-catalog-v1,CREATE_DRAFT,,,,,minimum wage,minimum wage,noun,B2,society-law-politics,最低工資,,,,ˌmɪn.ɪ.məm ˈweɪdʒ,,,,,,TRUE,童工,社會階級,酗酒,工黨,主,規則書,TRUE,social class,child labor,alcohol abuse,rule book,air force,war crime,,,,
word-catalog-v1,CREATE_DRAFT,,,,,social class,social class,noun,B2,society-law-politics,社會階級,,,,,,,,,,TRUE,最低工資,童工,酗酒,社區服務,主,空對地導彈,TRUE,minimum wage,child labor,alcohol abuse,rule book,nuclear submarine,ground-to-air missile,,,,
word-catalog-v1,CREATE_DRAFT,,,,,slum,slum,noun,B2,society-law-politics,貧民窟,,,,slʌm,,,,,,TRUE,非公民,庇護所,乞丐,不尊重,榮譽,賣淫,TRUE,beggar,shelter,homeless,disrespect,alcoholic,prostitution,,,,
word-catalog-v1,CREATE_DRAFT,,,,,shelter,shelter,noun,B2,society-law-politics,庇護所,,,,'ʃeltә,,,,,,TRUE,貧民窟,乞丐,不尊重,榮譽,少數群體,性別歧視者,TRUE,slum,honor,beggar,homeless,disrespect,minority,,,,
word-catalog-v1,CREATE_DRAFT,,,,,blame,blame,verb,B2,society-law-politics,責備,,,,bleim,,,,,,TRUE,行進,餓死,罷工,解僱,指責,懺悔,TRUE,march,starve,strike,dismiss,contribute,beg,,,,
word-catalog-v1,CREATE_DRAFT,,,,,march,march,verb,B2,society-law-politics,行進,,,,mɑ:tʃ,,,,,,TRUE,責備,餓死,罷工,解僱,皈依,原諒,TRUE,blame,starve,strike,dismiss,confess,convert,,,,
word-catalog-v1,CREATE_DRAFT,,,,,starve,starve,verb,B2,society-law-politics,餓死,,,,stɑ:v,,,,,,TRUE,行進,責備,罷工,解僱,絞死,支配,TRUE,march,blame,strike,dismiss,forgive,insist,,,,
word-catalog-v1,CREATE_DRAFT,,,,,strike,strike,verb,B2,society-law-politics,罷工,,,,straik,,,,,,FALSE,,,,,,,TRUE,starve,march,blame,dismiss,impose,desert,,,,
word-catalog-v1,CREATE_DRAFT,,,,,honor,honor,noun,B2,society-law-politics,榮譽,,,,'ɒnә,,,,,,FALSE,,,,,,,TRUE,alcoholic,beggar,prostitution,slum,sexist,racist,,,,
word-catalog-v1,CREATE_DRAFT,,,,,get together,get together,phrasal_verb,B2,society-law-politics,聚會,,,,"'^ettә,^eðә(r)",,,,,,TRUE,關押,競選,槍殺,逃脫,使失望,回電,FALSE,,,,,,,,,,
word-catalog-v1,CREATE_DRAFT,,,,,disrespect,disrespect,noun,B2,society-law-politics,不尊重,,,,.disri'spekt,,,,,,TRUE,乞丐,賣淫,酗酒者,榮譽,無家可歸者,貧民窟,TRUE,homeless,alcoholic,beggar,honor,protester,bias,,,,
word-catalog-v1,CREATE_DRAFT,,,,,beggar,beggar,noun,B2,society-law-politics,乞丐,,,,'begә,,,,,,TRUE,賣淫,不尊重,榮譽,酗酒者,捐贈,後果,TRUE,prostitution,disrespect,homeless,honor,sexist,noncitizen,,,,
word-catalog-v1,CREATE_DRAFT,,,,,homeless,homeless,noun,B2,society-law-politics,無家可歸者,,,,'hәumlis,,,,,,TRUE,酗酒者,性別歧視者,種族主義者,抗議者,乞丐,賣淫,TRUE,alcoholic,prostitution,beggar,honor,donation,consequence,,,,
word-catalog-v1,CREATE_DRAFT,,,,,child labor,child labor,noun,B2,society-law-politics,童工,,,,,,,,,,TRUE,最低工資,酗酒,社會階級,工黨,空軍,核潛艇,TRUE,alcohol abuse,social class,minimum wage,labor party,air-to-ground missile,air force,,,,
word-catalog-v1,CREATE_DRAFT,,,,,alcohol abuse,alcohol abuse,noun,B2,society-law-politics,酗酒,,,,ˈælkəˌhɔl əˈbju:s,,,,,,TRUE,童工,社會階級,最低工資,酒後駕駛,主,空軍,TRUE,child labor,social class,minimum wage,brass knuckles,war crime,nuclear submarine,,,,
word-catalog-v1,CREATE_DRAFT,,,,,Alcoholics Anonymous,Alcoholics Anonymous,proper_noun,B2,society-law-politics,匿名戒酒會,,,,,,,,,,TRUE,共和黨,民主黨,保守黨,佛教,基督教,黑色星期五,TRUE,Conservative Party,Republican Party,Democratic Party,Buddhism,Bible,Independence Day,,,,
word-catalog-v1,CREATE_DRAFT,,,,,alcoholic,alcoholic,noun,B2,society-law-politics,酗酒者,,,,.ælkә'hɒlik,,,,,,TRUE,抗議者,無家可歸者,性別歧視者,種族主義者,偏見,後果,TRUE,prostitution,homeless,disrespect,slum,racist,bias,,,,
word-catalog-v1,CREATE_DRAFT,,,,,prostitution,prostitution,noun,B2,society-law-politics,賣淫,,,,",prɔsti'tju:ʃәn",,,,,,TRUE,乞丐,酗酒者,不尊重,榮譽,偏見,援助,TRUE,alcoholic,homeless,beggar,slum,noncitizen,donation,,,,
word-catalog-v1,CREATE_DRAFT,,,,,deed,deed,noun,B2,abstract-concepts,行為,,,,di:d,,,,,,TRUE,失敗者,樂觀,鬥爭,悲觀主義,過錯,責任,FALSE,,,,,,,,,,
word-catalog-v1,CREATE_DRAFT,,,,,attempted,attempted,adjective,B2,abstract-concepts,未遂,,,,əˈtemp.tɪd,,,,,,TRUE,失敗的,有問題的,沒有野心的,致命的,絕望的,有回報的,TRUE,failed,fatal,problematic,unambitious,hopeless,rewarding,,,,
word-catalog-v1,CREATE_DRAFT,,,,,failed,failed,adjective,B2,abstract-concepts,失敗的,,,,feɪld,,,,,,TRUE,有問題的,致命的,絕望的,未遂,可怕的,中立的,TRUE,attempted,fatal,problematic,unambitious,fearsome,disrespectful,,,,
word-catalog-v1,CREATE_DRAFT,,,,,fatal,fatal,adjective,B2,abstract-concepts,致命的,,,,'feitәl,,,,,,TRUE,失敗的,有問題的,絕望的,一致的,未遂,不尊重的,FALSE,,,,,,,,,,
word-catalog-v1,CREATE_DRAFT,,,,,problematic,problematic,adjective,B2,abstract-concepts,有問題的,,,,prɔblә'mætik,,,,,,TRUE,沒有野心的,有回報的,失敗的,有害的,有風險的,未遂,TRUE,failed,attempted,hopeless,fatal,fearsome,neutral,,,,
word-catalog-v1,CREATE_DRAFT,,,,,unambitious,unambitious,adjective,B2,abstract-concepts,沒有野心的,,,,.ʌnæm'biʃәs,,,,,,TRUE,有問題的,有回報的,失敗的,有風險的,有爭議的,可怕的,TRUE,problematic,hopeless,failed,attempted,disrespectful,risky,,,,
word-catalog-v1,CREATE_DRAFT,,,,,badly,badly,adverb,B2,abstract-concepts,糟糕地,,,,'bædli,,,,,,TRUE,此外,不知怎麼地,顯著地,越來越,代替,合法地,TRUE,furthermore,somehow,significantly,hence,thus,alternatively,,,,
word-catalog-v1,CREATE_DRAFT,,,,,hopeless,hopeless,adjective,B2,abstract-concepts,絕望的,,,,'hәuplis,,,,,,TRUE,失敗的,有問題的,致命的,未遂,無害的,冒犯的,FALSE,,,,,,,,,,
word-catalog-v1,CREATE_DRAFT,,,,,loser,loser,noun,B2,abstract-concepts,失敗者,,,,'lu:zә,,,,,,TRUE,樂觀主義者,悲觀主義者,行為,悲觀主義,樂觀,鬥爭,TRUE,pessimism,deed,optimism,pessimist,optimist,struggle,,,,
word-catalog-v1,CREATE_DRAFT,,,,,address,address,verb,B2,abstract-concepts,處理,,,,ә'dres,,,,,,TRUE,安慰,忍受,實現,獲得,戰勝,面對,FALSE,,,,,,,,,,
word-catalog-v1,CREATE_DRAFT,,,,,bear,bear,verb,B2,abstract-concepts,忍受,,,,bєә,,,,,,TRUE,安慰,毀壞,實現,獲得,解決,達到,FALSE,,,,,,,,,,
word-catalog-v1,CREATE_DRAFT,,,,,comfort,comfort,verb,B2,abstract-concepts,安慰,,,,'kʌmfәt,,,,,,TRUE,戰勝,忍受,面對,毀壞,奮鬥,解決,TRUE,confront,fulfill,gain,bear,handle,address,,,,
word-catalog-v1,CREATE_DRAFT,,,,,confront,confront,verb,B2,abstract-concepts,面對,,,,kәn'frʌnt,,,,,,TRUE,安慰,實現,獲得,奮鬥,處理,使失望,FALSE,,,,,,,,,,
word-catalog-v1,CREATE_DRAFT,,,,,fulfill,fulfill,verb,B2,abstract-concepts,實現,,,,ful'fil,,,,,,TRUE,戰勝,毀壞,面對,獲得,達到,處理,FALSE,,,,,,,,,,
word-catalog-v1,CREATE_DRAFT,,,,,gain,gain,verb,B2,abstract-concepts,獲得,,,,gein,,,,,,FALSE,,,,,,,FALSE,,,,,,,,,,
word-catalog-v1,CREATE_DRAFT,,,,,handle,handle,verb,B2,abstract-concepts,處理,,,,hændl,,,,,,TRUE,戰勝,毀壞,實現,解決,使失望,警告,FALSE,,,,,,,,,,
word-catalog-v1,CREATE_DRAFT,,,,,obtain,obtain,verb,B2,abstract-concepts,獲得,,,,әb'tein,,,,,,TRUE,戰勝,毀壞,達到,奮鬥,安慰,使失望,FALSE,,,,,,,,,,
word-catalog-v1,CREATE_DRAFT,,,,,overcome,overcome,verb,B2,abstract-concepts,戰勝,,,,.әuvә'kʌm,,,,,,TRUE,獲得,毀壞,解決,奮鬥,處理,警告,TRUE,obtain,ruin,handle,gain,comfort,reach,,,,
word-catalog-v1,CREATE_DRAFT,,,,,ruin,ruin,verb,B2,abstract-concepts,毀壞,,,,ruin,,,,,,FALSE,,,,,,,TRUE,overcome,obtain,resolve,fulfill,reach,handle,,,,
word-catalog-v1,CREATE_DRAFT,,,,,optimism,optimism,noun,B2,abstract-concepts,樂觀,,,,'ɒptimizm,,,,,,TRUE,樂觀主義者,悲觀主義,悲觀主義者,機會,目標,過錯,TRUE,pessimism,pessimist,optimist,presentation,chance,fault,,,,
word-catalog-v1,CREATE_DRAFT,,,,,optimist,optimist,noun,B2,abstract-concepts,樂觀主義者,,,,'ɔptimist,,,,,,TRUE,悲觀主義者,悲觀主義,樂觀,失敗者,決心,機會,TRUE,optimism,pessimism,pessimist,presentation,duty,target,,,,
word-catalog-v1,CREATE_DRAFT,,,,,pessimism,pessimism,noun,B2,abstract-concepts,悲觀主義,,,,'pesimizm,,,,,,TRUE,悲觀主義者,樂觀主義者,樂觀,責任,目標,決心,TRUE,struggle,optimist,pessimist,chance,determination,duty,,,,
word-catalog-v1,CREATE_DRAFT,,,,,pessimist,pessimist,noun,B2,abstract-concepts,悲觀主義者,,,,'pesimist,,,,,,TRUE,悲觀主義,樂觀主義者,樂觀,失敗者,弱點,目標,TRUE,struggle,pessimism,optimism,fault,presentation,determination,,,,
word-catalog-v1,CREATE_DRAFT,,,,,reach,reach,verb,B2,abstract-concepts,達到,,,,ri:tʃ,,,,,,TRUE,解決,奮鬥,戰勝,遇到,獲得,實現,TRUE,resolve,ruin,overcome,struggle,obtain,disappoint,,,,
word-catalog-v1,CREATE_DRAFT,,,,,resolve,resolve,verb,B2,abstract-concepts,解決,,,,ri'zɒlv,,,,,,TRUE,達到,奮鬥,毀壞,忍受,獲得,批准,FALSE,,,,,,,,,,
word-catalog-v1,CREATE_DRAFT,,,,,struggle,struggle,noun,B2,abstract-concepts,鬥爭,,,,'strʌgl,,,,,,FALSE,,,,,,,TRUE,chance,target,fault,presentation,duty,weakness,,,,
word-catalog-v1,CREATE_DRAFT,,,,,struggle,struggle,verb,B2,abstract-concepts,奮鬥,,,,'strʌgl,,,,,,FALSE,,,,,,,FALSE,,,,,,,,,,
word-catalog-v1,CREATE_DRAFT,,,,,let down,let down,phrasal_verb,B2,abstract-concepts,使失望,,,,'letdaun,,,,,,TRUE,毫無進展,鬧翻,渴望,檢查,仔細考慮,向……求助,FALSE,,,,,,,,,,
word-catalog-v1,CREATE_DRAFT,,,,,go nowhere,go nowhere,phrasal_verb,B2,abstract-concepts,毫無進展,,,,,,,,,,TRUE,使失望,鬧翻,騙賣,檢查,仔細考慮,積累,FALSE,,,,,,,,,,
word-catalog-v1,CREATE_DRAFT,,,,,get nowhere,get nowhere,phrasal_verb,B2,abstract-concepts,毫無進展,,,,,,,,,,TRUE,使失望,鬧翻,騙賣,向……求助,選擇,解釋,FALSE,,,,,,,,,,
word-catalog-v1,CREATE_DRAFT,,,,,presentation,presentation,noun,B2,abstract-concepts,簡報,展示,,,.prezәn'teiʃәn,,,,,,TRUE,過錯,責任,機會,決心,弱點,目標,FALSE,,,,,,,,,,
word-catalog-v1,CREATE_DRAFT,,,,,chance,chance,noun,B2,abstract-concepts,機會,,,,tʃæns. tʃɑ:ns,,,,,,TRUE,過錯,責任,決心,鬥爭,簡報,悲觀主義者,FALSE,,,,,,,,,,
word-catalog-v1,CREATE_DRAFT,,,,,fault,fault,noun,B2,abstract-concepts,過錯,,,,fɒ:lt,,,,,,TRUE,機會,責任,弱點,鬥爭,簡報,樂觀,TRUE,target,determination,chance,duty,pessimism,loser,,,,
word-catalog-v1,CREATE_DRAFT,,,,,duty,duty,noun,B2,abstract-concepts,責任,,,,'dju:ti,,,,,,TRUE,過錯,目標,決心,鬥爭,樂觀,行為,TRUE,weakness,fault,target,determination,struggle,pessimist,,,,
word-catalog-v1,CREATE_DRAFT,,,,,target,target,noun,B2,abstract-concepts,目標,,,,'tɑ:git,,,,,,TRUE,弱點,責任,決心,簡報,悲觀主義,樂觀主義者,FALSE,,,,,,,,,,
word-catalog-v1,CREATE_DRAFT,,,,,determination,determination,noun,B2,abstract-concepts,決心,,,,di.tә:mi'neiʃәn,,,,,,TRUE,目標,弱點,過錯,鬥爭,簡報,悲觀主義,FALSE,,,,,,,,,,
word-catalog-v1,CREATE_DRAFT,,,,,disappoint,disappoint,verb,B2,abstract-concepts,使失望,,,,.disә'pɒint,,,,,,TRUE,解決,奮鬥,達到,戰勝,處理,使驚慌,FALSE,,,,,,,,,,
word-catalog-v1,CREATE_DRAFT,,,,,give up on,give up on,phrasal_verb,B2,abstract-concepts,放棄,,,,ɡiv ʌp ɔn,,,,,,TRUE,不懂珍惜,迴避,忍受,毫無進展,使失望,鬧翻,FALSE,,,,,,,,,,
word-catalog-v1,CREATE_DRAFT,,,,,rewarding,rewarding,adjective,B2,abstract-concepts,有回報的,,,,ri'wɒ:diŋ,,,,,,TRUE,有問題的,沒有野心的,失敗的,有爭議的,有害的,一致的,TRUE,unambitious,hopeless,problematic,attempted,controversial,consistent,,,,
word-catalog-v1,CREATE_DRAFT,,,,,weakness,weakness,noun,B2,abstract-concepts,弱點,,,,ˈwiːknəs,,,,,,TRUE,決心,目標,機會,鬥爭,簡報,樂觀主義者,TRUE,determination,target,duty,fault,optimist,optimism,,,,
word-catalog-v1,CREATE_DRAFT,,,,,electric razor,electric razor,noun,B2,body-health,電動剃鬚刀,,,,iˈlektrik ˈreizə,,,,,,TRUE,散粉,唇彩,面膜,指甲油,牙線,棉籤,FALSE,,,,,,,,,,
word-catalog-v1,CREATE_DRAFT,,,,,shaver,shaver,noun,B2,body-health,電動剃鬚刀,,,,'ʃeivә,,,,,,TRUE,防曬霜,洗髮水,護髮素,化妝品,香膏,乳液,FALSE,,,,,,,,,,
word-catalog-v1,CREATE_DRAFT,,,,,sunscreen,sunscreen,noun,B2,body-health,防曬霜,,,,'sʌnskri:n,,,,,,TRUE,洗髮水,護髮素,化妝品,眼線筆,凝膠,髮膠,TRUE,shaver,shampoo,conditioner,balm,lotion,cosmetics,,,,
word-catalog-v1,CREATE_DRAFT,,,,,shampoo,shampoo,noun,B2,body-health,洗髮水,,,,ʃæm'pu:,,,,,,TRUE,髮膠,護髮素,古龍水,漱口水,防曬霜,香膏,TRUE,sunscreen,conditioner,shaver,balm,gel,hairspray,,,,
word-catalog-v1,CREATE_DRAFT,,,,,conditioner,conditioner,noun,B2,body-health,護髮素,,,,kәn'diʃәnә,,,,,,TRUE,髮膠,洗髮水,防曬霜,化妝品,遮瑕膏,眼影,TRUE,shampoo,sunscreen,lotion,cosmetics,eyeliner,gel,,,,
word-catalog-v1,CREATE_DRAFT,,,,,balm,balm,noun,B2,body-health,香膏,,,,bɑ:m,,,,,,TRUE,遮瑕膏,睫毛膏,乳液,凝膠,腮紅,眼影,TRUE,eyeshadow,conditioner,lotion,hairspray,blush,shampoo,,,,
word-catalog-v1,CREATE_DRAFT,,,,,lotion,lotion,noun,B2,body-health,乳液,,,,'lәuʃәn,,,,,,TRUE,香膏,凝膠,腮紅,粉底,眼影,眼線筆,TRUE,balm,cosmetics,eyeliner,concealer,gel,eyeshadow,,,,
word-catalog-v1,CREATE_DRAFT,,,,,cosmetics,cosmetics,noun,B2,body-health,化妝品,,,,kɑzˈmet̬·ɪks,,,,,,TRUE,化妝,眼線筆,乳液,護髮素,遮瑕膏,洗髮水,TRUE,hairspray,blush,foundation,eyeliner,concealer,lotion,,,,
word-catalog-v1,CREATE_DRAFT,,,,,gel,gel,noun,B2,body-health,凝膠,,,,dʒel,,,,,,TRUE,髮膠,口紅,腮紅,粉底,乳液,香膏,TRUE,eyeshadow,lipstick,cosmetics,hairspray,blush,foundation,,,,
word-catalog-v1,CREATE_DRAFT,,,,,hairspray,hairspray,noun,B2,body-health,髮膠,,,,ˈherspreɪ,,,,,,TRUE,凝膠,護髮素,洗髮水,眼影,口紅,腮紅,TRUE,mascara,gel,eyeliner,concealer,lipstick,blush,,,,
word-catalog-v1,CREATE_DRAFT,,,,,eyeliner,eyeliner,noun,B2,body-health,眼線筆,,,,'ailainә,,,,,,TRUE,眼影,睫毛膏,化妝品,遮瑕膏,除臭劑,粉底,TRUE,eyeshadow,foundation,mascara,concealer,tweezers,hairspray,,,,
word-catalog-v1,CREATE_DRAFT,,,,,eyeshadow,eyeshadow,noun,B2,body-health,眼影,,,,ai ˈʃædəu,,,,,,TRUE,眼線筆,染料,鑷子,口紅,腮紅,粉底,TRUE,lipstick,cologne,eyeliner,blush,foundation,dye,,,,
word-catalog-v1,CREATE_DRAFT,,,,,blush,blush,noun,B2,body-health,腮紅,,,,blʌʃ,,,,,,TRUE,口紅,染料,鑷子,髮膠,眼影,凝膠,TRUE,mascara,deodorant,eyeshadow,concealer,mouthwash,lipstick,,,,
word-catalog-v1,CREATE_DRAFT,,,,,concealer,concealer,noun,B2,body-health,遮瑕膏,,,,kənˈsiː.lɚ,,,,,,TRUE,香膏,睫毛膏,古龍水,除臭劑,眼線筆,漱口水,TRUE,tweezers,cologne,foundation,mascara,dye,deodorant,,,,
word-catalog-v1,CREATE_DRAFT,,,,,face powder,face powder,noun,B2,body-health,散粉,,,,ˈfeɪs ˌpaʊ.dɚ,,,,,,TRUE,唇彩,面膜,牙線,指甲銼,指甲剪,電動剃鬚刀,TRUE,face mask,lip gloss,nail polish,dental floss,nail file,cotton swab,,,,
word-catalog-v1,CREATE_DRAFT,,,,,foundation,foundation,noun,B2,body-health,粉底,,,,faun'deiʃәn,,,,,,TRUE,染料,鑷子,口紅,睫毛膏,化妝,遮瑕膏,TRUE,tweezers,mouthwash,lipstick,cologne,makeup,mascara,,,,
word-catalog-v1,CREATE_DRAFT,,,,,lip gloss,lip gloss,noun,B2,body-health,唇彩,,,,lip glɔ:s,,,,,,TRUE,散粉,面膜,棉籤,指甲銼,指甲剪,血管,TRUE,face powder,nail polish,face mask,dental floss,nail clippers,electric razor,,,,
word-catalog-v1,CREATE_DRAFT,,,,,lipstick,lipstick,noun,B2,body-health,口紅,,,,'lipstik,,,,,,TRUE,腮紅,漱口水,染料,粉底,古龍水,睫毛膏,TRUE,dye,deodorant,tweezers,mouthwash,tampon,makeup,,,,
word-catalog-v1,CREATE_DRAFT,,,,,mascara,mascara,noun,B2,body-health,睫毛膏,,,,mæ'skɑ:rә,,,,,,TRUE,香膏,遮瑕膏,除臭劑,古龍水,鑷子,衛生棉條,TRUE,cologne,dye,deodorant,lipstick,mouthwash,gel,,,,
word-catalog-v1,CREATE_DRAFT,,,,,nail polish,nail polish,noun,B2,body-health,指甲油,,,,'neɪlp'ɒlɪʃ,,,,,,TRUE,指甲銼,指甲剪,面膜,腎結石,大腳趾,急診室,TRUE,nail file,nail clippers,lip gloss,face mask,face powder,blood vessel,,,,
word-catalog-v1,CREATE_DRAFT,,,,,face mask,face mask,noun,B2,body-health,面膜,,,,fæs'mɑ:sk,,,,,,TRUE,牙線,唇彩,指甲油,指甲銼,血管,腎結石,TRUE,face powder,nail polish,lip gloss,cotton swab,nail clippers,kidney stone,,,,
word-catalog-v1,CREATE_DRAFT,,,,,dye,dye,noun,B2,body-health,染料,,,,dai,,,,,,FALSE,,,,,,,TRUE,tweezers,tampon,cologne,makeup,foundation,concealer,,,,
word-catalog-v1,CREATE_DRAFT,,,,,tweezers,tweezers,noun,B2,body-health,鑷子,,,,'twi:zәz,,,,,,TRUE,染料,化妝,除臭劑,漱口水,古龍水,口紅,TRUE,deodorant,mouthwash,tampon,cologne,mascara,blush,,,,
word-catalog-v1,CREATE_DRAFT,,,,,cologne,cologne,noun,B2,body-health,古龍水,,,,kә'lәun,,,,,,TRUE,漱口水,洗髮水,除臭劑,衛生棉條,鑷子,化妝,TRUE,makeup,tweezers,deodorant,mascara,eyeshadow,balm,,,,
word-catalog-v1,CREATE_DRAFT,,,,,deodorant,deodorant,noun,B2,body-health,除臭劑,,,,di:'әudәrәnt,,,,,,TRUE,古龍水,漱口水,衛生棉條,睫毛膏,鑷子,口紅,TRUE,mouthwash,tampon,makeup,cologne,sunscreen,eyeliner,,,,
word-catalog-v1,CREATE_DRAFT,,,,,mouthwash,mouthwash,noun,B2,body-health,漱口水,,,,'majθwɔʃ,,,,,,TRUE,口紅,古龍水,洗髮水,除臭劑,衛生棉條,粉底,TRUE,tampon,deodorant,dye,cologne,concealer,cosmetics,,,,
word-catalog-v1,CREATE_DRAFT,,,,,dental floss,dental floss,noun,B2,body-health,牙線,,,,ˈden.t̬əl ˌflɑːs,,,,,,TRUE,棉籤,面膜,散粉,電動剃鬚刀,喉結,肚臍,TRUE,nail file,cotton swab,nail clippers,face mask,electric razor,kidney stone,,,,
word-catalog-v1,CREATE_DRAFT,,,,,nail file,nail file,noun,B2,body-health,指甲銼,,,,ˊneilfail,,,,,,TRUE,指甲剪,指甲油,牙線,棉籤,電動剃鬚刀,大腳趾,TRUE,nail clippers,nail polish,dental floss,cotton swab,blood vessel,big toe,,,,
word-catalog-v1,CREATE_DRAFT,,,,,cotton swab,cotton swab,noun,B2,body-health,棉籤,,,,ˈkɑː.tən ˌswɑːb,,,,,,TRUE,牙線,指甲銼,面膜,散粉,腎結石,消化系統,TRUE,nail file,dental floss,nail clippers,face mask,emergency room,Adam's apple,,,,
word-catalog-v1,CREATE_DRAFT,,,,,makeup,makeup,noun,B2,body-health,化妝,,,,'meikʌp,,,,,,TRUE,化妝品,衛生棉條,染料,鑷子,漱口水,粉底,TRUE,tampon,mouthwash,tweezers,cologne,conditioner,shaver,,,,
word-catalog-v1,CREATE_DRAFT,,,,,nail clippers,nail clippers,noun,B2,body-health,指甲剪,,,,ˈneɪl klɪpərz,,,,,,TRUE,指甲銼,指甲油,棉籤,牙線,急診室,呼吸裝置,TRUE,nail file,nail polish,cotton swab,face powder,electric razor,mental health,,,,
word-catalog-v1,CREATE_DRAFT,,,,,tampon,tampon,noun,B2,body-health,衛生棉條,,,,'tæmpɒn,,,,,,TRUE,化妝,除臭劑,漱口水,睫毛膏,遮瑕膏,防曬霜,TRUE,makeup,mouthwash,deodorant,lipstick,foundation,blush,,,,
word-catalog-v1,CREATE_DRAFT,,,,,clap,clap,verb,B2,body-health,鼓掌,,,,klæp,,,,,,TRUE,抓住,拖,握手,彎腰,鞠躬,倚靠,TRUE,drag,grab,bow,shake,lean,slouch,,,,
word-catalog-v1,CREATE_DRAFT,,,,,drag,drag,verb,B2,body-health,拖,,,,dræg,,,,,,TRUE,鼓掌,跪,抓住,握手,彎腰,跳躍,TRUE,clap,grab,bow,kneel,shake,leap,,,,
word-catalog-v1,CREATE_DRAFT,,,,,grab,grab,verb,B2,body-health,抓住,,,,græb,,,,,,TRUE,鼓掌,拖,鞠躬,握手,爬行,跳躍,FALSE,,,,,,,,,,
word-catalog-v1,CREATE_DRAFT,,,,,punch,punch,verb,B2,body-health,打,,,,pʌntʃ,,,,,,FALSE,,,,,,,FALSE,,,,,,,,,,
word-catalog-v1,CREATE_DRAFT,,,,,shake,shake,verb,B2,body-health,握手,,,,ʃeik,,,,,,TRUE,倚靠,彎腰,抓住,跪,眯眼,眨眼,TRUE,lean,slouch,tiptoe,bow,kneel,crawl,,,,
word-catalog-v1,CREATE_DRAFT,,,,,bend,bend,verb,B2,body-health,彎腰,,,,bend,,,,,,FALSE,,,,,,,TRUE,lean,leap,slouch,tiptoe,blink,shake,,,,
word-catalog-v1,CREATE_DRAFT,,,,,bow,bow,verb,B2,body-health,鞠躬,,,,bәu.bau,,,,,,TRUE,倚靠,爬行,凝視,彎腰,跳躍,跪,TRUE,kneel,crawl,gaze,lean,leap,squint,,,,
word-catalog-v1,CREATE_DRAFT,,,,,lean,lean,verb,B2,body-health,倚靠,,,,li:n,,,,,,TRUE,鞠躬,眯眼,踮著腳走,眨眼,懶散地坐著,爬行,TRUE,bow,slouch,tiptoe,blink,stare,gaze,,,,
word-catalog-v1,CREATE_DRAFT,,,,,slouch,slouch,verb,B2,body-health,懶散地坐著,,,,slautʃ,,,,,,TRUE,踮著腳走,得意地笑,輕聲笑,咯咯笑,倚靠,凝視,TRUE,kneel,crawl,wink,leap,chuckle,tiptoe,,,,
word-catalog-v1,CREATE_DRAFT,,,,,kneel,kneel,verb,B2,body-health,跪,,,,ni:l,,,,,,TRUE,拖,跳躍,眯眼,點頭,眨眼,踱步,TRUE,squint,blink,stare,giggle,crawl,gaze,,,,
word-catalog-v1,CREATE_DRAFT,,,,,leap,leap,verb,B2,body-health,跳躍,,,,li:p,,,,,,TRUE,爬行,跪,凝視,眯眼,踮著腳走,點頭,FALSE,,,,,,,,,,
word-catalog-v1,CREATE_DRAFT,,,,,tiptoe,tiptoe,verb,B2,body-health,踮著腳走,,,,'tɪptəʊ,,,,,,TRUE,懶散地坐著,得意地笑,輕聲笑,咯咯笑,眨眼,踱步,TRUE,wink,smirk,squint,chuckle,nod,blink,,,,
word-catalog-v1,CREATE_DRAFT,,,,,crawl,crawl,verb,B2,body-health,爬行,,,,krɒ:l,,,,,,TRUE,凝視,絆倒,醒來,眯眼,點頭,跳躍,TRUE,stare,giggle,gaze,wink,smirk,tiptoe,,,,
word-catalog-v1,CREATE_DRAFT,,,,,lie down,lie down,phrasal_verb,B2,body-health,躺下,,,,'laidajn,,,,,,TRUE,昏倒,在別人頭後比兔耳朵,染上,上床睡覺,蹲下,爬行,TRUE,pass out,give bunny ears,come down with,hit the hay,squint,chuckle,,,,
word-catalog-v1,CREATE_DRAFT,,,,,blink,blink,verb,B2,body-health,眨眼,,,,bliŋk,,,,,,TRUE,眯眼,輕聲笑,踱步,凝視,咯咯笑,絆倒,FALSE,,,,,,,,,,
word-catalog-v1,CREATE_DRAFT,,,,,gaze,gaze,verb,B2,body-health,凝視,,,,geiz,,,,,,TRUE,醒來,眨眼,點頭,輕聲笑,踱步,絆倒,FALSE,,,,,,,,,,
word-catalog-v1,CREATE_DRAFT,,,,,squint,squint,verb,B2,body-health,眯眼,,,,skwint,,,,,,TRUE,眨眼,咯咯笑,醒來,點頭,凝視,得意地笑,TRUE,nod,stare,giggle,crouch,wink,wake,,,,
word-catalog-v1,CREATE_DRAFT,,,,,stare,stare,verb,B2,body-health,凝視,,,,stєә,,,,,,TRUE,輕聲笑,踱步,眯眼,醒來,得意地笑,爬行,FALSE,,,,,,,,,,
word-catalog-v1,CREATE_DRAFT,,,,,wink,wink,verb,B2,body-health,眨眼,,,,wiŋk,,,,,,TRUE,眯眼,咯咯笑,絆倒,點頭,得意地笑,鞠躬,FALSE,,,,,,,,,,
word-catalog-v1,CREATE_DRAFT,,,,,chuckle,chuckle,verb,B2,body-health,輕聲笑,,,,'tʃʌkl,,,,,,TRUE,咯咯笑,得意地笑,踮著腳走,踱步,絆倒,醒來,TRUE,smirk,nod,giggle,crouch,squint,gaze,,,,
word-catalog-v1,CREATE_DRAFT,,,,,giggle,giggle,verb,B2,body-health,咯咯笑,,,,'gigl,,,,,,TRUE,輕聲笑,得意地笑,點頭,踱步,踮著腳走,蹲下,TRUE,chuckle,smirk,wake,nod,crouch,pace,,,,
word-catalog-v1,CREATE_DRAFT,,,,,smirk,smirk,verb,B2,body-health,得意地笑,,,,smә:k,,,,,,TRUE,咯咯笑,輕聲笑,懶散地坐著,踮著腳走,絆倒,點頭,TRUE,wake,giggle,nod,chuckle,trip,blink,,,,
word-catalog-v1,CREATE_DRAFT,,,,,nod,nod,verb,B2,body-health,點頭,,,,nɒd,,,,,,TRUE,醒來,踱步,絆倒,凝視,蹲下,跪,TRUE,smirk,crouch,wake,wink,trip,squint,,,,
word-catalog-v1,CREATE_DRAFT,,,,,pace,pace,verb,B2,body-health,踱步,,,,peis,,,,,,FALSE,,,,,,,TRUE,crouch,nod,wake,trip,gaze,crawl,,,,
word-catalog-v1,CREATE_DRAFT,,,,,trip,trip,verb,B2,body-health,絆倒,,,,trip,,,,,,FALSE,,,,,,,TRUE,pace,crouch,smirk,giggle,stare,blink,,,,
word-catalog-v1,CREATE_DRAFT,,,,,give bunny ears,give bunny ears,phrasal_verb,B2,body-health,在別人頭後比兔耳朵,,,,,,,,,,TRUE,上床睡覺,染上,躺下,昏倒,點頭,懶散地坐著,TRUE,come down with,hit the hay,lie down,pass out,wake,crouch,,,,
word-catalog-v1,CREATE_DRAFT,,,,,crouch,crouch,verb,B2,body-health,蹲下,,,,'krautʃ,,,,,,TRUE,醒來,絆倒,踱步,眯眼,倚靠,握手,FALSE,,,,,,,,,,
word-catalog-v1,CREATE_DRAFT,,,,,wake,wake,verb,B2,body-health,醒來,,,,weik,,,,,,TRUE,蹲下,絆倒,眨眼,踱步,咯咯笑,跳躍,FALSE,,,,,,,,,,
word-catalog-v1,CREATE_DRAFT,,,,,hammer,hammer,noun,B2,home-household,錘子,,,,'hæmә,,,,,,TRUE,鋸子,釘子,鑿子,叉子,鏟子,鉗子,TRUE,mallet,saw,chainsaw,drill,wrench,screw,,,,
word-catalog-v1,CREATE_DRAFT,,,,,mallet,mallet,noun,B2,home-household,木槌,,,,'mælit,,,,,,TRUE,錘子,鏈鋸,鑽頭,鋸子,扳手,螺絲,TRUE,hammer,saw,chainsaw,drill,screwdriver,nail,,,,
word-catalog-v1,CREATE_DRAFT,,,,,saw,saw,noun,B2,home-household,鋸子,,,,sɒ:,,,,,,TRUE,鏈鋸,錘子,釘子,鑿子,叉子,皮搋子,TRUE,mallet,hammer,wrench,chainsaw,glue,screwdriver,,,,
word-catalog-v1,CREATE_DRAFT,,,,,chainsaw,chainsaw,noun,B2,home-household,鏈鋸,,,,'tʃeinsɔ:,,,,,,TRUE,鋸子,木槌,鑽頭,扳手,膠水,銼刀,TRUE,screw,saw,drill,nail,chisel,glue,,,,
word-catalog-v1,CREATE_DRAFT,,,,,drill,drill,noun,B2,home-household,鑽頭,,,,dril,,,,,,TRUE,斧頭,螺絲,木槌,鏈鋸,扳手,螺絲刀,TRUE,wrench,screw,bolt,mallet,screwdriver,nut,,,,
word-catalog-v1,CREATE_DRAFT,,,,,wrench,wrench,noun,B2,home-household,扳手,,,,'rentʃ,,,,,,TRUE,手推車,鑽頭,螺絲,膠水,螺栓,銼刀,TRUE,nail,chisel,washer,drill,bolt,fork,,,,
word-catalog-v1,CREATE_DRAFT,,,,,screw,screw,noun,B2,home-household,螺絲,,,,skru:,,,,,,TRUE,螺母,螺栓,釘子,墊圈,膠水,扳手,TRUE,glue,wrench,nut,shovel,nail,chisel,,,,
word-catalog-v1,CREATE_DRAFT,,,,,screwdriver,screwdriver,noun,B2,home-household,螺絲刀,,,,'skru:draivә,,,,,,TRUE,銼刀,螺母,螺栓,工具箱,手推車,釘子,TRUE,washer,wheelbarrow,glue,bolt,fork,toolbox,,,,
word-catalog-v1,CREATE_DRAFT,,,,,nail,nail,noun,B2,home-household,釘子,,,,neil,,,,,,TRUE,鑿子,鏟子,叉子,錘子,螺絲刀,墊圈,TRUE,screwdriver,screw,nut,shovel,pliers,chisel,,,,
word-catalog-v1,CREATE_DRAFT,,,,,glue,glue,noun,B2,home-household,膠水,,,,glu:,,,,,,TRUE,銼刀,螺母,鑿子,墊圈,螺絲,螺栓,TRUE,washer,wheelbarrow,bolt,nail,file,nut,,,,
word-catalog-v1,CREATE_DRAFT,,,,,file,file,noun,B2,home-household,銼刀,,,,fail,,,,,,FALSE,,,,,,,TRUE,fork,toolbox,shovel,pliers,plunger,glue,,,,
word-catalog-v1,CREATE_DRAFT,,,,,chisel,chisel,noun,B2,home-household,鑿子,,,,'tʃizәl,,,,,,TRUE,鏟子,鉗子,叉子,錘子,皮搋子,膠水,TRUE,washer,wheelbarrow,crowbar,bolt,shovel,pliers,,,,
word-catalog-v1,CREATE_DRAFT,,,,,bolt,bolt,noun,B2,home-household,螺栓,,,,bәult,,,,,,TRUE,螺母,螺絲,螺絲刀,墊圈,撬棍,鏟子,TRUE,fork,toolbox,chisel,nut,plunger,washer,,,,
word-catalog-v1,CREATE_DRAFT,,,,,nut,nut,noun,B2,home-household,螺母,,,,nʌt,,,,,,TRUE,螺栓,螺絲,螺絲刀,鉗子,工具箱,墊圈,TRUE,wheelbarrow,crowbar,fork,toolbox,shovel,chisel,,,,
word-catalog-v1,CREATE_DRAFT,,,,,washer,washer,noun,B2,home-household,墊圈,,,,'wɒʃә,,,,,,TRUE,撬棍,螺母,叉子,手推車,鏟子,鉗子,TRUE,pliers,plunger,wheelbarrow,crowbar,nut,fork,,,,
word-catalog-v1,CREATE_DRAFT,,,,,fork,fork,noun,B2,home-household,叉子,,,,fɒ:k,,,,,,TRUE,鏟子,鑿子,鉗子,錘子,工具箱,撬棍,TRUE,sledgehammer,toolbox,washer,shovel,ax,pliers,,,,
word-catalog-v1,CREATE_DRAFT,,,,,shovel,shovel,noun,B2,home-household,鏟子,,,,'ʃʌvl,,,,,,TRUE,叉子,鉗子,鑿子,錘子,大錘,手推車,FALSE,,,,,,,,,,
word-catalog-v1,CREATE_DRAFT,,,,,wheelbarrow,wheelbarrow,noun,B2,home-household,手推車,,,,'hwi:l.bærәu,,,,,,TRUE,扳手,工具箱,皮搋子,撬棍,大錘,斧頭,TRUE,plunger,crowbar,sledgehammer,toolbox,ax,fork,,,,
word-catalog-v1,CREATE_DRAFT,,,,,toolbox,toolbox,noun,B2,home-household,工具箱,,,,'tu:lbɒks,,,,,,TRUE,手推車,皮搋子,撬棍,大錘,鉗子,墊圈,TRUE,wheelbarrow,pliers,plunger,sledgehammer,ax,bolt,,,,
word-catalog-v1,CREATE_DRAFT,,,,,pliers,pliers,noun,B2,home-household,鉗子,,,,'plaiәz,,,,,,TRUE,鏟子,叉子,釘子,錘子,工具箱,斧頭,TRUE,crowbar,plunger,toolbox,wheelbarrow,washer,file,,,,
word-catalog-v1,CREATE_DRAFT,,,,,wire cutter,wire cutter,noun,B2,home-household,鋼絲鉗,,,,ˈwaiə ˈkʌtə,,,,,,TRUE,訂書槍,膠帶,美工刀,活動扳手,捲尺,鉗子,TRUE,box cutter,duct tape,staple gun,adjustable wrench,tape measure,magnifying glass,,,,
word-catalog-v1,CREATE_DRAFT,,,,,duct tape,duct tape,noun,B2,home-household,膠帶,,,,dʌkt teip,,,,,,TRUE,鋼絲鉗,捲尺,訂書槍,美工刀,膠水,放大鏡,TRUE,tape measure,wire cutter,staple gun,box cutter,row house,nursing home,,,,
word-catalog-v1,CREATE_DRAFT,,,,,plunger,plunger,noun,B2,home-household,皮搋子,,,,'plʌndʒә,,,,,,TRUE,鉗子,鏟子,叉子,工具箱,大錘,螺絲刀,TRUE,crowbar,sledgehammer,ax,pliers,nut,screwdriver,,,,
word-catalog-v1,CREATE_DRAFT,,,,,crowbar,crowbar,noun,B2,home-household,撬棍,,,,'krәjbɑ:(r),,,,,,TRUE,斧頭,皮搋子,大錘,螺母,手推車,銼刀,TRUE,sledgehammer,plunger,ax,shovel,glue,screw,,,,
word-catalog-v1,CREATE_DRAFT,,,,,staple gun,staple gun,noun,B2,home-household,訂書槍,,,,ˈsteipl ɡʌn,,,,,,TRUE,美工刀,鋼絲鉗,膠帶,活動扳手,養老院,殯儀館,TRUE,duct tape,adjustable wrench,box cutter,wire cutter,town hall,funeral home,,,,
word-catalog-v1,CREATE_DRAFT,,,,,box cutter,box cutter,noun,B2,home-household,美工刀,,,,ˈbɑːks ˌkʌt.ɚ,,,,,,TRUE,訂書槍,鋼絲鉗,活動扳手,捲尺,人工智能,銼刀,TRUE,wire cutter,staple gun,adjustable wrench,tape measure,town hall,control panel,,,,
word-catalog-v1,CREATE_DRAFT,,,,,function,function,verb,B2,home-household,運行,,,,'fʌŋkʃәn,,,,,,TRUE,建造,夷平,重建,黑客攻擊,供電,充電,TRUE,construct,level,rebuild,power,boot,update,,,,
word-catalog-v1,CREATE_DRAFT,,,,,adjustable wrench,adjustable wrench,noun,B2,home-household,活動扳手,,,,,,,,,,TRUE,美工刀,訂書槍,捲尺,扳手,手推車,聯排別墅,TRUE,tape measure,box cutter,staple gun,wrench,funeral home,town hall,,,,
word-catalog-v1,CREATE_DRAFT,,,,,tape measure,tape measure,noun,B2,home-household,捲尺,,,,"'teip'meʒə, -'mei-",,,,,,TRUE,膠帶,活動扳手,美工刀,放大鏡,市政廳,空調,TRUE,duct tape,adjustable wrench,box cutter,row house,nursing home,housing development,,,,
word-catalog-v1,CREATE_DRAFT,,,,,sledgehammer,sledgehammer,noun,B2,home-household,大錘,,,,'sledʒ.hæmә,,,,,,TRUE,錘子,斧頭,撬棍,皮搋子,螺栓,墊圈,TRUE,ax,crowbar,plunger,pliers,shovel,chainsaw,,,,
word-catalog-v1,CREATE_DRAFT,,,,,ax,ax,noun,B2,home-household,斧頭,,,,æks,,,,,,TRUE,鑽頭,大錘,撬棍,皮搋子,螺母,木槌,TRUE,sledgehammer,crowbar,plunger,wheelbarrow,hammer,chisel,,,,
word-catalog-v1,CREATE_DRAFT,,,,,account,account,noun,B2,abstract-concepts,描述,,,,ə'kaʊnt,,,,,,FALSE,,,,,,,FALSE,,,,,,,,,,
word-catalog-v1,CREATE_DRAFT,,,,,approve,approve,verb,B2,abstract-concepts,批准,,,,ә'pru:v,,,,,,TRUE,批評,聯想,假設,捍衛,不同,分裂,FALSE,,,,,,,,,,
word-catalog-v1,CREATE_DRAFT,,,,,assess,assess,verb,B2,abstract-concepts,評估,,,,ә'ses,,,,,,TRUE,批評,批准,聯想,假設,強調,推斷,FALSE,,,,,,,,,,
word-catalog-v1,CREATE_DRAFT,,,,,assessment,assessment,noun,B2,abstract-concepts,評估,,,,ә'sesmәnt,,,,,,TRUE,描述,案例,爭議,論壇,分歧,反駁論點,FALSE,,,,,,,,,,
word-catalog-v1,CREATE_DRAFT,,,,,associate,associate,verb,B2,abstract-concepts,聯想,,,,ә'sәuʃieit,,,,,,TRUE,批准,捍衛,不同,批評,強調,欣賞,TRUE,assume,assess,approve,criticize,differ,divide,,,,
word-catalog-v1,CREATE_DRAFT,,,,,assume,assume,verb,B2,abstract-concepts,假設,,,,ә'sju:m,,,,,,TRUE,聯想,批准,分裂,捍衛,持有,強調,FALSE,,,,,,,,,,
word-catalog-v1,CREATE_DRAFT,,,,,case,case,noun,B2,abstract-concepts,案例,,,,keis,,,,,,FALSE,,,,,,,TRUE,controversy,assessment,forum,counterargument,disagreement,incident,,,,
word-catalog-v1,CREATE_DRAFT,,,,,common sense,common sense,noun,B2,abstract-concepts,常識,,,,",kɔmәn'sens",,,,,,TRUE,零點,當然,決策者,毫無疑問,簡而言之,主,TRUE,ground zero,decision maker,no doubt,you bet,in a nutshell,the Lord,,,,
word-catalog-v1,CREATE_DRAFT,,,,,controversy,controversy,noun,B2,abstract-concepts,爭議,,,,'kɒntrәvә:si,,,,,,TRUE,案例,論壇,分歧,推論,事件,評估,TRUE,forum,assessment,counterargument,case,inference,account,,,,
word-catalog-v1,CREATE_DRAFT,,,,,controversial,controversial,adjective,B2,abstract-concepts,有爭議的,,,,.kɒntrә'vә:ʃәl,,,,,,TRUE,一致的,膚淺的,有回報的,有問題的,沒有野心的,有風險的,TRUE,consistent,superficial,rewarding,unambitious,hopeless,life-changing,,,,
word-catalog-v1,CREATE_DRAFT,,,,,consistent,consistent,adjective,B2,abstract-concepts,一致的,,,,kәn'sistәnt,,,,,,TRUE,膚淺的,有爭議的,致命的,有回報的,失敗的,重要的,TRUE,controversial,superficial,rewarding,fatal,unambitious,attempted,,,,
word-catalog-v1,CREATE_DRAFT,,,,,furthermore,furthermore,adverb,B2,abstract-concepts,此外,,,,'fә:ðә'mɒ:,,,,,,TRUE,因此,糟糕地,越來越,代替,不知怎麼地,同樣地,TRUE,badly,consequently,increasingly,significantly,hence,thus,,,,
word-catalog-v1,CREATE_DRAFT,,,,,forum,forum,noun,B2,abstract-concepts,論壇,,,,'fɒ:rәm,,,,,,TRUE,推論,反駁論點,爭議,分歧,事件,弱點,TRUE,disagreement,incident,counterargument,inference,case,weakness,,,,
word-catalog-v1,CREATE_DRAFT,,,,,counterargument,counterargument,noun,B2,abstract-concepts,反駁論點,,,,'kaʊntər'ɑ:ɡjʊmənt,,,,,,TRUE,論壇,推論,分歧,爭議,責任,決心,TRUE,forum,disagreement,incident,inference,account,determination,,,,
word-catalog-v1,CREATE_DRAFT,,,,,disagreement,disagreement,noun,B2,abstract-concepts,分歧,,,,.disә'gri:mәnt,,,,,,TRUE,論壇,案例,爭議,推論,弱點,過錯,TRUE,controversy,counterargument,incident,inference,account,target,,,,
word-catalog-v1,CREATE_DRAFT,,,,,incident,incident,noun,B2,abstract-concepts,事件,,,,'insidәnt,,,,,,TRUE,分歧,論壇,反駁論點,推論,目標,機會,FALSE,,,,,,,,,,
word-catalog-v1,CREATE_DRAFT,,,,,criticize,criticize,verb,B2,abstract-concepts,批評,,,,'kritisaiz,,,,,,TRUE,批准,評估,不同,分裂,捍衛,推斷,FALSE,,,,,,,,,,
word-catalog-v1,CREATE_DRAFT,,,,,defend,defend,verb,B2,abstract-concepts,捍衛,,,,di'fend,,,,,,FALSE,,,,,,,TRUE,emphasize,criticize,differ,divide,infer,appreciate,,,,
word-catalog-v1,CREATE_DRAFT,,,,,differ,differ,verb,B2,abstract-concepts,不同,,,,'difә,,,,,,TRUE,欣賞,分裂,持有,批評,強調,推斷,TRUE,emphasize,divide,criticize,defend,associate,assume,,,,
word-catalog-v1,CREATE_DRAFT,,,,,divide,divide,verb,B2,abstract-concepts,分裂,,,,di'vaid,,,,,,TRUE,不同,欣賞,持有,強調,聯想,假設,TRUE,differ,emphasize,infer,defend,hold,associate,,,,
word-catalog-v1,CREATE_DRAFT,,,,,emphasize,emphasize,verb,B2,abstract-concepts,強調,,,,'emfәsaiz,,,,,,TRUE,推斷,分裂,欣賞,不同,聯想,增強,TRUE,appreciate,infer,divide,hold,defend,assume,,,,
word-catalog-v1,CREATE_DRAFT,,,,,fall out,fall out,phrasal_verb,B2,abstract-concepts,鬧翻,,,,'fɒ:laut,,,,,,TRUE,毫無進展,使失望,積累,渴望,選擇,仔細考慮,TRUE,get nowhere,go nowhere,let down,pick out,account for,build up,,,,
word-catalog-v1,CREATE_DRAFT,,,,,hold,hold,verb,B2,abstract-concepts,持有,,,,hәuld,,,,,,FALSE,,,,,,,TRUE,appreciate,infer,emphasize,assess,associate,approve,,,,
word-catalog-v1,CREATE_DRAFT,,,,,infer,infer,verb,B2,abstract-concepts,推斷,,,,in'fә:,,,,,,TRUE,持有,欣賞,強調,捍衛,評估,解決,TRUE,appreciate,differ,emphasize,hold,assume,assess,,,,
word-catalog-v1,CREATE_DRAFT,,,,,appreciate,appreciate,verb,B2,abstract-concepts,欣賞,,,,ә'pri:ʃieit,,,,,,TRUE,推斷,持有,分裂,不同,假設,奮鬥,TRUE,infer,divide,criticize,hold,associate,approve,,,,
word-catalog-v1,CREATE_DRAFT,,,,,take for granted,take for granted,phrasal_verb,B2,abstract-concepts,不懂珍惜,,,,,,,,,,TRUE,放棄,迴避,忍受,鬧翻,逃脫懲罰,積累,TRUE,give up on,shy away from,put up with,fall out,account for,get nowhere,,,,
word-catalog-v1,CREATE_DRAFT,,,,,inference,inference,noun,B2,abstract-concepts,推論,,,,'infәrәns,,,,,,TRUE,論壇,反駁論點,分歧,事件,責任,過錯,TRUE,disagreement,incident,forum,case,chance,duty,,,,
word-catalog-v1,CREATE_DRAFT,,,,,superficial,superficial,adjective,B2,abstract-concepts,膚淺的,,,,.sju:pә'fiʃәl,,,,,,FALSE,,,,,,,TRUE,consistent,controversial,rewarding,failed,hopeless,significant,,,,
word-catalog-v1,CREATE_DRAFT,,,,,in a nutshell,in a nutshell,noun,B2,abstract-concepts,簡而言之,,,,,,,,,,TRUE,擺脫麻煩,常識,零點,遠離危險,紋章,讓人無從抵賴地,TRUE,off the hook,common sense,in stone,on a razor's edge,dead to rights,coat of arms,,,,
word-catalog-v1,CREATE_DRAFT,,,,,figure,figure,verb,B2,communication-language,估計,,,,'figә,,,,,,TRUE,表揚,認為,推測,反對,站,評論,FALSE,,,,,,,,,,
word-catalog-v1,CREATE_DRAFT,,,,,justify,justify,verb,B2,communication-language,證明……有理,,,,'dʒʌstifai,,,,,,TRUE,表揚,使用手語,估計,認為,推測,堅持,TRUE,object,maintain,figure,oppose,reckon,regard,,,,
word-catalog-v1,CREATE_DRAFT,,,,,in the first place,in the first place,noun,B2,communication-language,首先,,,,,,,,,,TRUE,輿論,主頁,即時通訊,網吧,仇恨郵件,問號,FALSE,,,,,,,,,,
word-catalog-v1,CREATE_DRAFT,,,,,object,object,verb,B2,communication-language,反對,,,,'ɒbdʒekt,,,,,,TRUE,表揚,站,評論,堅持,證明……有理,估計,FALSE,,,,,,,,,,
word-catalog-v1,CREATE_DRAFT,,,,,objective,objective,adjective,B2,communication-language,客觀的,,,,әb'dʒektiv,,,,,,TRUE,主觀的,反對的,被動的,語法的,條件的,直觀的,TRUE,subjective,opposed,busy,passive,possessive,optional,,,,
word-catalog-v1,CREATE_DRAFT,,,,,subjective,subjective,adjective,B2,communication-language,主觀的,,,,sәb'dʒektiv,,,,,,TRUE,客觀的,反對的,主動的,被動的,語法的,尖端的,TRUE,objective,opposed,busy,passive,active,multiple-choice,,,,
word-catalog-v1,CREATE_DRAFT,,,,,maintain,maintain,verb,B2,communication-language,堅持,,,,mein'tein,,,,,,TRUE,表揚,認為,推測,視為,證明……有理,註冊,FALSE,,,,,,,,,,
word-catalog-v1,CREATE_DRAFT,,,,,may,may,modal,B2,communication-language,可能,,,,mei,,,,,,FALSE,,,,,,,FALSE,,,,,,,,,,
word-catalog-v1,CREATE_DRAFT,,,,,oppose,oppose,verb,B2,communication-language,反對,,,,ә'pәuz,,,,,,TRUE,站,表揚,評論,視為,使用手語,加為朋友,FALSE,,,,,,,,,,
word-catalog-v1,CREATE_DRAFT,,,,,opposed,opposed,adjective,B2,communication-language,反對的,,,,ә'pәuzd,,,,,,TRUE,主觀的,客觀的,完成的,被動的,忙,可選的,TRUE,subjective,objective,busy,passive,conditional,electronic,,,,
word-catalog-v1,CREATE_DRAFT,,,,,praise,praise,verb,B2,communication-language,表揚,,,,preiz,,,,,,TRUE,認為,推測,站,堅持,視為,加為朋友,TRUE,remark,reckon,speculate,regard,stand,oppose,,,,
word-catalog-v1,CREATE_DRAFT,,,,,reckon,reckon,verb,B2,communication-language,認為,,,,'rekәn,,,,,,TRUE,視為,評論,推測,表揚,堅持,撥號,FALSE,,,,,,,,,,
word-catalog-v1,CREATE_DRAFT,,,,,regard,regard,verb,B2,communication-language,視為,,,,ri'gɑ:d,,,,,,TRUE,認為,站,評論,使用手語,堅持,稍等,FALSE,,,,,,,,,,
word-catalog-v1,CREATE_DRAFT,,,,,remark,remark,verb,B2,communication-language,評論,,,,ri'mɑ:k,,,,,,TRUE,推測,站,認為,使用手語,證明……有理,撥號,FALSE,,,,,,,,,,
word-catalog-v1,CREATE_DRAFT,,,,,speculate,speculate,verb,B2,communication-language,推測,,,,'spekjuleit,,,,,,TRUE,評論,站,反對,視為,堅持,註冊,FALSE,,,,,,,,,,
word-catalog-v1,CREATE_DRAFT,,,,,speculation,speculation,noun,B2,communication-language,推測,,,,.spekju'leiʃәn,,,,,,TRUE,立場,感知,誤解,觀點,理性,方,FALSE,,,,,,,,,,
word-catalog-v1,CREATE_DRAFT,,,,,stance,stance,noun,B2,communication-language,立場,,,,stæns,,,,,,TRUE,感知,誤解,觀點,聲譽,判斷,證明,TRUE,speculation,perception,misunderstanding,position,reason,reputation,,,,
word-catalog-v1,CREATE_DRAFT,,,,,stand,stand,verb,B2,communication-language,站,,,,stænd,,,,,,TRUE,推測,評論,表揚,使用手語,證明……有理,稍等,TRUE,speculate,remark,praise,regard,sign,maintain,,,,
word-catalog-v1,CREATE_DRAFT,,,,,sum up,sum up,phrasal_verb,B2,communication-language,總結,,,,'sʌmʌp,,,,,,TRUE,轉接,掛斷,打電話,四處打電話,站,推測,FALSE,,,,,,,,,,
word-catalog-v1,CREATE_DRAFT,,,,,misunderstanding,misunderstanding,noun,B2,communication-language,誤解,,,,",mɪsʌndə'stændɪŋ",,,,,,TRUE,感知,立場,觀點,聲譽,推測,附件,FALSE,,,,,,,,,,
word-catalog-v1,CREATE_DRAFT,,,,,perception,perception,noun,B2,communication-language,感知,,,,pә'sepʃәn,,,,,,TRUE,誤解,理性,方,判斷,聲譽,推測,TRUE,stance,side,misunderstanding,position,reason,proof,,,,
word-catalog-v1,CREATE_DRAFT,,,,,position,position,noun,B2,communication-language,觀點,,,,pә'ziʃәn,,,,,,TRUE,感知,理性,方,判斷,證明,標點符號,TRUE,perception,reputation,stance,side,reason,judgment,,,,
word-catalog-v1,CREATE_DRAFT,,,,,proof,proof,noun,B2,communication-language,證明,,,,pru:f,,,,,,FALSE,,,,,,,FALSE,,,,,,,,,,
word-catalog-v1,CREATE_DRAFT,,,,,public opinion,public opinion,noun,B2,communication-language,輿論,,,,ˌpʌb.lɪk əˈpɪn.jən,,,,,,TRUE,主頁,網絡衝浪者,網絡聊天,問號,地址簿,答錄機,TRUE,net surfer,instant messaging,web chat,home page,proper noun,auxiliary verb,,,,
word-catalog-v1,CREATE_DRAFT,,,,,reason,reason,noun,B2,communication-language,理性,,,,'ri:zn,,,,,,TRUE,方,聲譽,判斷,觀點,立場,粉絲,TRUE,reputation,side,perception,position,proof,attachment,,,,
word-catalog-v1,CREATE_DRAFT,,,,,reputation,reputation,noun,B2,communication-language,聲譽,,,,.repju'teiʃәn,,,,,,TRUE,理性,方,判斷,觀點,附件,逗號,TRUE,reason,side,speculation,perception,proof,follower,,,,
word-catalog-v1,CREATE_DRAFT,,,,,side,side,noun,B2,communication-language,方,,,,said,,,,,,TRUE,聲譽,理性,判斷,感知,立場,逗號,TRUE,reputation,reason,misunderstanding,stance,attachment,follower,,,,
word-catalog-v1,CREATE_DRAFT,,,,,while,while,conjunction,B2,communication-language,而,,,,hwail,,,,,,TRUE,然而,和,或,當,那,比,FALSE,,,,,,,,,,
word-catalog-v1,CREATE_DRAFT,,,,,sign,sign,verb,B2,communication-language,使用手語,,,,sain,,,,,,TRUE,站,認為,反對,證明……有理,視為,估計,TRUE,stand,speculate,remark,praise,object,justify,,,,
word-catalog-v1,CREATE_DRAFT,,,,,in opposition to,in opposition to,preposition,B2,communication-language,反對某人或某事,,,,,,,,,,FALSE,,,,,,,FALSE,,,,,,,,,,
word-catalog-v1,CREATE_DRAFT,,,,,likewise,likewise,adverb,B2,communication-language,同樣地,,,,'laikwaiz,,,,,,TRUE,顯著地,糟糕地,此外,深深地,批判地,大膽地,FALSE,,,,,,,,,,
word-catalog-v1,CREATE_DRAFT,,,,,judgment,judgment,noun,B2,communication-language,判斷,,,,'dʒʌdʒmәnt,,,,,,FALSE,,,,,,,TRUE,side,reputation,reason,position,follower,abbreviation,,,,
word-catalog-v1,CREATE_DRAFT,,,,,altar,altar,noun,B2,society-law-politics,祭壇,,,,'ɒ:ltә,,,,,,TRUE,十字架,無神論,基督徒,猶太人,穆斯林,印度教徒,TRUE,cross,atheism,Christian,Hindu,Jew,Muslim,,,,
word-catalog-v1,CREATE_DRAFT,,,,,cross,cross,noun,B2,society-law-politics,十字架,,,,"krɔs,krɔ:s",,,,,,TRUE,無神論,祭壇,基督徒,猶太人,異教徒,天堂,TRUE,altar,atheism,Christian,Hindu,pagan,heaven,,,,
word-catalog-v1,CREATE_DRAFT,,,,,atheism,atheism,noun,B2,society-law-politics,無神論,,,,'eiθiizm,,,,,,TRUE,十字架,基督徒,祭壇,穆斯林,異教徒,地獄,TRUE,cross,altar,Christian,Jew,pagan,hell,,,,
word-catalog-v1,CREATE_DRAFT,,,,,Buddhism,Buddhism,proper_noun,B2,society-law-politics,佛教,,,,'budizm,,,,,,TRUE,基督教,聖經,福音書,參議院,匿名戒酒會,獨立日,TRUE,Christianity,Gospel,Bible,Senate,Black Friday,Mardi Gras,,,,
word-catalog-v1,CREATE_DRAFT,,,,,Christian,Christian,noun,B2,society-law-politics,基督徒,,,,'kristʃәn,,,,,,TRUE,異教徒,印度教徒,無神論,十字架,祭壇,惡習,TRUE,atheism,Hindu,Muslim,altar,sin,vice,,,,
word-catalog-v1,CREATE_DRAFT,,,,,Christianity,Christianity,proper_noun,B2,society-law-politics,基督教,,,,.kristʃi'æniti,,,,,,TRUE,佛教,聖經,福音書,參議院,愚人節,狂歡節,TRUE,Buddhism,Gospel,Bible,Senate,April Fools' Day,St. Patrick's Day,,,,
word-catalog-v1,CREATE_DRAFT,,,,,Hindu,Hindu,noun,B2,society-law-politics,印度教徒,,,,'hindu:,,,,,,TRUE,異教徒,基督徒,教子,教父,教母,猶太人,TRUE,Jew,Muslim,pagan,Christian,heaven,grace,,,,
word-catalog-v1,CREATE_DRAFT,,,,,Jew,Jew,noun,B2,society-law-politics,猶太人,,,,dʒu:,,,,,,TRUE,穆斯林,印度教徒,無神論,天堂,異教徒,地獄,TRUE,Hindu,Muslim,hell,pagan,cross,sin,,,,
word-catalog-v1,CREATE_DRAFT,,,,,Jewish,Jewish,adjective,B2,society-law-politics,猶太的,,,,'dʒu:iʃ,,,,,,TRUE,精神的,虔誠的,平等的,高貴的,軍事的,武裝的,TRUE,spiritual,devout,equal,biased,occupied,bulletproof,,,,
word-catalog-v1,CREATE_DRAFT,,,,,Muslim,Muslim,noun,B2,society-law-politics,穆斯林,,,,'mjzlim; (?@) 'mʌzlem,,,,,,TRUE,猶太人,恩典,驕傲,天堂,惡習,異教徒,TRUE,pride,Jew,heaven,vice,greed,hell,,,,
word-catalog-v1,CREATE_DRAFT,,,,,pagan,pagan,noun,B2,society-law-politics,異教徒,,,,'peigәn,,,,,,TRUE,印度教徒,教子,教父,基督徒,穆斯林,罪,TRUE,grace,lust,sin,pride,envy,Muslim,,,,
word-catalog-v1,CREATE_DRAFT,,,,,the Lord,the Lord,noun,B2,society-law-politics,主,,,,,,,,,,TRUE,酗酒,童工,社會階級,最低工資,戰爭罪,毒販,TRUE,alcohol abuse,child labor,social class,ground-to-air missile,air-to-ground missile,community service,,,,
word-catalog-v1,CREATE_DRAFT,,,,,Bible,Bible,proper_noun,B2,society-law-politics,聖經,,,,'baibl,,,,,,TRUE,福音書,佛教,基督教,匿名戒酒會,共和黨,聖帕特里克節,TRUE,Gospel,Christianity,Buddhism,Senate,Independence Day,Monopoly,,,,
word-catalog-v1,CREATE_DRAFT,,,,,Gospel,Gospel,proper_noun,B2,society-law-politics,福音書,,,,'gɒspәl,,,,,,TRUE,聖經,基督教,佛教,參議院,黑色星期五,聖帕特里克節,TRUE,Bible,Christianity,Buddhism,Alcoholics Anonymous,Black Friday,April Fools' Day,,,,
word-catalog-v1,CREATE_DRAFT,,,,,heaven,heaven,noun,B2,society-law-politics,天堂,,,,'hevn,,,,,,TRUE,貪婪,地獄,恩典,色慾,驕傲,嫉妒,TRUE,vice,greed,laziness,hell,grace,lust,,,,
word-catalog-v1,CREATE_DRAFT,,,,,hell,hell,noun,B2,society-law-politics,地獄,,,,hel,,,,,,TRUE,惡習,罪,貪婪,懶惰,恩典,色慾,TRUE,heaven,sin,pride,envy,vice,laziness,,,,
word-catalog-v1,CREATE_DRAFT,,,,,sin,sin,noun,B2,society-law-politics,罪,,,,sin,,,,,,TRUE,驕傲,嫉妒,地獄,惡習,懶惰,天堂,TRUE,greed,grace,lust,devil,pride,prophet,,,,
word-catalog-v1,CREATE_DRAFT,,,,,vice,vice,noun,B2,society-law-politics,惡習,,,,vais,,,,,,TRUE,貪婪,恩典,色慾,魔鬼,先知,禮拜,TRUE,envy,greed,laziness,service,sin,grace,,,,
word-catalog-v1,CREATE_DRAFT,,,,,grace,grace,noun,B2,society-law-politics,恩典,,,,greis,,,,,,TRUE,驕傲,嫉妒,貪婪,懶惰,罪,魔鬼,TRUE,lust,devil,soul,vice,pride,envy,,,,
word-catalog-v1,CREATE_DRAFT,,,,,pride,pride,noun,B2,society-law-politics,驕傲,,,,praid,,,,,,TRUE,色慾,嫉妒,先知,恩典,懶惰,墳墓,TRUE,prophet,greed,laziness,service,grave,lust,,,,
word-catalog-v1,CREATE_DRAFT,,,,,greed,greed,noun,B2,society-law-politics,貪婪,,,,gri:d,,,,,,TRUE,禮拜,驕傲,色慾,魔鬼,嫉妒,惡習,TRUE,devil,soul,godchild,envy,prophet,laziness,,,,
word-catalog-v1,CREATE_DRAFT,,,,,lust,lust,noun,B2,society-law-politics,色慾,,,,lʌst,,,,,,TRUE,貪婪,先知,懶惰,禮拜,墳墓,驕傲,TRUE,service,grave,godfather,devil,soul,godchild,,,,
word-catalog-v1,CREATE_DRAFT,,,,,envy,envy,noun,B2,society-law-politics,嫉妒,,,,'envi,,,,,,TRUE,魔鬼,先知,色慾,懶惰,教子,教母,FALSE,,,,,,,,,,
word-catalog-v1,CREATE_DRAFT,,,,,laziness,laziness,noun,B2,society-law-politics,懶惰,,,,'leizinis,,,,,,TRUE,禮拜,墳墓,嫉妒,魔鬼,先知,教父,TRUE,godmother,prophet,karma,service,grave,godfather,,,,
word-catalog-v1,CREATE_DRAFT,,,,,confess,confess,verb,B2,society-law-politics,懺悔,,,,kәn'fes,,,,,,TRUE,皈依,原諒,餓死,行進,入侵,招募,TRUE,convert,forgive,strike,starve,march,dominate,,,,
word-catalog-v1,CREATE_DRAFT,,,,,convert,convert,verb,B2,society-law-politics,皈依,,,,kәn'vә:t,,,,,,TRUE,懺悔,原諒,罷工,責備,破壞,行進,TRUE,confess,forgive,strike,blame,invade,recruit,,,,
word-catalog-v1,CREATE_DRAFT,,,,,forgive,forgive,verb,B2,society-law-politics,原諒,,,,fә'giv,,,,,,TRUE,皈依,懺悔,餓死,貢獻,支配,入侵,FALSE,,,,,,,,,,
word-catalog-v1,CREATE_DRAFT,,,,,devil,devil,noun,B2,society-law-politics,魔鬼,,,,'devәl,,,,,,TRUE,禮拜,墳墓,業,教子,教母,先知,TRUE,soul,godchild,godmother,prophet,karma,lust,,,,
word-catalog-v1,CREATE_DRAFT,,,,,prophet,prophet,noun,B2,society-law-politics,先知,,,,'prɒfit,,,,,,TRUE,魔鬼,禮拜,墳墓,業,懶惰,色慾,TRUE,devil,service,grave,godmother,laziness,envy,,,,
word-catalog-v1,CREATE_DRAFT,,,,,service,service,noun,B2,society-law-politics,禮拜,,,,'sɜːvɪs,,,,,,TRUE,教父,教子,教母,墳墓,魔鬼,貪婪,TRUE,godfather,soul,godchild,karma,laziness,greed,,,,
word-catalog-v1,CREATE_DRAFT,,,,,soul,soul,noun,B2,society-law-politics,靈魂,,,,sәul,,,,,,TRUE,教父,業,教子,教母,嫉妒,恩典,FALSE,,,,,,,,,,
word-catalog-v1,CREATE_DRAFT,,,,,spiritual,spiritual,adjective,B2,society-law-politics,精神的,,,,'spiritʃuәl,,,,,,TRUE,虔誠的,猶太的,民用的,高貴的,軍事的,聯邦的,TRUE,devout,Jewish,noble,military,armed,civil,,,,
word-catalog-v1,CREATE_DRAFT,,,,,grave,grave,noun,B2,society-law-politics,墳墓,,,,greiv,,,,,,TRUE,教父,業,教子,禮拜,靈魂,魔鬼,FALSE,,,,,,,,,,
word-catalog-v1,CREATE_DRAFT,,,,,godchild,godchild,noun,B2,society-law-politics,教子,,,,'gɒdtʃaild,,,,,,TRUE,教母,教父,異教徒,印度教徒,墳墓,業,TRUE,godfather,godmother,grave,soul,envy,pride,,,,
word-catalog-v1,CREATE_DRAFT,,,,,devout,devout,adjective,B2,society-law-politics,虔誠的,,,,di'vaut,,,,,,TRUE,精神的,猶太的,武裝的,民用的,總統的,革命的,TRUE,spiritual,Jewish,occupied,bulletproof,noble,military,,,,
word-catalog-v1,CREATE_DRAFT,,,,,godfather,godfather,noun,B2,society-law-politics,教父,,,,'gɒdfɑ:ðә,,,,,,TRUE,教母,教子,異教徒,印度教徒,先知,靈魂,TRUE,karma,godmother,godchild,grave,devil,grace,,,,
word-catalog-v1,CREATE_DRAFT,,,,,godmother,godmother,noun,B2,society-law-politics,教母,,,,ɡɔd ˈmʌðə,,,,,,TRUE,教父,教子,異教徒,印度教徒,禮拜,地獄,TRUE,godfather,karma,godchild,grave,lust,hell,,,,
word-catalog-v1,CREATE_DRAFT,,,,,karma,karma,noun,B2,society-law-politics,業,,,,'kɑ:mә,,,,,,TRUE,教母,教父,墳墓,罪,先知,懶惰,TRUE,godmother,godfather,godchild,service,laziness,vice,,,,
word-catalog-v1,CREATE_DRAFT,,,,,angle,angle,noun,B2,descriptions-qualities,角度,,,,'æŋgl,,,,,,TRUE,三角形,曲線,形狀,矩形,立方體,五邊形,TRUE,curve,form,cube,pentagon,oval,pyramid,,,,
word-catalog-v1,CREATE_DRAFT,,,,,curve,curve,noun,B2,descriptions-qualities,曲線,,,,kә:v,,,,,,TRUE,角度,形狀,球體,橢圓形,立方體,矩形,TRUE,angle,form,cube,pentagon,rectangle,sphere,,,,
word-catalog-v1,CREATE_DRAFT,,,,,form,form,noun,B2,descriptions-qualities,形狀,,,,fɒ:m,,,,,,TRUE,矩形,五邊形,橢圓形,三角形,角度,金字塔,FALSE,,,,,,,,,,
word-catalog-v1,CREATE_DRAFT,,,,,curved,curved,adjective,B2,descriptions-qualities,彎曲的,,,,kɝːvd,,,,,,TRUE,平行的,水平的,成形的,垂直的,尖的,空心的,TRUE,horizontal,shaped,vertical,parallel,hollow,pointed,,,,
word-catalog-v1,CREATE_DRAFT,,,,,horizontal,horizontal,adjective,B2,descriptions-qualities,水平的,,,,.hɒri'zɒntәl,,,,,,TRUE,平行的,彎曲的,成形的,垂直的,陡峭的,淺色的,FALSE,,,,,,,,,,
word-catalog-v1,CREATE_DRAFT,,,,,vertical,vertical,adjective,B2,descriptions-qualities,垂直的,,,,'vә:tikl,,,,,,TRUE,水平的,平行的,彎曲的,成形的,紫色的,血紅色的,TRUE,curved,shaped,horizontal,parallel,steep,light-colored,,,,
word-catalog-v1,CREATE_DRAFT,,,,,parallel,parallel,adjective,B2,descriptions-qualities,平行的,,,,'pærәlel,,,,,,TRUE,水平的,尖的,垂直的,彎曲的,陡峭的,紫色的,TRUE,vertical,shaped,curved,horizontal,blood-red,level,,,,
word-catalog-v1,CREATE_DRAFT,,,,,shaped,shaped,adjective,B2,descriptions-qualities,成形的,,,,ʃeipt,,,,,,TRUE,尖的,平行的,空心的,彎曲的,陡峭的,血紅色的,TRUE,parallel,vertical,hollow,curved,steep,blood-red,,,,
word-catalog-v1,CREATE_DRAFT,,,,,cube,cube,noun,B2,descriptions-qualities,立方體,,,,kju:b,,,,,,TRUE,球體,金字塔,五邊形,橢圓形,曲線,蒼白,TRUE,oval,pyramid,triangle,pentagon,rectangle,sphere,,,,
word-catalog-v1,CREATE_DRAFT,,,,,pentagon,pentagon,noun,B2,descriptions-qualities,五邊形,,,,'pentәgәn,,,,,,TRUE,矩形,形狀,橢圓形,三角形,檸檬黃,蒼白,TRUE,cube,oval,pyramid,triangle,paleness,angle,,,,
word-catalog-v1,CREATE_DRAFT,,,,,oval,oval,noun,B2,descriptions-qualities,橢圓形,,,,'әuvәl,,,,,,TRUE,矩形,形狀,五邊形,金字塔,球體,檸檬黃,TRUE,rectangle,sphere,pentagon,curve,paleness,coffee,,,,
word-catalog-v1,CREATE_DRAFT,,,,,pyramid,pyramid,noun,B2,descriptions-qualities,金字塔,,,,'pirәmid,,,,,,TRUE,立方體,三角形,橢圓形,五邊形,球體,咖啡,TRUE,triangle,oval,rectangle,cube,lemon,form,,,,
word-catalog-v1,CREATE_DRAFT,,,,,rectangle,rectangle,noun,B2,descriptions-qualities,矩形,,,,'rektæŋgl,,,,,,TRUE,形狀,三角形,橢圓形,五邊形,栗色,前者,TRUE,pyramid,sphere,triangle,paleness,coffee,maroon,,,,
word-catalog-v1,CREATE_DRAFT,,,,,sphere,sphere,noun,B2,descriptions-qualities,球體,,,,sfiә,,,,,,TRUE,立方體,蒼白,咖啡,金字塔,矩形,栗色,TRUE,rectangle,triangle,pyramid,lemon,paleness,curve,,,,
word-catalog-v1,CREATE_DRAFT,,,,,triangle,triangle,noun,B2,descriptions-qualities,三角形,,,,'traiæŋgl,,,,,,TRUE,矩形,角度,形狀,五邊形,蒼白,咖啡,TRUE,sphere,coffee,maroon,oval,lemon,rectangle,,,,
word-catalog-v1,CREATE_DRAFT,,,,,hollow,hollow,adjective,B2,descriptions-qualities,空心的,,,,'hɒlәu,,,,,,TRUE,尖的,淺色的,陡峭的,水平的,成形的,血紅色的,TRUE,pointed,steep,light-colored,blood-red,rose,level,,,,
word-catalog-v1,CREATE_DRAFT,,,,,pointed,pointed,adjective,B2,descriptions-qualities,尖的,,,,'pɒintid,,,,,,TRUE,空心的,淺色的,陡峭的,水平的,紫色的,平行的,TRUE,hollow,steep,light-colored,blood-red,shaped,violet,,,,
word-catalog-v1,CREATE_DRAFT,,,,,level,level,adjective,B2,descriptions-qualities,水平的,,,,'levl,,,,,,FALSE,,,,,,,FALSE,,,,,,,,,,
word-catalog-v1,CREATE_DRAFT,,,,,steep,steep,adjective,B2,descriptions-qualities,陡峭的,,,,sti:p,,,,,,TRUE,尖的,空心的,淺色的,紫色的,成形的,粉紅色的,TRUE,pointed,hollow,light-colored,rose,shaped,curved,,,,
word-catalog-v1,CREATE_DRAFT,,,,,paleness,paleness,noun,B2,descriptions-qualities,蒼白,,,,'peilnis,,,,,,TRUE,咖啡,栗色,檸檬黃,球體,三角形,金字塔,TRUE,coffee,maroon,lemon,triangle,pentagon,cube,,,,
word-catalog-v1,CREATE_DRAFT,,,,,dye,dye,verb,B2,descriptions-qualities,染,,,,dai,,,,,,FALSE,,,,,,,TRUE,amaze,regret,adore,woo,propose,paleness,,,,
word-catalog-v1,CREATE_DRAFT,,,,,light-colored,light-colored,adjective,B2,descriptions-qualities,淺色的,,,,'laɪt'kʌləd,,,,,,TRUE,紫色的,血紅色的,粉紅色的,尖的,陡峭的,盲的,FALSE,,,,,,,,,,
word-catalog-v1,CREATE_DRAFT,,,,,blood-red,blood-red,adjective,B2,descriptions-qualities,血紅色的,,,,b'lʌdred,,,,,,TRUE,粉紅色的,淺色的,紫色的,陡峭的,垂直的,寬的,TRUE,rose,light-colored,pointed,parallel,vertical,violet,,,,
word-catalog-v1,CREATE_DRAFT,,,,,coffee,coffee,noun,B2,descriptions-qualities,咖啡,,,,'kɒfi,,,,,,TRUE,栗色,檸檬黃,蒼白,球體,曲線,立方體,TRUE,maroon,lemon,paleness,sphere,pentagon,angle,,,,
word-catalog-v1,CREATE_DRAFT,,,,,lemon,lemon,noun,B2,descriptions-qualities,檸檬黃,,,,'lemәn,,,,,,TRUE,咖啡,栗色,蒼白,三角形,橢圓形,曲線,TRUE,coffee,maroon,paleness,oval,cube,form,,,,
word-catalog-v1,CREATE_DRAFT,,,,,navy blue,navy blue,noun,B2,descriptions-qualities,海軍藍,,,,ˈneɪ·vi (ˈblu),,,,,,TRUE,另一半,心碎,人生伴侶,風流韻事,養眼的東西,少男少女的愛戀,TRUE,other half,better half,significant other,broken heart,eye candy,love affair,,,,
word-catalog-v1,CREATE_DRAFT,,,,,maroon,maroon,noun,B2,descriptions-qualities,栗色,,,,mә'ru:n,,,,,,TRUE,咖啡,檸檬黃,蒼白,球體,矩形,前者,TRUE,lemon,coffee,paleness,triangle,oval,former,,,,
word-catalog-v1,CREATE_DRAFT,,,,,violet,violet,adjective,B2,descriptions-qualities,紫色的,,,,'vaiәlit,,,,,,FALSE,,,,,,,TRUE,rose,blood-red,light-colored,hollow,horizontal,parallel,,,,
word-catalog-v1,CREATE_DRAFT,,,,,rose,rose,adjective,B2,descriptions-qualities,粉紅色的,,,,rәuz,,,,,,TRUE,血紅色的,紫色的,淺色的,空心的,垂直的,彎曲的,TRUE,blood-red,steep,pointed,hollow,horizontal,absolute,,,,
word-catalog-v1,CREATE_DRAFT,,,,,budget,budget,adjective,B2,travel-transport,經濟的,,,,'bʌdʒit,,,,,,FALSE,,,,,,,FALSE,,,,,,,,,,
word-catalog-v1,CREATE_DRAFT,,,,,resort,resort,noun,B2,travel-transport,度假村,,,,ri'zɒ:t,,,,,,TRUE,度假者,休息室,住宿,電子票,住客,短途旅行,TRUE,lodging,lounge,resident,E-ticket,vacationer,excursion,,,,
word-catalog-v1,CREATE_DRAFT,,,,,lodging,lodging,noun,B2,travel-transport,住宿,,,,'lɒdʒiŋ,,,,,,TRUE,住客,度假村,休息室,機艙,電子票,終點站,FALSE,,,,,,,,,,
word-catalog-v1,CREATE_DRAFT,,,,,lounge,lounge,noun,B2,travel-transport,休息室,,,,laundʒ,,,,,,TRUE,度假村,住宿,度假者,電子票,機艙,大篷車,TRUE,resort,lodging,resident,E-ticket,cabin,terminal,,,,
word-catalog-v1,CREATE_DRAFT,,,,,resident,resident,noun,B2,travel-transport,住客,,,,'rezidәnt,,,,,,TRUE,住宿,休息室,度假村,度假者,終點站,隔間,TRUE,lounge,resort,vacationer,lodging,cabin,caravan,,,,
word-catalog-v1,CREATE_DRAFT,,,,,room service,room service,noun,B2,travel-transport,客房服務,,,,ˈruːm ˌsɝː.vɪs,,,,,,TRUE,包價旅遊,旅行社,機組人員,時差反應,行李領取處,鐵路道口,TRUE,travel agency,package tour,cabin crew,baggage claim,jet lag,main line,,,,
word-catalog-v1,CREATE_DRAFT,,,,,travel agency,travel agency,noun,B2,travel-transport,旅行社,,,,ˈtræv.əl ˌeɪ.dʒən.si,,,,,,TRUE,包價旅遊,行李領取處,客房服務,機組人員,禮品店,熱氣球,TRUE,room service,package tour,cabin crew,baggage claim,rest stop,railroad crossing,,,,
word-catalog-v1,CREATE_DRAFT,,,,,E-ticket,E-ticket,noun,B2,travel-transport,電子票,,,,ˈiːˌtɪk.ɪt,,,,,,TRUE,短途旅行,度假者,休息室,度假村,機艙,運輸,TRUE,excursion,vacationer,resident,resort,cabin,compartment,,,,
word-catalog-v1,CREATE_DRAFT,,,,,vacationer,vacationer,noun,B2,travel-transport,度假者,,,,"vә'keiʃənә(r),vei-",,,,,,TRUE,度假村,電子票,短途旅行,住客,大篷車,隔間,TRUE,E-ticket,excursion,lounge,terminal,cabin,caravan,,,,
word-catalog-v1,CREATE_DRAFT,,,,,excursion,excursion,noun,B2,travel-transport,短途旅行,,,,ik'skә:ʒәn,,,,,,TRUE,度假者,電子票,終點站,機艙,隔間,運輸,TRUE,vacationer,E-ticket,resident,terminal,compartment,caravan,,,,
word-catalog-v1,CREATE_DRAFT,,,,,package tour,package tour,noun,B2,travel-transport,包價旅遊,,,,ˈpæk.ɪdʒ ˌtʊr,,,,,,TRUE,旅行社,客房服務,機組人員,時差反應,主線,休息區,TRUE,jet lag,travel agency,cabin crew,room service,gift shop,rest stop,,,,
word-catalog-v1,CREATE_DRAFT,,,,,get away,get away,phrasal_verb,B2,travel-transport,離開,,,,'ɡetəw'eɪ,,,,,,FALSE,,,,,,,FALSE,,,,,,,,,,
word-catalog-v1,CREATE_DRAFT,,,,,trek,trek,verb,B2,travel-transport,徒步旅行,,,,trek,,,,,,TRUE,航行,巡航,延遲,加燃料,減慢,建造,FALSE,,,,,,,,,,
word-catalog-v1,CREATE_DRAFT,,,,,cabin,cabin,noun,B2,travel-transport,機艙,,,,'kæbin,,,,,,TRUE,終點站,住客,大篷車,住宿,隔間,運輸,TRUE,excursion,terminal,vacationer,compartment,lounge,transportation,,,,
word-catalog-v1,CREATE_DRAFT,,,,,cabin crew,cabin crew,noun,B2,travel-transport,機組人員,,,,ˈkæbin kru:,,,,,,TRUE,包價旅遊,時差反應,行李領取處,客房服務,主線,機動車輛,TRUE,baggage claim,main line,jet lag,railroad crossing,gift shop,hot-air balloon,,,,
word-catalog-v1,CREATE_DRAFT,,,,,baggage claim,baggage claim,noun,B2,travel-transport,行李領取處,,,,ˈbæɡidʒ kleim,,,,,,TRUE,旅行社,機組人員,時差反應,禮品店,熱氣球,擋風玻璃雨刷,TRUE,main line,cabin crew,jet lag,rest stop,railroad crossing,driving school,,,,
word-catalog-v1,CREATE_DRAFT,,,,,jet lag,jet lag,noun,B2,travel-transport,時差反應,,,,dʒet læɡ,,,,,,TRUE,鐵路道口,機組人員,行李領取處,休息區,客房服務,高峰時間,TRUE,baggage claim,main line,cabin crew,gift shop,rest stop,motor vehicle,,,,
word-catalog-v1,CREATE_DRAFT,,,,,terminal,terminal,noun,B2,travel-transport,終點站,,,,'tә:minәl,,,,,,TRUE,大篷車,機艙,短途旅行,隔間,度假者,交叉點,TRUE,caravan,cabin,compartment,transportation,excursion,lodging,,,,
word-catalog-v1,CREATE_DRAFT,,,,,main line,main line,noun,B2,travel-transport,主線,,,,ˌmeɪn ˈlaɪn,,,,,,TRUE,禮品店,熱氣球,休息區,鐵路道口,時差反應,包價旅遊,TRUE,jet lag,baggage claim,hot-air balloon,package tour,rest stop,emergency brake,,,,
word-catalog-v1,CREATE_DRAFT,,,,,cruise,cruise,verb,B2,travel-transport,巡航,,,,kru:z,,,,,,TRUE,航行,延遲,徒步旅行,導航,夷平,重建,TRUE,delay,trek,navigate,exit,brake,construct,,,,
word-catalog-v1,CREATE_DRAFT,,,,,delay,delay,verb,B2,travel-transport,延遲,,,,di'lei,,,,,,TRUE,巡航,徒步旅行,航行,剎車,離開,加燃料,TRUE,cruise,trek,navigate,exit,rebuild,level,,,,
word-catalog-v1,CREATE_DRAFT,,,,,navigate,navigate,verb,B2,travel-transport,航行,,,,'nævigeit,,,,,,FALSE,,,,,,,FALSE,,,,,,,,,,
word-catalog-v1,CREATE_DRAFT,,,,,caravan,caravan,noun,B2,travel-transport,大篷車,,,,'kærәvæn,,,,,,TRUE,終點站,隔間,運輸,短途旅行,休息室,車牌,TRUE,compartment,terminal,transportation,cabin,E-ticket,bumper,,,,
word-catalog-v1,CREATE_DRAFT,,,,,railroad crossing,railroad crossing,noun,B2,travel-transport,鐵路道口,,,,ˈreɪl.roʊd ˌkrɑː.sɪŋ,,,,,,TRUE,禮品店,熱氣球,休息區,機組人員,主線,路怒症,TRUE,gift shop,hot-air balloon,rest stop,main line,package tour,travel agency,,,,
word-catalog-v1,CREATE_DRAFT,,,,,compartment,compartment,noun,B2,travel-transport,隔間,,,,kәm'pɑ:tmәnt,,,,,,TRUE,大篷車,運輸,機艙,終點站,短途旅行,油箱,TRUE,caravan,transportation,terminal,cabin,vacationer,plate,,,,
word-catalog-v1,CREATE_DRAFT,,,,,rest stop,rest stop,noun,B2,travel-transport,休息區,,,,rest stɔp,,,,,,TRUE,禮品店,熱氣球,鐵路道口,主線,行李領取處,旅行社,TRUE,gift shop,railroad crossing,hot-air balloon,cabin crew,room service,turn signal,,,,
word-catalog-v1,CREATE_DRAFT,,,,,gift shop,gift shop,noun,B2,travel-transport,禮品店,,,,ˈɡɪft ˌʃɑːp,,,,,,TRUE,休息區,熱氣球,鐵路道口,主線,客房服務,車牌號,TRUE,hot-air balloon,railroad crossing,rest stop,main line,room service,windshield wiper,,,,
word-catalog-v1,CREATE_DRAFT,,,,,hot-air balloon,hot-air balloon,noun,B2,travel-transport,熱氣球,,,,hɔt eə(r) bəˈlu:n,,,,,,TRUE,禮品店,休息區,鐵路道口,主線,方向盤,駕駛學校,TRUE,gift shop,railroad crossing,rest stop,jet lag,package tour,steering wheel,,,,
word-catalog-v1,CREATE_DRAFT,,,,,April Fools' Day,April Fools' Day,proper_noun,B2,travel-transport,愚人節,,,,,,,,,,TRUE,聖帕特里克節,狂歡節,獨立日,黑色星期五,聖經,福音書,TRUE,St. Patrick's Day,Independence Day,Mardi Gras,Black Friday,Gospel,Christianity,,,,
word-catalog-v1,CREATE_DRAFT,,,,,Independence Day,Independence Day,proper_noun,B2,travel-transport,獨立日,,,,ɪn.dɪˈpen.dəns ˌdeɪ,,,,,,TRUE,狂歡節,黑色星期五,愚人節,聖帕特里克節,基督教,佛教,TRUE,Mardi Gras,Black Friday,April Fools' Day,St. Patrick's Day,Bible,Buddhism,,,,
word-catalog-v1,CREATE_DRAFT,,,,,St. Patrick's Day,St. Patrick's Day,proper_noun,B2,travel-transport,聖帕特里克節,,,,,,,,,,TRUE,愚人節,狂歡節,黑色星期五,獨立日,拼字遊戲,大富翁,TRUE,April Fools' Day,Independence Day,Mardi Gras,Black Friday,Monopoly,Scrabble,,,,
word-catalog-v1,CREATE_DRAFT,,,,,Black Friday,Black Friday,proper_noun,B2,travel-transport,黑色星期五,,,,ˌblæk ˈfraɪ.deɪ,,,,,,TRUE,獨立日,狂歡節,聖帕特里克節,愚人節,金星,天王星,TRUE,Mardi Gras,Independence Day,St. Patrick's Day,April Fools' Day,Alcoholics Anonymous,Prince Charming,,,,
word-catalog-v1,CREATE_DRAFT,,,,,Mardi Gras,Mardi Gras,proper_noun,B2,travel-transport,狂歡節,,,,'mɑ:di:'^rɑ:,,,,,,TRUE,獨立日,黑色星期五,愚人節,聖帕特里克節,匿名戒酒會,中世紀,TRUE,Black Friday,Independence Day,St. Patrick's Day,April Fools' Day,Venus,Conservative Party,,,,
word-catalog-v1,CREATE_DRAFT,,,,,transportation,transportation,noun,B2,travel-transport,運輸,,,,.trænspә'teiʃәn,,,,,,TRUE,隔間,大篷車,機艙,終點站,休息室,保險槓,FALSE,,,,,,,,,,
word-catalog-v1,CREATE_DRAFT,,,,,act,act,noun,B2,arts-culture-media,幕,,,,ækt,,,,,,TRUE,開幕,字幕,大片,芭蕾舞,重播,放映,TRUE,ballet,blockbuster,rerun,screening,cinephile,clip,,,,
word-catalog-v1,CREATE_DRAFT,,,,,adapt,adapt,verb,B2,arts-culture-media,改編,,,,ә'dæpt,,,,,,TRUE,投影,出現,放映,拍攝,上演,選擇,TRUE,appear,cast,project,shoot,stage,rehearse,,,,
word-catalog-v1,CREATE_DRAFT,,,,,ballet,ballet,noun,B2,arts-culture-media,芭蕾舞,,,,'bælei,,,,,,TRUE,大片,幕,重播,片段,放映,提示,TRUE,act,blockbuster,rerun,screening,cue,double,,,,
word-catalog-v1,CREATE_DRAFT,,,,,blockbuster,blockbuster,noun,B2,arts-culture-media,大片,,,,'blɒkbʌstә,,,,,,TRUE,片段,芭蕾舞,幕,重播,替身,特技,TRUE,ballet,act,rerun,screening,stunt,screenwriter,,,,
word-catalog-v1,CREATE_DRAFT,,,,,box office,box office,noun,B2,arts-culture-media,票房,,,,ˈbɑːks ˌɑː.fɪs,,,,,,TRUE,演藝界,燈光工程師,音效,造風機,主題,巫毒娃娃,TRUE,lighting engineer,show business,sound effect,wind machine,subject matter,oil paint,,,,
word-catalog-v1,CREATE_DRAFT,,,,,appear,appear,verb,B2,arts-culture-media,出現,,,,ә'piә,,,,,,TRUE,投影,改編,拍攝,上演,排練,展出,FALSE,,,,,,,,,,
word-catalog-v1,CREATE_DRAFT,,,,,cast,cast,verb,B2,arts-culture-media,選擇,,,,kɑ:st. kæst,,,,,,TRUE,出現,投影,放映,改編,排練,修復,FALSE,,,,,,,,,,
word-catalog-v1,CREATE_DRAFT,,,,,project,project,verb,B2,arts-culture-media,投影,,,,'prɒdʒekt,,,,,,TRUE,拍攝,出現,上演,改編,投稿,作曲,TRUE,cast,appear,shoot,adapt,screen,compose,,,,
word-catalog-v1,CREATE_DRAFT,,,,,screen,screen,verb,B2,arts-culture-media,放映,,,,skri:n,,,,,,FALSE,,,,,,,FALSE,,,,,,,,,,
word-catalog-v1,CREATE_DRAFT,,,,,rerun,rerun,noun,B2,arts-culture-media,重播,,,,'reɪr'ʌn,,,,,,TRUE,提示,替身,編劇,大片,片段,特技,TRUE,cinephile,clip,screening,cue,double,stunt,,,,
word-catalog-v1,CREATE_DRAFT,,,,,screening,screening,noun,B2,arts-culture-media,放映,,,,'skri:niŋ,,,,,,TRUE,重播,提示,預覽,替身,編劇,開幕,FALSE,,,,,,,,,,
word-catalog-v1,CREATE_DRAFT,,,,,shoot,shoot,verb,B2,arts-culture-media,拍攝,,,,ʃu:t,,,,,,TRUE,上演,投影,放映,排練,描繪,展示,FALSE,,,,,,,,,,
word-catalog-v1,CREATE_DRAFT,,,,,stage,stage,verb,B2,arts-culture-media,上演,,,,steidʒ,,,,,,TRUE,拍攝,投影,放映,排練,裝框,建模,TRUE,shoot,project,cast,adapt,release,display,,,,
word-catalog-v1,CREATE_DRAFT,,,,,cinephile,cinephile,noun,B2,arts-culture-media,電影愛好者,,,,'sinifail,,,,,,TRUE,片段,特技,提示,預覽,芭蕾舞,製作,TRUE,clip,opening,cue,preview,double,screenwriter,,,,
word-catalog-v1,CREATE_DRAFT,,,,,animated,animated,adjective,B2,arts-culture-media,動畫的,,,,'ænimeitid,,,,,,TRUE,傳說的,原創的,當代的,視覺的,相關的,震耳欲聾的,TRUE,deafening,fabled,relevant,abstract,realistic,opposed,,,,
word-catalog-v1,CREATE_DRAFT,,,,,clip,clip,noun,B2,arts-culture-media,片段,,,,klip,,,,,,TRUE,大片,替身,編劇,開幕,劇本,製作,TRUE,cinephile,production,stunt,opening,rehearsal,cue,,,,
word-catalog-v1,CREATE_DRAFT,,,,,cue,cue,noun,B2,arts-culture-media,提示,,,,kju:,,,,,,TRUE,特技,預覽,片段,替身,開幕,劇本,TRUE,preview,clip,double,production,stunt,rehearsal,,,,
word-catalog-v1,CREATE_DRAFT,,,,,double,double,noun,B2,arts-culture-media,替身,,,,'dʌb(ə)l,,,,,,TRUE,編劇,提示,特技,預覽,字幕,劇本,TRUE,screenwriter,opening,scenario,preview,subtitle,production,,,,
word-catalog-v1,CREATE_DRAFT,,,,,stunt,stunt,noun,B2,arts-culture-media,特技,,,,stʌnt,,,,,,TRUE,編劇,製作,開幕,預覽,字幕,電影愛好者,TRUE,screenwriter,opening,rehearsal,scenario,double,cinephile,,,,
word-catalog-v1,CREATE_DRAFT,,,,,lighting engineer,lighting engineer,noun,B2,arts-culture-media,燈光工程師,,,,ˈlaɪtɪŋ ˌendʒiˈniə,,,,,,TRUE,演藝界,造風機,票房,音效,平面藝術家,朋克搖滾,TRUE,show business,box office,sound effect,wind machine,talk show,graphic artist,,,,
word-catalog-v1,CREATE_DRAFT,,,,,screenwriter,screenwriter,noun,B2,arts-culture-media,編劇,,,,'skri:nraitә,,,,,,TRUE,劇本,製作,開幕,排練,特技,字幕,FALSE,,,,,,,,,,
word-catalog-v1,CREATE_DRAFT,,,,,opening,opening,noun,B2,arts-culture-media,開幕,開場,,,'әupәniŋ,,,,,,TRUE,幕,字幕,編劇,預覽,排練,替身,TRUE,preview,subtitle,production,rehearsal,cue,rerun,,,,
word-catalog-v1,CREATE_DRAFT,,,,,preview,preview,noun,B2,arts-culture-media,預覽,,,,'pri:vju:,,,,,,TRUE,製作,劇本,開幕,提示,片段,電影愛好者,TRUE,scenario,subtitle,opening,rehearsal,stunt,clip,,,,
word-catalog-v1,CREATE_DRAFT,,,,,production,production,noun,B2,arts-culture-media,製作,,,,prә'dʌkʃәn,,,,,,TRUE,預覽,排練,劇本,字幕,片段,重播,FALSE,,,,,,,,,,
word-catalog-v1,CREATE_DRAFT,,,,,rehearsal,rehearsal,noun,B2,arts-culture-media,排練,,,,ri'hә:sl,,,,,,TRUE,製作,劇本,編劇,字幕,片段,放映,FALSE,,,,,,,,,,
word-catalog-v1,CREATE_DRAFT,,,,,rehearse,rehearse,verb,B2,arts-culture-media,排練,,,,ri'hә:s,,,,,,TRUE,上演,拍攝,出現,修復,指揮,描繪,FALSE,,,,,,,,,,
word-catalog-v1,CREATE_DRAFT,,,,,show business,show business,noun,B2,arts-culture-media,演藝界,,,,ˈʃoʊ ˌbɪz.nɪs,,,,,,TRUE,造風機,音效,燈光工程師,票房,唱片機,牙仙子,TRUE,sound effect,wind machine,lighting engineer,box office,voodoo doll,sound system,,,,
word-catalog-v1,CREATE_DRAFT,,,,,scenario,scenario,noun,B2,arts-culture-media,劇本,,,,si'nɑ:riәu,,,,,,TRUE,編劇,字幕,排練,製作,提示,重播,FALSE,,,,,,,,,,
word-catalog-v1,CREATE_DRAFT,,,,,subtitle,subtitle,noun,B2,arts-culture-media,字幕,,,,'sʌb.taitl,,,,,,TRUE,幕,開幕,劇本,預覽,排練,提示,TRUE,scenario,production,preview,rehearsal,cinephile,screening,,,,
word-catalog-v1,CREATE_DRAFT,,,,,sound effect,sound effect,noun,B2,arts-culture-media,音效,,,,saund iˈfekt,,,,,,TRUE,演藝界,造風機,燈光工程師,票房,低音吉他,鄉村音樂,TRUE,show business,wind machine,lighting engineer,box office,tooth fairy,bass guitar,,,,
word-catalog-v1,CREATE_DRAFT,,,,,wind machine,wind machine,noun,B2,arts-culture-media,造風機,,,,ˈwɪnd məʃiːn,,,,,,TRUE,演藝界,音效,燈光工程師,票房,油畫顏料,通訊社,TRUE,sound effect,show business,lighting engineer,box office,grand piano,record player,,,,
word-catalog-v1,CREATE_DRAFT,,,,,account for,account for,phrasal_verb,B2,abstract-concepts,解釋,,,,,,,,,,TRUE,積累,挑選,選擇,向……求助,仔細考慮,鬧翻,FALSE,,,,,,,,,,
word-catalog-v1,CREATE_DRAFT,,,,,alter,alter,verb,B2,abstract-concepts,改變,,,,'ɒ:ltә,,,,,,TRUE,修改,增加,延長,拉直,增強,增長,FALSE,,,,,,,,,,
word-catalog-v1,CREATE_DRAFT,,,,,arise,arise,verb,B2,abstract-concepts,出現,,,,ә'raiz,,,,,,TRUE,改變,增加,延長,拉直,降低,上升,FALSE,,,,,,,,,,
word-catalog-v1,CREATE_DRAFT,,,,,boost,boost,verb,B2,abstract-concepts,增加,,,,bu:st,,,,,,TRUE,增強,增長,改變,延長,降低,觸發,FALSE,,,,,,,,,,
word-catalog-v1,CREATE_DRAFT,,,,,build up,build up,phrasal_verb,B2,abstract-concepts,積累,,,,'bildʌp,,,,,,TRUE,解釋,挑選,選擇,向……求助,渴望,檢查,TRUE,account for,go for,think over,turn to,pick out,die for,,,,
word-catalog-v1,CREATE_DRAFT,,,,,climb,climb,verb,B2,abstract-concepts,增加,,,,klaim,,,,,,TRUE,增強,增長,改變,拉直,上升,出現,FALSE,,,,,,,,,,
word-catalog-v1,CREATE_DRAFT,,,,,contribution,contribution,noun,B2,abstract-concepts,貢獻,,,,.kɒntri'bju:ʃәn,,,,,,TRUE,擴張,含義,手段,結果,減少,根源,FALSE,,,,,,,,,,
word-catalog-v1,CREATE_DRAFT,,,,,decline,decline,verb,B2,abstract-concepts,下降,,,,di'klain,,,,,,TRUE,降低,增加,修改,延長,觸發,出現,FALSE,,,,,,,,,,
word-catalog-v1,CREATE_DRAFT,,,,,enhance,enhance,verb,B2,abstract-concepts,增強,,,,in'hæns,,,,,,TRUE,增加,增長,拉直,上升,觸發,下降,TRUE,decline,extend,straighten,climb,jump,boost,,,,
word-catalog-v1,CREATE_DRAFT,,,,,extend,extend,verb,B2,abstract-concepts,延長,,,,ik'stend,,,,,,TRUE,增長,修改,增強,降低,上升,下降,TRUE,enhance,straighten,lower,decline,modify,jump,,,,
word-catalog-v1,CREATE_DRAFT,,,,,straighten,straighten,verb,B2,abstract-concepts,拉直,,,,'streitn,,,,,,TRUE,延長,修改,降低,增長,激勵,跳躍,TRUE,extend,enhance,mount,lower,trigger,gain,,,,
word-catalog-v1,CREATE_DRAFT,,,,,gain,gain,verb,B2,abstract-concepts,增長,,,,gein,,,,,,FALSE,,,,,,,FALSE,,,,,,,,,,
word-catalog-v1,CREATE_DRAFT,,,,,jump,jump,verb,B2,abstract-concepts,跳躍,,,,dʒʌmp,,,,,,TRUE,觸發,拉直,修改,上升,降低,激勵,FALSE,,,,,,,,,,
word-catalog-v1,CREATE_DRAFT,,,,,lower,lower,verb,B2,abstract-concepts,降低,,,,'lәuә,,,,,,TRUE,下降,觸發,修改,上升,延長,改變,TRUE,modify,mount,trigger,jump,straighten,extend,,,,
word-catalog-v1,CREATE_DRAFT,,,,,modify,modify,verb,B2,abstract-concepts,修改,,,,'mɒdifai,,,,,,TRUE,改變,觸發,降低,上升,跳躍,出現,TRUE,lower,mount,trigger,jump,climb,arise,,,,
word-catalog-v1,CREATE_DRAFT,,,,,mount,mount,verb,B2,abstract-concepts,上升,,,,maunt,,,,,,TRUE,修改,觸發,拉直,增長,改變,跳躍,FALSE,,,,,,,,,,
word-catalog-v1,CREATE_DRAFT,,,,,trigger,trigger,verb,B2,abstract-concepts,觸發,,,,'trigә,,,,,,TRUE,上升,激勵,修改,增強,增加,改變,TRUE,modify,mount,lower,gain,straighten,alter,,,,
word-catalog-v1,CREATE_DRAFT,,,,,expansion,expansion,noun,B2,abstract-concepts,擴張,,,,ik'spænʃәn,,,,,,TRUE,含義,手段,結果,貢獻,最愛,偏好,TRUE,implication,means,outcome,reduction,contribution,root,,,,
word-catalog-v1,CREATE_DRAFT,,,,,implication,implication,noun,B2,abstract-concepts,含義,,,,.impli'keiʃәn,,,,,,TRUE,擴張,減少,手段,貢獻,最愛,品味,TRUE,expansion,means,outcome,reduction,favorite,dislike,,,,
word-catalog-v1,CREATE_DRAFT,,,,,means,means,noun,B2,abstract-concepts,手段,,,,mi:nz,,,,,,TRUE,根源,含義,結果,貢獻,不喜歡,標準,TRUE,implication,expansion,outcome,reduction,preference,resolution,,,,
word-catalog-v1,CREATE_DRAFT,,,,,outcome,outcome,noun,B2,abstract-concepts,結果,,,,'aʊtkʌm,,,,,,TRUE,減少,根源,擴張,貢獻,偏好,喜歡,FALSE,,,,,,,,,,
word-catalog-v1,CREATE_DRAFT,,,,,reduction,reduction,noun,B2,abstract-concepts,減少,,,,ri'dʌkʃәn,,,,,,TRUE,結果,根源,手段,貢獻,品味,喜歡,FALSE,,,,,,,,,,
word-catalog-v1,CREATE_DRAFT,,,,,root,root,noun,B2,abstract-concepts,根源,,,,ru:t,,,,,,FALSE,,,,,,,TRUE,means,reduction,implication,expansion,taste,criteria,,,,
word-catalog-v1,CREATE_DRAFT,,,,,consequently,consequently,adverb,B2,abstract-concepts,因此,所以,,,'kɒnsikwәntli,,,,,,TRUE,越來越,顯著地,或者,代替,同樣地,大約,FALSE,,,,,,,,,,
word-catalog-v1,CREATE_DRAFT,,,,,increasingly,increasingly,adverb,B2,abstract-concepts,越來越,,,,in'kri:siŋli,,,,,,TRUE,因此,顯著地,或者,代替,不知怎麼地,基本上,TRUE,consequently,significantly,hence,instead,alternatively,legally,,,,
word-catalog-v1,CREATE_DRAFT,,,,,life-changing,life-changing,adjective,B2,abstract-concepts,改變生活的,,,,ˈlaɪfˌtʃeɪn.dʒɪŋ,,,,,,TRUE,重要的,膚淺的,一致的,有爭議的,人造的,很可能發生,TRUE,significant,superficial,consistent,controversial,plastic,adventurous,,,,
word-catalog-v1,CREATE_DRAFT,,,,,significant,significant,adjective,B2,abstract-concepts,重要的,,,,sig'nifikәnt,,,,,,TRUE,改變生活的,嚴重的,膚淺的,不尊重的,一致的,有爭議的,FALSE,,,,,,,,,,
word-catalog-v1,CREATE_DRAFT,,,,,significantly,significantly,adverb,B2,abstract-concepts,顯著地,,,,sɪɡˈnɪf.ə.kənt.li,,,,,,TRUE,越來越,因此,或者,代替,合法地,顯然,TRUE,increasingly,thus,hence,instead,alternatively,likewise,,,,
word-catalog-v1,CREATE_DRAFT,,,,,following,following,preposition,B2,abstract-concepts,之後,,,,'fɒlәuiŋ,,,,,,TRUE,更遠,後面,在……之內,在……之中,在...之前,在...之間,FALSE,,,,,,,,,,
word-catalog-v1,CREATE_DRAFT,,,,,hence,hence,adverb,B2,abstract-concepts,因此,,,,hens,,,,,,TRUE,顯著地,越來越,或者,不知怎麼地,別處,旁邊,FALSE,,,,,,,,,,
word-catalog-v1,CREATE_DRAFT,,,,,thus,thus,adverb,B2,abstract-concepts,因此,,,,ðʌs,,,,,,TRUE,顯著地,越來越,或者,合法地,完全,偶爾,FALSE,,,,,,,,,,
word-catalog-v1,CREATE_DRAFT,,,,,inspire,inspire,verb,B2,abstract-concepts,激勵,,,,in'spaiә,,,,,,FALSE,,,,,,,TRUE,trigger,modify,mount,enhance,decline,boost,,,,
word-catalog-v1,CREATE_DRAFT,,,,,ground zero,ground zero,noun,B2,abstract-concepts,零點,,,,ɡraund ˈziərəu,,,,,,TRUE,決策者,常識,當然,簡而言之,空軍,核潛艇,TRUE,decision maker,common sense,no doubt,you bet,ground-to-air missile,air-to-ground missile,,,,
word-catalog-v1,CREATE_DRAFT,,,,,flash,flash,verb,B2,nature-weather,閃爍,,,,flæʃ,,,,,,TRUE,套,挖,裝載,養,收穫,連根拔起,TRUE,dig,harness,harvest,keep,pile,uproot,,,,
word-catalog-v1,CREATE_DRAFT,,,,,humidity,humidity,noun,B2,nature-weather,溼度,,,,hju:'miditi,,,,,,TRUE,寒冷,溫暖,凍傷,中暑,洪水,薄霧,TRUE,chill,warmth,frostbite,heatstroke,flooding,frost,,,,
word-catalog-v1,CREATE_DRAFT,,,,,airless,airless,adjective,B2,nature-weather,不通風的,,,,'єәlis,,,,,,TRUE,無風的,季節性的,下降的,上升的,多變的,無雲的,TRUE,seasonal,falling,rising,changeable,cloudless,heavy,,,,
word-catalog-v1,CREATE_DRAFT,,,,,seasonal,seasonal,adjective,B2,nature-weather,季節性的,,,,'si:znәl,,,,,,TRUE,下降的,不通風的,上升的,沉重的,多變的,區域的,TRUE,airless,falling,rising,changeable,regional,stable,,,,
word-catalog-v1,CREATE_DRAFT,,,,,falling,falling,adjective,B2,nature-weather,下降的,,,,'fɒ:liŋ,,,,,,TRUE,無雲的,穩定的,上升的,沉重的,多變的,熱帶的,TRUE,seasonal,airless,cloudless,rising,steady,regional,,,,
word-catalog-v1,CREATE_DRAFT,,,,,rising,rising,adjective,B2,nature-weather,上升的,,,,'raiziŋ,,,,,,TRUE,下降的,區域的,無雲的,穩定的,沉重的,無風的,TRUE,heavy,falling,changeable,tropical,stable,windless,,,,
word-catalog-v1,CREATE_DRAFT,,,,,changeable,changeable,adjective,B2,nature-weather,多變的,,,,'tʃeindʒәbl,,,,,,TRUE,區域的,熱帶的,上升的,無雲的,下降的,霜凍的,TRUE,cloudless,heavy,steady,seasonal,tropical,stable,,,,
word-catalog-v1,CREATE_DRAFT,,,,,cloudless,cloudless,adjective,B2,nature-weather,無雲的,,,,'klaudlis,,,,,,TRUE,無風的,穩定的,多變的,沉重的,霜凍的,季節性的,TRUE,regional,windless,changeable,heavy,steady,frosty,,,,
word-catalog-v1,CREATE_DRAFT,,,,,heavy,heavy,adjective,B2,nature-weather,沉重的,,,,'hevi,,,,,,TRUE,區域的,熱帶的,穩定的,無雲的,季節性的,不通風的,TRUE,cloudless,regional,tropical,stable,windless,rising,,,,
word-catalog-v1,CREATE_DRAFT,,,,,regional,regional,adjective,B2,nature-weather,區域的,,,,'ri:dʒәnәl,,,,,,TRUE,熱帶的,沉重的,穩定的,無風的,不通風的,肥沃的,TRUE,steady,frosty,tropical,heavy,airless,falling,,,,
word-catalog-v1,CREATE_DRAFT,,,,,stable,stable,adjective,B2,nature-weather,穩定的,,,,'steibl,,,,,,TRUE,區域的,霜凍的,熱帶的,無風的,多變的,農業的,FALSE,,,,,,,,,,
word-catalog-v1,CREATE_DRAFT,,,,,steady,steady,adjective,B2,nature-weather,穩定的,,,,'stedi,,,,,,TRUE,霜凍的,熱帶的,區域的,沉重的,季節性的,肥沃的,FALSE,,,,,,,,,,
word-catalog-v1,CREATE_DRAFT,,,,,tropical,tropical,adjective,B2,nature-weather,熱帶的,,,,'trɒpikl,,,,,,TRUE,穩定的,無風的,霜凍的,上升的,無雲的,農業的,TRUE,windless,frosty,steady,stable,overcast,cloudless,,,,
word-catalog-v1,CREATE_DRAFT,,,,,windless,windless,adjective,B2,nature-weather,無風的,,,,'windlis,,,,,,TRUE,無雲的,不通風的,熱帶的,霜凍的,多變的,肥沃的,TRUE,tropical,frosty,regional,steady,overcast,seasonal,,,,
word-catalog-v1,CREATE_DRAFT,,,,,chill,chill,noun,B2,nature-weather,寒冷,,,,tʃil,,,,,,TRUE,溫暖,凍傷,中暑,彩虹,海嘯,颱風,TRUE,warmth,frostbite,heatstroke,mist,rainbow,tsunami,,,,
word-catalog-v1,CREATE_DRAFT,,,,,warmth,warmth,noun,B2,nature-weather,溫暖,,,,wɒ:mθ,,,,,,TRUE,寒冷,凍傷,中暑,霜,彩虹,影子,FALSE,,,,,,,,,,
word-catalog-v1,CREATE_DRAFT,,,,,frostbite,frostbite,noun,B2,nature-weather,凍傷,,,,f'rɒstb'aɪt,,,,,,TRUE,溫暖,寒冷,洪水,海嘯,颱風,雷電,TRUE,chill,warmth,heatstroke,mist,typhoon,shadow,,,,
word-catalog-v1,CREATE_DRAFT,,,,,frosty,frosty,adjective,B2,nature-weather,霜凍的,,,,'frɒsti,,,,,,TRUE,無風的,穩定的,下降的,熱帶的,上升的,可食用的,TRUE,overcast,windless,agricultural,tropical,edible,fertile,,,,
word-catalog-v1,CREATE_DRAFT,,,,,heatstroke,heatstroke,noun,B2,nature-weather,中暑,,,,'hi:tstrәuk,,,,,,TRUE,薄霧,洪水,凍傷,霜,彩虹,海嘯,TRUE,flooding,frost,frostbite,rainbow,tsunami,typhoon,,,,
word-catalog-v1,CREATE_DRAFT,,,,,dry season,dry season,noun,B2,nature-weather,旱季,,,,drai ˈsi:zən,,,,,,TRUE,沙塵暴,甘蔗,北極光,替代能源,沸點,冰點,TRUE,dust storm,sugar cane,northern lights,alternative energy,boiling point,freezing point,,,,
word-catalog-v1,CREATE_DRAFT,,,,,dust storm,dust storm,noun,B2,nature-weather,沙塵暴,,,,dʌs'tɔ:m,,,,,,TRUE,旱季,甘蔗,北極光,替代能源,帶電電線,垂柳,FALSE,,,,,,,,,,
word-catalog-v1,CREATE_DRAFT,,,,,flooding,flooding,noun,B2,nature-weather,洪水,,,,'flʌdiŋ,,,,,,TRUE,地下水,薄霧,影子,霜,颱風,中暑,FALSE,,,,,,,,,,
word-catalog-v1,CREATE_DRAFT,,,,,frost,frost,noun,B2,nature-weather,霜,,,,frɒst,,,,,,TRUE,洪水,薄霧,彩虹,雷電,牛仔,影子,TRUE,flooding,mist,rainbow,thunderbolt,tsunami,shadow,,,,
word-catalog-v1,CREATE_DRAFT,,,,,mist,mist,noun,B2,nature-weather,薄霧,,,,mist,,,,,,TRUE,海嘯,收成,颱風,玉米田,彩虹,雷電,TRUE,frost,cornfield,typhoon,plantation,rainbow,thunderbolt,,,,
word-catalog-v1,CREATE_DRAFT,,,,,rainbow,rainbow,noun,B2,nature-weather,彩虹,,,,'reinbәu,,,,,,TRUE,牛仔,侵蝕,種植園,薄霧,海嘯,影子,TRUE,cowboy,mist,tsunami,shadow,cornfield,crop,,,,
word-catalog-v1,CREATE_DRAFT,,,,,tsunami,tsunami,noun,B2,nature-weather,海嘯,,,,tsu'nɑ:mi,,,,,,TRUE,收成,農藥,颱風,玉米田,牛仔,種植園,TRUE,typhoon,plantation,groundwater,thunderbolt,cowboy,erosion,,,,
word-catalog-v1,CREATE_DRAFT,,,,,typhoon,typhoon,noun,B2,nature-weather,颱風,,,,tai'fu:n,,,,,,TRUE,雷電,侵蝕,影子,收成,農藥,玉米田,TRUE,shadow,cornfield,crop,pesticide,plantation,groundwater,,,,
word-catalog-v1,CREATE_DRAFT,,,,,rain cats and dogs,rain cats and dogs,phrasal_verb,B2,nature-weather,下傾盆大雨,,,,,,,,,,TRUE,連根拔起,套,打包,堆積,挖,閃爍,FALSE,,,,,,,,,,
word-catalog-v1,CREATE_DRAFT,,,,,shadow,shadow,noun,B2,nature-weather,影子,,,,'ʃædәu,,,,,,TRUE,騾子,雷電,牛仔,種植園,侵蝕,地下水,TRUE,thunderbolt,cowboy,erosion,cornfield,crop,pesticide,,,,
word-catalog-v1,CREATE_DRAFT,,,,,overcast,overcast,adjective,B2,nature-weather,陰天,,,,'әuvәkɑ:st,,,,,,TRUE,農業的,肥沃的,可食用的,霜凍的,無風的,沉重的,TRUE,agricultural,edible,fertile,frosty,stable,regional,,,,
word-catalog-v1,CREATE_DRAFT,,,,,thunderbolt,thunderbolt,noun,B2,nature-weather,雷電,,,,'θʌndәbәult,,,,,,TRUE,收成,農藥,豆類,玉米田,乾草,地下水,TRUE,plantation,groundwater,produce,cowboy,barley,cornfield,,,,
word-catalog-v1,CREATE_DRAFT,,,,,cornfield,cornfield,noun,B2,nature-weather,玉米田,,,,'kɒ:nfi:ld,,,,,,TRUE,種植園,農產品,地下水,一粒大麥,牛仔,大豆,TRUE,erosion,crop,pesticide,legume,plantation,produce,,,,
word-catalog-v1,CREATE_DRAFT,,,,,plantation,plantation,noun,B2,nature-weather,種植園,,,,plæn'teiʃәn,,,,,,TRUE,農產品,玉米田,地下水,侵蝕,一粒大麥,收成,TRUE,groundwater,hay,cowboy,erosion,barley,soy,,,,
word-catalog-v1,CREATE_DRAFT,,,,,cowboy,cowboy,noun,B2,nature-weather,牛仔,,,,'kaubɒi,,,,,,TRUE,小牛,農藥,豆類,乾草,侵蝕,大豆,TRUE,crop,pesticide,legume,groundwater,hay,thunderbolt,,,,
word-catalog-v1,CREATE_DRAFT,,,,,crop,crop,noun,B2,nature-weather,收成,,,,krɒp,,,,,,TRUE,農藥,豆類,牛仔,乾草,農產品,種植園,TRUE,produce,erosion,barley,soy,pesticide,cornfield,,,,
word-catalog-v1,CREATE_DRAFT,,,,,groundwater,groundwater,noun,B2,nature-weather,地下水,,,,'graundwɒ:tә,,,,,,TRUE,洪水,農產品,一粒大麥,種植園,玉米田,農藥,TRUE,legume,produce,hay,crop,barley,soy,,,,
word-catalog-v1,CREATE_DRAFT,,,,,erosion,erosion,noun,B2,nature-weather,侵蝕,,,,i'rәuʒәn,,,,,,TRUE,大豆,豆類,收成,乾草,牲畜,牛仔,TRUE,groundwater,pesticide,legume,produce,cowboy,soy,,,,
word-catalog-v1,CREATE_DRAFT,,,,,pesticide,pesticide,noun,B2,nature-weather,農藥,,,,'pestisaid,,,,,,TRUE,農產品,侵蝕,大豆,豆類,公豬,收成,TRUE,erosion,hay,barley,legume,livestock,plantation,,,,
word-catalog-v1,CREATE_DRAFT,,,,,agricultural,agricultural,adjective,B2,nature-weather,農業的,,,,.ægri'kʌltʃәrәl,,,,,,TRUE,肥沃的,可食用的,霜凍的,區域的,穩定的,下降的,TRUE,edible,fertile,overcast,frosty,changeable,steady,,,,
word-catalog-v1,CREATE_DRAFT,,,,,edible,edible,adjective,B2,nature-weather,可食用的,,,,'edibl,,,,,,TRUE,農業的,肥沃的,霜凍的,季節性的,多變的,上升的,TRUE,agricultural,fertile,overcast,frosty,heavy,rising,,,,
word-catalog-v1,CREATE_DRAFT,,,,,fertile,fertile,adjective,B2,nature-weather,肥沃的,,,,'fә:tail,,,,,,TRUE,農業的,可食用的,霜凍的,熱帶的,穩定的,季節性的,TRUE,edible,agricultural,overcast,frosty,airless,cloudless,,,,
word-catalog-v1,CREATE_DRAFT,,,,,produce,produce,noun,B2,nature-weather,農產品,,,,prә'dju:s,,,,,,TRUE,農藥,一粒大麥,乾草,大豆,地下水,牲畜,TRUE,hay,barley,boar,soy,livestock,hog,,,,
word-catalog-v1,CREATE_DRAFT,,,,,barley,barley,noun,B2,nature-weather,一粒大麥,,,,'bɑ:li,,,,,,TRUE,大豆,農產品,豆類,乾草,小馬,蜂窩,TRUE,produce,legume,hay,boar,mule,pony,,,,
word-catalog-v1,CREATE_DRAFT,,,,,legume,legume,noun,B2,nature-weather,豆類,,,,'legju:m,,,,,,TRUE,大豆,公豬,小牛,牲畜,乾草,騾子,FALSE,,,,,,,,,,
word-catalog-v1,CREATE_DRAFT,,,,,hay,hay,noun,B2,nature-weather,乾草,,,,hei,,,,,,TRUE,公豬,豆類,豬,家禽,小牛,小馬,TRUE,soy,livestock,hog,honeycomb,legume,mule,,,,
word-catalog-v1,CREATE_DRAFT,,,,,soy,soy,noun,B2,nature-weather,大豆,,,,sɒi,,,,,,TRUE,豆類,一粒大麥,鴕鳥,牲畜,蜂窩,公豬,TRUE,boar,poultry,hay,pony,ostrich,livestock,,,,
word-catalog-v1,CREATE_DRAFT,,,,,sugar cane,sugar cane,noun,B2,nature-weather,甘蔗,,,,'ʃʊɡərk'eɪn,,,,,,TRUE,旱季,沙塵暴,北極光,替代能源,黑洞,外太空,TRUE,dust storm,dry season,northern lights,alternative energy,civil engineering,live wire,,,,
word-catalog-v1,CREATE_DRAFT,,,,,dig,dig,verb,B2,nature-weather,挖,,,,dig,,,,,,TRUE,養,套,裝載,打包,堆積,漂浮,TRUE,harness,load,harvest,pile,flash,preserve,,,,
word-catalog-v1,CREATE_DRAFT,,,,,harness,harness,verb,B2,nature-weather,套,,,,'hɑ:nis,,,,,,TRUE,養,挖,收穫,打包,閃爍,漂浮,TRUE,dig,package,keep,load,uproot,evolve,,,,
word-catalog-v1,CREATE_DRAFT,,,,,harvest,harvest,verb,B2,nature-weather,收穫,,,,'hɑ:vist,,,,,,TRUE,裝載,堆積,套,連根拔起,保存,吸收,TRUE,package,harness,keep,pile,flash,advance,,,,
word-catalog-v1,CREATE_DRAFT,,,,,keep,keep,verb,B2,nature-weather,養,,,,ki:p,,,,,,TRUE,套,挖,收穫,打包,進化,推進,TRUE,harvest,load,uproot,package,pile,absorb,,,,
word-catalog-v1,CREATE_DRAFT,,,,,load,load,verb,B2,nature-weather,裝載,,,,lәud,,,,,,TRUE,堆積,養,打包,收穫,連根拔起,進化,TRUE,uproot,keep,package,harvest,flash,activate,,,,
word-catalog-v1,CREATE_DRAFT,,,,,package,package,verb,B2,nature-weather,打包,,,,'pækidʒ,,,,,,TRUE,裝載,堆積,養,連根拔起,閃爍,激活,FALSE,,,,,,,,,,
word-catalog-v1,CREATE_DRAFT,,,,,pile,pile,verb,B2,nature-weather,堆積,,,,pail,,,,,,TRUE,裝載,打包,連根拔起,收穫,閃爍,產生,FALSE,,,,,,,,,,
word-catalog-v1,CREATE_DRAFT,,,,,uproot,uproot,verb,B2,nature-weather,連根拔起,,,,ʌp'ru:t,,,,,,TRUE,堆積,裝載,打包,閃爍,推進,吸收,TRUE,pile,load,dig,package,harness,generate,,,,
word-catalog-v1,CREATE_DRAFT,,,,,livestock,livestock,noun,B2,nature-weather,牲畜,,,,'laivstɒk,,,,,,TRUE,騾子,家禽,豬,小牛,鴕鳥,蜂窩,FALSE,,,,,,,,,,
word-catalog-v1,CREATE_DRAFT,,,,,boar,boar,noun,B2,nature-weather,公豬,,,,bɒ:,,,,,,TRUE,豬,小馬,騾子,家禽,牲畜,大豆,TRUE,hog,honeycomb,mule,poultry,pony,ostrich,,,,
word-catalog-v1,CREATE_DRAFT,,,,,calf,calf,noun,B2,nature-weather,小牛,,,,kɑ:f,,,,,,FALSE,,,,,,,TRUE,boar,hog,honeycomb,mule,barley,produce,,,,
word-catalog-v1,CREATE_DRAFT,,,,,hog,hog,noun,B2,nature-weather,豬,,,,hɒg,,,,,,TRUE,公豬,小馬,鴕鳥,蜂窩,小牛,乾草,TRUE,poultry,pony,ostrich,calf,soy,legume,,,,
word-catalog-v1,CREATE_DRAFT,,,,,mule,mule,noun,B2,nature-weather,騾子,,,,mju:l,,,,,,TRUE,影子,家禽,小馬,鴕鳥,蜂窩,牲畜,TRUE,honeycomb,poultry,hog,boar,livestock,calf,,,,
word-catalog-v1,CREATE_DRAFT,,,,,pony,pony,noun,B2,nature-weather,小馬,,,,'pәuni,,,,,,TRUE,小牛,騾子,家禽,公豬,農產品,一粒大麥,TRUE,ostrich,mule,honeycomb,boar,livestock,pesticide,,,,
word-catalog-v1,CREATE_DRAFT,,,,,honeycomb,honeycomb,noun,B2,nature-weather,蜂窩,,,,'hʌnikәum,,,,,,TRUE,鴕鳥,小馬,家禽,豬,乾草,侵蝕,TRUE,pony,poultry,ostrich,barley,produce,erosion,,,,
word-catalog-v1,CREATE_DRAFT,,,,,poultry,poultry,noun,B2,nature-weather,家禽,,,,'pәultri,,,,,,TRUE,蜂窩,鴕鳥,騾子,小馬,大豆,農藥,TRUE,honeycomb,ostrich,pony,boar,calf,barley,,,,
word-catalog-v1,CREATE_DRAFT,,,,,ostrich,ostrich,noun,B2,nature-weather,鴕鳥,,,,'ɒstritʃ,,,,,,TRUE,家禽,蜂窩,豬,小馬,農產品,一粒大麥,TRUE,poultry,mule,honeycomb,livestock,hay,produce,,,,
word-catalog-v1,CREATE_DRAFT,,,,,appeal,appeal,verb,B2,abstract-concepts,吸引,,,,ә'pi:l,,,,,,FALSE,,,,,,,FALSE,,,,,,,,,,
word-catalog-v1,CREATE_DRAFT,,,,,consult,consult,verb,B2,abstract-concepts,諮詢,,,,kәn'sʌlt,,,,,,TRUE,吸引,偏愛,使厭惡,取悅,質疑,激勵,TRUE,contest,disgust,favor,appeal,please,inspire,,,,
word-catalog-v1,CREATE_DRAFT,,,,,contest,contest,verb,B2,abstract-concepts,質疑,,,,'kɒntest,,,,,,TRUE,諮詢,吸引,偏愛,使厭惡,觸發,降低,FALSE,,,,,,,,,,
word-catalog-v1,CREATE_DRAFT,,,,,disgust,disgust,verb,B2,abstract-concepts,使厭惡,,,,dis'gʌst,,,,,,TRUE,諮詢,偏愛,吸引,取悅,拉直,上升,TRUE,consult,contest,favor,appeal,trigger,modify,,,,
word-catalog-v1,CREATE_DRAFT,,,,,favor,favor,verb,B2,abstract-concepts,偏愛,,,,'feivә,,,,,,TRUE,諮詢,使厭惡,吸引,取悅,延長,修改,TRUE,disgust,consult,contest,please,trigger,lower,,,,
word-catalog-v1,CREATE_DRAFT,,,,,favorite,favorite,noun,B2,abstract-concepts,最愛,,,,'feivәrit,,,,,,TRUE,偏好,不喜歡,標準,品味,喜歡,決心,TRUE,dislike,preference,resolution,liking,taste,tendency,,,,
word-catalog-v1,CREATE_DRAFT,,,,,go for,go for,phrasal_verb,B2,abstract-concepts,選擇,,,,,,,,,,TRUE,挑選,仔細考慮,向……求助,渴望,騙賣,迴避,FALSE,,,,,,,,,,
word-catalog-v1,CREATE_DRAFT,,,,,shy away from,shy away from,phrasal_verb,B2,abstract-concepts,迴避,,,,ʃai əˈwei frɔm,,,,,,TRUE,忍受,放棄,不懂珍惜,拿定主意,挑選,選擇,TRUE,put up with,take for granted,give up on,make up one's mind,go for,think over,,,,
word-catalog-v1,CREATE_DRAFT,,,,,make up one's mind,make up one's mind,phrasal_verb,B2,abstract-concepts,拿定主意,,,,,,,,,,TRUE,仔細考慮,迴避,向……求助,忍受,選擇,解釋,TRUE,put up with,shy away from,turn to,go for,think over,build up,,,,
word-catalog-v1,CREATE_DRAFT,,,,,pick out,pick out,phrasal_verb,B2,abstract-concepts,挑選,,,,,,,,,,TRUE,選擇,仔細考慮,向……求助,渴望,拿定主意,競選,FALSE,,,,,,,,,,
word-catalog-v1,CREATE_DRAFT,,,,,put up with,put up with,phrasal_verb,B2,abstract-concepts,忍受,,,,,,,,,,TRUE,迴避,放棄,不懂珍惜,拿定主意,仔細考慮,向……求助,FALSE,,,,,,,,,,
word-catalog-v1,CREATE_DRAFT,,,,,think over,think over,phrasal_verb,B2,abstract-concepts,仔細考慮,,,,,,,,,,TRUE,向……求助,挑選,渴望,積累,毫無進展,拿定主意,TRUE,turn to,pick out,go for,build up,palm off,check out,,,,
word-catalog-v1,CREATE_DRAFT,,,,,turn to,turn to,phrasal_verb,B2,abstract-concepts,向……求助,,,,,,,,,,TRUE,仔細考慮,挑選,渴望,選擇,忍受,槍殺,TRUE,think over,pick out,die for,build up,palm off,let down,,,,
word-catalog-v1,CREATE_DRAFT,,,,,decision maker,decision maker,noun,B2,abstract-concepts,決策者,,,,"di'siʒən,meikə",,,,,,TRUE,零點,常識,當然,毫無疑問,戰爭罪,核潛艇,TRUE,ground zero,no doubt,in stone,common sense,air force,brass knuckles,,,,
word-catalog-v1,CREATE_DRAFT,,,,,dislike,dislike,noun,B2,abstract-concepts,不喜歡,,,,dis'laik,,,,,,TRUE,喜歡,偏好,標準,最愛,趨勢,減少,TRUE,preference,criteria,resolution,liking,favorite,outcome,,,,
word-catalog-v1,CREATE_DRAFT,,,,,preference,preference,noun,B2,abstract-concepts,偏好,,,,'prefәrәns,,,,,,TRUE,品味,不喜歡,標準,最愛,趨勢,根源,TRUE,dislike,taste,tendency,criteria,favorite,root,,,,
word-catalog-v1,CREATE_DRAFT,,,,,resolution,resolution,noun,B2,abstract-concepts,決心,,,,.rezә'lu:ʃәn,,,,,,TRUE,偏好,品味,標準,最愛,含義,擴張,FALSE,,,,,,,,,,
word-catalog-v1,CREATE_DRAFT,,,,,taste,taste,noun,B2,abstract-concepts,品味,,,,teist,,,,,,TRUE,喜歡,標準,不喜歡,最愛,結果,手段,TRUE,liking,tendency,resolution,criteria,means,reduction,,,,
word-catalog-v1,CREATE_DRAFT,,,,,criteria,criteria,noun,B2,abstract-concepts,標準,,,,krai'tiәriә,,,,,,TRUE,品味,喜歡,偏好,趨勢,根源,含義,FALSE,,,,,,,,,,
word-catalog-v1,CREATE_DRAFT,,,,,liking,liking,noun,B2,abstract-concepts,喜歡,,,,'laikiŋ,,,,,,TRUE,不喜歡,標準,品味,減少,結果,擴張,FALSE,,,,,,,,,,
word-catalog-v1,CREATE_DRAFT,,,,,tendency,tendency,noun,B2,abstract-concepts,趨勢,,,,'tendәnsi,,,,,,TRUE,喜歡,標準,偏好,根源,手段,描述,FALSE,,,,,,,,,,
word-catalog-v1,CREATE_DRAFT,,,,,alternatively,alternatively,adverb,B2,abstract-concepts,或者,,,,ɒ:l'tә:nәtivli,,,,,,TRUE,代替,因此,顯著地,越來越,否則,別處,TRUE,instead,thus,significantly,hence,aside,apparently,,,,
word-catalog-v1,CREATE_DRAFT,,,,,please,please,verb,B2,abstract-concepts,取悅,,,,pli:z,,,,,,TRUE,偏愛,諮詢,使厭惡,質疑,增長,增強,TRUE,favor,disgust,consult,contest,mount,jump,,,,
word-catalog-v1,CREATE_DRAFT,,,,,instead,instead,adverb,B2,abstract-concepts,代替,,,,in'sted,,,,,,TRUE,或者,因此,顯著地,合法地,大約,旁邊,FALSE,,,,,,,,,,
word-catalog-v1,CREATE_DRAFT,,,,,die for,die for,phrasal_verb,B2,abstract-concepts,渴望,,,,,,,,,,TRUE,挑選,仔細考慮,向……求助,解釋,使失望,拿定主意,FALSE,,,,,,,,,,
word-catalog-v1,CREATE_DRAFT,,,,,ask for,ask for,phrasal_verb,B2,actions-events,要求與……談話,,,,,,,,,,TRUE,高興起來,偶然發現,退讓,相信,順道拜訪,外出就餐,TRUE,root for,back down,believe in,bring on,bring up,call off,,,,
word-catalog-v1,CREATE_DRAFT,,,,,back down,back down,phrasal_verb,B2,actions-events,退讓,,,,'bækˌdaʊn,,,,,,TRUE,引起,提到,相信,取消,趕上,被提到,TRUE,turn down,ask for,believe in,bring on,catch up,bring up,,,,
word-catalog-v1,CREATE_DRAFT,,,,,believe in,believe in,phrasal_verb,B2,actions-events,相信,,,,,,,,,,TRUE,相處融洽,退讓,引起,提到,取消,理解,FALSE,,,,,,,,,,
word-catalog-v1,CREATE_DRAFT,,,,,bring on,bring on,phrasal_verb,B2,actions-events,引起,,,,,,,,,,TRUE,高興起來,藏起來,趕上,相信,提到,退讓,FALSE,,,,,,,,,,
word-catalog-v1,CREATE_DRAFT,,,,,bring up,bring up,phrasal_verb,B2,actions-events,提到,,,,,,,,,,TRUE,被提到,引起,取消,退讓,贈送,偶然發現,FALSE,,,,,,,,,,
word-catalog-v1,CREATE_DRAFT,,,,,call off,call off,phrasal_verb,B2,actions-events,取消,,,,,,,,,,TRUE,取,趕上,提到,引起,理解,贈送,FALSE,,,,,,,,,,
word-catalog-v1,CREATE_DRAFT,,,,,catch up,catch up,phrasal_verb,B2,actions-events,趕上,,,,'kætʃәp,,,,,,TRUE,取消,相信,被提到,理解,最終處於,閒逛,FALSE,,,,,,,,,,
word-catalog-v1,CREATE_DRAFT,,,,,cheer up,cheer up,phrasal_verb,B2,actions-events,高興起來,,,,,,,,,,TRUE,藏起來,引起,順道拜訪,偶然發現,外出就餐,最終處於,TRUE,come up,catch up,end up,bring up,show up,pile up,,,,
word-catalog-v1,CREATE_DRAFT,,,,,come across,come across,phrasal_verb,B2,actions-events,偶然發現,,,,,,,,,,TRUE,出現,高興起來,順道拜訪,外出就餐,最終處於,仔細檢查,TRUE,come up,come away,cheer up,drop by,eat out,fall apart,,,,
word-catalog-v1,CREATE_DRAFT,,,,,come up,come up,phrasal_verb,B2,actions-events,被提到,,,,,,,,,,TRUE,提到,等一下,偶然發現,順道拜訪,相處融洽,高興起來,TRUE,come across,cheer up,end up,catch up,bring up,come away,,,,
word-catalog-v1,CREATE_DRAFT,,,,,drop by,drop by,phrasal_verb,B2,actions-events,順道拜訪,,,,'drɔpbai,,,,,,TRUE,外出就餐,最終處於,仔細檢查,相處融洽,偶然發現,被提到,TRUE,eat out,figure out,come across,fill in,fall apart,get along,,,,
word-catalog-v1,CREATE_DRAFT,,,,,eat out,eat out,phrasal_verb,B2,actions-events,外出就餐,,,,,,,,,,TRUE,出現,順道拜訪,最終處於,相處融洽,等一下,被提到,TRUE,figure out,hang out,leave out,make out,rule out,sort out,,,,
word-catalog-v1,CREATE_DRAFT,,,,,end up,end up,phrasal_verb,B2,actions-events,最終處於,,,,,,,,,,TRUE,相處融洽,仔細檢查,外出就餐,順道拜訪,等一下,省略,TRUE,come up,cheer up,catch up,show up,pick up,drop by,,,,
word-catalog-v1,CREATE_DRAFT,,,,,fall apart,fall apart,phrasal_verb,B2,actions-events,崩潰,,,,,,,,,,TRUE,理解,贈送,閒逛,去世,省略,推遲,FALSE,,,,,,,,,,
word-catalog-v1,CREATE_DRAFT,,,,,figure out,figure out,phrasal_verb,B2,actions-events,理解,,,,,,,,,,TRUE,整理,排除,贈送,閒逛,去世,負責,FALSE,,,,,,,,,,
word-catalog-v1,CREATE_DRAFT,,,,,fill in,fill in,phrasal_verb,B2,actions-events,代替,,,,"'fil,in",,,,,,TRUE,省略,推遲,理解,排除,負責,扔掉,FALSE,,,,,,,,,,
word-catalog-v1,CREATE_DRAFT,,,,,get along,get along,phrasal_verb,B2,actions-events,相處融洽,,,,,,,,,,TRUE,相信,最終處於,仔細檢查,等一下,徹底清除,外出就餐,TRUE,give away,go over,fill in,hang out,pass away,figure out,,,,
word-catalog-v1,CREATE_DRAFT,,,,,give away,give away,phrasal_verb,B2,actions-events,贈送,,,,'ɡɪvəw'eɪ,,,,,,TRUE,閒逛,去世,省略,拒絕,排除,插嘴,FALSE,,,,,,,,,,
word-catalog-v1,CREATE_DRAFT,,,,,go over,go over,phrasal_verb,B2,actions-events,仔細檢查,,,,,,,,,,TRUE,相處融洽,等一下,徹底清除,推遲,贈送,整理,TRUE,give away,get along,leave out,put off,make out,hang out,,,,
word-catalog-v1,CREATE_DRAFT,,,,,hang on,hang on,phrasal_verb,B2,actions-events,等一下,,,,,,,,,,FALSE,,,,,,,TRUE,hang out,capitalize on,bring on,go over,pass away,see to,,,,
word-catalog-v1,CREATE_DRAFT,,,,,hang out,hang out,phrasal_verb,B2,actions-events,閒逛,,,,hæŋ aut,,,,,,TRUE,去世,負責,扔掉,省略,拒絕,整理,TRUE,leave out,make out,rule out,wipe out,hang on,put out,,,,
word-catalog-v1,CREATE_DRAFT,,,,,leave out,leave out,phrasal_verb,B2,actions-events,省略,,,,,,,,,,TRUE,推遲,閒逛,排除,插嘴,熄滅,負責,TRUE,make out,rule out,sort out,wipe out,eat out,put off,,,,
word-catalog-v1,CREATE_DRAFT,,,,,make out,make out,phrasal_verb,B2,actions-events,理解,,,,meɪk,,,,,,TRUE,整理,去世,扔掉,推遲,排除,插嘴,FALSE,,,,,,,,,,
word-catalog-v1,CREATE_DRAFT,,,,,pass away,pass away,phrasal_verb,B2,actions-events,去世,,,,,,,,,,TRUE,拒絕,熄滅,負責,扔掉,理解,陷入,TRUE,throw away,give away,break away,stash away,come away,see to,,,,
word-catalog-v1,CREATE_DRAFT,,,,,put off,put off,phrasal_verb,B2,actions-events,推遲,,,,"'pjtɔf,-ɔ:f",,,,,,TRUE,拒絕,去世,排除,整理,熄滅,利用,TRUE,put in,put out,call off,pass away,see to,throw away,,,,
word-catalog-v1,CREATE_DRAFT,,,,,rule out,rule out,phrasal_verb,B2,actions-events,排除,,,,'ru:l'aʊt,,,,,,TRUE,徹底清除,插嘴,推遲,負責,扔掉,陷入,TRUE,sort out,leave out,wipe out,make out,show up,turn down,,,,
word-catalog-v1,CREATE_DRAFT,,,,,see to,see to,phrasal_verb,B2,actions-events,負責,,,,,,,,,,TRUE,拒絕,整理,插嘴,熄滅,扔掉,閒逛,TRUE,put off,put in,throw away,rule out,show up,turn down,,,,
word-catalog-v1,CREATE_DRAFT,,,,,show up,show up,phrasal_verb,B2,actions-events,出現,,,,'ʃәuʌp,,,,,,TRUE,外出就餐,偶然發現,利用,陷入,拒絕,負責,FALSE,,,,,,,,,,
word-catalog-v1,CREATE_DRAFT,,,,,sort out,sort out,phrasal_verb,B2,actions-events,整理,,,,sɔ:t aut,,,,,,TRUE,理解,插嘴,熄滅,利用,扔掉,支持,TRUE,put out,wipe out,rule out,hang out,figure out,eat out,,,,
word-catalog-v1,CREATE_DRAFT,,,,,throw away,throw away,phrasal_verb,B2,actions-events,扔掉,,,,θ'rəʊəw'eɪ,,,,,,TRUE,陷入,整理,拒絕,插嘴,取,利用,FALSE,,,,,,,,,,
word-catalog-v1,CREATE_DRAFT,,,,,turn down,turn down,phrasal_verb,B2,actions-events,拒絕,,,,'tә:ndaun,,,,,,TRUE,熄滅,徹底清除,藏起來,離開時帶著,陷入,支持,FALSE,,,,,,,,,,
word-catalog-v1,CREATE_DRAFT,,,,,put in,put in,phrasal_verb,B2,actions-events,插嘴,,,,'putin,,,,,,TRUE,取,熄滅,徹底清除,利用,藏起來,拒絕,TRUE,put out,put off,fill in,believe in,pile up,break away,,,,
word-catalog-v1,CREATE_DRAFT,,,,,wipe out,wipe out,phrasal_verb,B2,actions-events,徹底清除,,,,'waipaut,,,,,,TRUE,排除,離開時帶著,藏起來,仔細檢查,陷入,插嘴,TRUE,sort out,put out,rule out,leave out,eat out,fly into,,,,
word-catalog-v1,CREATE_DRAFT,,,,,pile up,pile up,phrasal_verb,B2,actions-events,堆積,,,,'pailʌp,,,,,,TRUE,支持,取,熄滅,利用,離開時帶著,整理,FALSE,,,,,,,,,,
word-catalog-v1,CREATE_DRAFT,,,,,put out,put out,phrasal_verb,B2,actions-events,熄滅,,,,,,,,,,TRUE,陷入,支持,取,利用,藏起來,堆積,TRUE,put in,wipe out,sort out,put off,leave out,hang out,,,,
word-catalog-v1,CREATE_DRAFT,,,,,break away,break away,phrasal_verb,B2,actions-events,逃脫,,,,,,,,,,TRUE,離開時帶著,陷入,熄滅,取,扔掉,插嘴,FALSE,,,,,,,,,,
word-catalog-v1,CREATE_DRAFT,,,,,root for,root for,phrasal_verb,B2,actions-events,支持,,,,,,,,,,TRUE,利用,藏起來,離開時帶著,陷入,拒絕,推遲,FALSE,,,,,,,,,,
word-catalog-v1,CREATE_DRAFT,,,,,come away,come away,phrasal_verb,B2,actions-events,離開時帶著,,,,,,,,,,TRUE,徹底清除,藏起來,支持,取,仔細檢查,等一下,TRUE,stash away,break away,throw away,pass away,come across,come up,,,,
word-catalog-v1,CREATE_DRAFT,,,,,fly into,fly into,phrasal_verb,B2,actions-events,陷入,,,,,,,,,,TRUE,利用,取,離開時帶著,藏起來,省略,逃脫,TRUE,root for,capitalize on,pick up,stash away,come away,pile up,,,,
word-catalog-v1,CREATE_DRAFT,,,,,stash away,stash away,phrasal_verb,B2,actions-events,藏起來,,,,stæʃ əˈwei,,,,,,TRUE,高興起來,引起,離開時帶著,徹底清除,陷入,利用,TRUE,break away,come away,throw away,pass away,fly into,capitalize on,,,,
word-catalog-v1,CREATE_DRAFT,,,,,capitalize on,capitalize on,phrasal_verb,B2,actions-events,利用,,,,,,,,,,TRUE,取,支持,陷入,熄滅,負責,去世,TRUE,hang on,bring on,pick up,fly into,stash away,root for,,,,
word-catalog-v1,CREATE_DRAFT,,,,,pick up,pick up,phrasal_verb,B2,actions-events,取,,,,'pikʌp,,,,,,TRUE,取消,利用,藏起來,支持,扔掉,整理,TRUE,pile up,show up,end up,cheer up,capitalize on,fly into,,,,
word-catalog-v1,CREATE_DRAFT,,,,,aggressive,aggressive,adjective,B2,emotions-personality,侵略性的,,,,ә'gresiv,,,,,,TRUE,驚訝的,苦澀的,陰鬱的,高興的,噁心的,無聊的,TRUE,astonished,bitter,breathtaking,cheerless,delighted,depressing,,,,
word-catalog-v1,CREATE_DRAFT,,,,,astonished,astonished,adjective,B2,emotions-personality,驚訝的,,,,əˈstɑː.nɪʃt,,,,,,TRUE,令人驚歎的,苦澀的,陰鬱的,高興的,情感的,空虛的,FALSE,,,,,,,,,,
word-catalog-v1,CREATE_DRAFT,,,,,awkward,awkward,noun,B2,emotions-personality,尷尬,,,,'ɒ:kwәd,,,,,,TRUE,恐慌,憐憫,解脫,壓力,恐懼,刺激,FALSE,,,,,,,,,,
word-catalog-v1,CREATE_DRAFT,,,,,bitter,bitter,adjective,B2,emotions-personality,苦澀的,,,,'bitә,,,,,,TRUE,驚訝的,陰鬱的,噁心的,情感的,害怕的,空虛的,TRUE,aggressive,breathtaking,astonished,cheerless,disgusting,down,,,,
word-catalog-v1,CREATE_DRAFT,,,,,breathtaking,breathtaking,adjective,B2,emotions-personality,令人驚歎的,,,,'breθ.teikiŋ,,,,,,TRUE,令人沮喪的,驚訝的,侵略性的,苦澀的,高興的,憤怒的,TRUE,bitter,delighted,depressing,dreadful,aggressive,disgusting,,,,
word-catalog-v1,CREATE_DRAFT,,,,,cheerless,cheerless,adjective,B2,emotions-personality,陰鬱的,,,,'tʃiәlis,,,,,,TRUE,噁心的,無聊的,高興的,情感的,害怕的,想家的,TRUE,dull,breathtaking,delighted,down,emotional,bitter,,,,
word-catalog-v1,CREATE_DRAFT,,,,,delighted,delighted,adjective,B2,emotions-personality,高興的,,,,di'laitid,,,,,,TRUE,陰鬱的,噁心的,無聊的,空虛的,惱怒的,憤怒的,TRUE,cheerless,depressing,dreadful,empty,disgusting,dull,,,,
word-catalog-v1,CREATE_DRAFT,,,,,depressing,depressing,adjective,B2,emotions-personality,令人沮喪的,,,,di'presiŋ,,,,,,TRUE,令人驚歎的,侵略性的,高興的,噁心的,苦澀的,害怕的,TRUE,fascinated,down,emotional,fearful,dreadful,empty,,,,
word-catalog-v1,CREATE_DRAFT,,,,,disgusting,disgusting,adjective,B2,emotions-personality,噁心的,,,,dis'gʌstiŋ,,,,,,TRUE,無聊的,情感的,想家的,空虛的,惱怒的,驚訝的,TRUE,dull,fascinated,furious,depressing,down,emotional,,,,
word-catalog-v1,CREATE_DRAFT,,,,,down,down,adjective,B2,emotions-personality,低落,,,,daun,,,,,,TRUE,滿意,令人沮喪的,不舒服,無聊的,憤怒的,情感的,TRUE,fearful,homesick,disgusting,dreadful,empty,irritated,,,,
word-catalog-v1,CREATE_DRAFT,,,,,dreadful,dreadful,adjective,B2,emotions-personality,可怕的,,,,'dredful,,,,,,TRUE,害怕的,想家的,空虛的,惱怒的,憤怒的,高興的,FALSE,,,,,,,,,,
word-catalog-v1,CREATE_DRAFT,,,,,dull,dull,adjective,B2,emotions-personality,無聊的,,,,dʌl,,,,,,TRUE,情感的,害怕的,想家的,空虛的,苦澀的,可怕的,FALSE,,,,,,,,,,
word-catalog-v1,CREATE_DRAFT,,,,,emotional,emotional,adjective,B2,emotions-personality,情感的,,,,i'mәuʃәnәl,,,,,,TRUE,無聊的,惱怒的,憤怒的,害怕的,驚訝的,苦澀的,TRUE,fascinated,furious,satisfied,fearful,homesick,terrifying,,,,
word-catalog-v1,CREATE_DRAFT,,,,,empty,empty,adjective,B2,emotions-personality,空虛的,,,,'empti,,,,,,TRUE,想家的,惱怒的,情感的,憤怒的,噁心的,苦澀的,TRUE,irritated,uncomfortable,emotional,fascinated,furious,satisfied,,,,
word-catalog-v1,CREATE_DRAFT,,,,,fascinated,fascinated,adjective,B2,emotions-personality,著迷的,,,,ˈfæs.ən.eɪ.tɪd,,,,,,TRUE,空虛的,害怕的,想家的,無聊的,陰鬱的,侵略性的,FALSE,,,,,,,,,,
word-catalog-v1,CREATE_DRAFT,,,,,fearful,fearful,adjective,B2,emotions-personality,害怕的,,,,'fiәful,,,,,,TRUE,可怕的,惱怒的,憤怒的,想家的,無聊的,著迷的,FALSE,,,,,,,,,,
word-catalog-v1,CREATE_DRAFT,,,,,fed up,fed up,adjective,B2,emotions-personality,受夠了,,,,fed ʌp,,,,,,TRUE,不舒服,滿意,低落,惱怒的,害怕的,憤怒的,TRUE,homesick,terrifying,irritated,uncomfortable,fearful,dull,,,,
word-catalog-v1,CREATE_DRAFT,,,,,furious,furious,adjective,B2,emotions-personality,憤怒的,,,,'fjuәriәs,,,,,,TRUE,惱怒的,想家的,空虛的,噁心的,可怕的,侵略性的,FALSE,,,,,,,,,,
word-catalog-v1,CREATE_DRAFT,,,,,homesick,homesick,adjective,B2,emotions-personality,想家的,,,,'hәumsik,,,,,,TRUE,憤怒的,惱怒的,害怕的,情感的,陰鬱的,可怕的,TRUE,satisfied,terrifying,furious,irritated,empty,sheepish,,,,
word-catalog-v1,CREATE_DRAFT,,,,,irritated,irritated,adjective,B2,emotions-personality,惱怒的,,,,'iriteitid,,,,,,TRUE,憤怒的,想家的,空虛的,情感的,陰鬱的,著迷的,TRUE,uncomfortable,homesick,satisfied,terrifying,empty,emotional,,,,
word-catalog-v1,CREATE_DRAFT,,,,,satisfied,satisfied,adjective,B2,emotions-personality,滿意,,,,'sætisfaiәd,,,,,,TRUE,不好意思的,不舒服,低落,惱怒的,令人沮喪的,想家的,TRUE,uncomfortable,irritated,terrifying,furious,dreadful,down,,,,
word-catalog-v1,CREATE_DRAFT,,,,,terrifying,terrifying,adjective,B2,emotions-personality,可怕的,,,,'tәrifaiiŋ,,,,,,TRUE,害怕的,惱怒的,想家的,無聊的,不好意思的,令人驚歎的,FALSE,,,,,,,,,,
word-catalog-v1,CREATE_DRAFT,,,,,uncomfortable,uncomfortable,adjective,B2,emotions-personality,不舒服,,,,.ʌn'kʌmfәtәbl,,,,,,TRUE,不好意思的,滿意,低落,令人沮喪的,高興的,憤怒的,FALSE,,,,,,,,,,
word-catalog-v1,CREATE_DRAFT,,,,,amaze,amaze,verb,B2,emotions-personality,使驚奇,,,,ә'meiz,,,,,,TRUE,後悔,崇拜,追求,求婚,使驚慌,使厭惡,TRUE,regret,adore,woo,propose,please,favor,,,,
word-catalog-v1,CREATE_DRAFT,,,,,regret,regret,verb,B2,emotions-personality,後悔,,,,ri'gret,,,,,,TRUE,使驚奇,崇拜,追求,求婚,取悅,偏愛,TRUE,amaze,adore,woo,propose,disgust,consult,,,,
word-catalog-v1,CREATE_DRAFT,,,,,embarrassment,embarrassment,noun,B2,emotions-personality,尷尬,,,,im'bærәsmәnt,,,,,,TRUE,恐慌,憐憫,解脫,驚奇,抑鬱,憤怒,FALSE,,,,,,,,,,
word-catalog-v1,CREATE_DRAFT,,,,,enthusiasm,enthusiasm,noun,B2,emotions-personality,熱情,,,,in'θju:ziæzәm,,,,,,TRUE,尷尬,恐慌,壓力,憐憫,驚奇,情人節卡片,FALSE,,,,,,,,,,
word-catalog-v1,CREATE_DRAFT,,,,,panic,panic,noun,B2,emotions-personality,恐慌,,,,'pænik,,,,,,TRUE,恐懼,尷尬,解脫,刺激,抑鬱,驚奇,TRUE,relief,enthusiasm,pity,terror,embarrassment,thrill,,,,
word-catalog-v1,CREATE_DRAFT,,,,,pity,pity,noun,B2,emotions-personality,憐憫,,,,'piti,,,,,,TRUE,壓力,尷尬,恐懼,恐慌,憤怒,抑鬱,TRUE,panic,relief,wonder,terror,thrill,depression,,,,
word-catalog-v1,CREATE_DRAFT,,,,,relief,relief,noun,B2,emotions-personality,解脫,,,,ri'li:f,,,,,,TRUE,刺激,憐憫,壓力,尷尬,憤怒,熱情,TRUE,pity,wonder,rage,panic,terror,enthusiasm,,,,
word-catalog-v1,CREATE_DRAFT,,,,,stress,stress,noun,B2,emotions-personality,壓力,,,,stres,,,,,,FALSE,,,,,,,TRUE,relief,thrill,depression,rage,pity,awkward,,,,
word-catalog-v1,CREATE_DRAFT,,,,,terror,terror,noun,B2,emotions-personality,恐懼,,,,'terә,,,,,,TRUE,恐慌,刺激,解脫,驚奇,熱情,關心,FALSE,,,,,,,,,,
word-catalog-v1,CREATE_DRAFT,,,,,thrill,thrill,noun,B2,emotions-personality,刺激,,,,θril,,,,,,TRUE,恐懼,抑鬱,驚奇,憤怒,熱情,關心,TRUE,wonder,depression,terror,rage,embarrassment,stress,,,,
word-catalog-v1,CREATE_DRAFT,,,,,wonder,wonder,noun,B2,emotions-personality,驚奇,,,,'wʌndә,,,,,,TRUE,刺激,恐懼,抑鬱,壓力,熱情,仰慕者,TRUE,thrill,depression,rage,terror,enthusiasm,caring,,,,
word-catalog-v1,CREATE_DRAFT,,,,,sheepish,sheepish,adjective,B2,emotions-personality,不好意思的,,,,'ʃi:piʃ,,,,,,TRUE,滿意,不舒服,令人沮喪的,令人驚歎的,噁心的,惱怒的,TRUE,uncomfortable,satisfied,terrifying,irritated,delighted,disgusting,,,,
word-catalog-v1,CREATE_DRAFT,,,,,depression,depression,noun,B2,emotions-personality,抑鬱,,,,di'preʃәn,,,,,,TRUE,憤怒,驚奇,刺激,解脫,壓力,新郎,TRUE,wonder,rage,thrill,relief,embarrassment,lovebirds,,,,
word-catalog-v1,CREATE_DRAFT,,,,,rage,rage,noun,B2,emotions-personality,憤怒,,,,reidʒ,,,,,,TRUE,抑鬱,恐懼,憐憫,驚奇,壓力,吻痕,FALSE,,,,,,,,,,
word-catalog-v1,CREATE_DRAFT,,,,,recreation,recreation,noun,B2,sports-leisure,娛樂,,,,.rekri'eiʃәn,,,,,,TRUE,玩伴,梅花,方塊,紅心,黑桃,王牌,FALSE,,,,,,,,,,
word-catalog-v1,CREATE_DRAFT,,,,,charades,charades,noun,B2,sports-leisure,猜字遊戲,,,,ʃəˈreɪdz,,,,,,TRUE,井字棋,娛樂,玩伴,梅花,方塊,手牌,TRUE,recreation,playmate,diamond,heart,club,spade,,,,
word-catalog-v1,CREATE_DRAFT,,,,,jigsaw puzzle,jigsaw puzzle,noun,B2,sports-leisure,拼圖,,,,ˈdʒɪgˌsɔ: ˈpʌzl,,,,,,TRUE,撲克牌,芭比娃娃,布娃娃,單槓,跳繩,武術,TRUE,playing card,rag doll,Barbie doll,locker room,jump rope,muscle memory,,,,
word-catalog-v1,CREATE_DRAFT,,,,,playmate,playmate,noun,B2,sports-leisure,玩伴,,,,'pleimeit,,,,,,TRUE,紅心,梅花,黑桃,娛樂,手球,手牌,TRUE,charades,diamond,ace,heart,hand,club,,,,
word-catalog-v1,CREATE_DRAFT,,,,,playing card,playing card,noun,B2,sports-leisure,撲克牌,,,,p'leɪɪŋk'ɑ:d,,,,,,TRUE,拼圖,芭比娃娃,布娃娃,交叉訓練機,單槓,更衣室,TRUE,jigsaw puzzle,rag doll,Barbie doll,locker room,martial arts,dressing room,,,,
word-catalog-v1,CREATE_DRAFT,,,,,club,club,noun,B2,sports-leisure,梅花,,,,klʌb,,,,,,TRUE,方塊,王牌,玩伴,手球,手牌,棋子,TRUE,spade,tic-tac-toe,diamond,ace,handball,playmate,,,,
word-catalog-v1,CREATE_DRAFT,,,,,diamond,diamond,noun,B2,sports-leisure,方塊,,,,'daiәmәnd,,,,,,TRUE,紅心,黑桃,王牌,手球,棋子,頭像,TRUE,heart,hand,spade,tic-tac-toe,domino,ace,,,,
word-catalog-v1,CREATE_DRAFT,,,,,heart,heart,noun,B2,sports-leisure,紅心,,,,hɑ:t,,,,,,TRUE,方塊,黑桃,梅花,手牌,棋子,頭像,TRUE,handball,hand,piece,diamond,spade,domino,,,,
word-catalog-v1,CREATE_DRAFT,,,,,spade,spade,noun,B2,sports-leisure,黑桃,,,,speid,,,,,,TRUE,紅心,王牌,手球,井字棋,方塊,記分牌,TRUE,tic-tac-toe,heart,ace,handball,piece,scoreboard,,,,
word-catalog-v1,CREATE_DRAFT,,,,,ace,ace,noun,B2,sports-leisure,王牌,,,,eis,,,,,,TRUE,手牌,記分牌,多米諾骨牌,黑桃,紅心,玩伴,TRUE,hand,tic-tac-toe,domino,avatar,handball,joystick,,,,
word-catalog-v1,CREATE_DRAFT,,,,,hand,hand,noun,B2,sports-leisure,手牌,,,,hænd,,,,,,TRUE,王牌,記分牌,多米諾骨牌,井字棋,棋子,操縱桿,TRUE,piece,scoreboard,ace,domino,avatar,spade,,,,
word-catalog-v1,CREATE_DRAFT,,,,,tic-tac-toe,tic-tac-toe,noun,B2,sports-leisure,井字棋,,,,ˌtɪk.tækˈtoʊ,,,,,,TRUE,棋子,猜字遊戲,操縱桿,手球,記分牌,頭像,TRUE,hand,handball,joystick,piece,scoreboard,club,,,,
word-catalog-v1,CREATE_DRAFT,,,,,handball,handball,noun,B2,sports-leisure,手球,,,,'hændbɒ:l,,,,,,TRUE,井字棋,頭像,王牌,黑桃,梅花,操縱桿,TRUE,tic-tac-toe,domino,avatar,piece,heart,charades,,,,
word-catalog-v1,CREATE_DRAFT,,,,,Barbie doll,Barbie doll,noun,B2,sports-leisure,芭比娃娃,,,,,,,,,,TRUE,布娃娃,撲克牌,拼圖,交叉訓練機,肌肉記憶,跳繩,TRUE,rag doll,playing card,jigsaw puzzle,locker room,cross trainer,horizontal bar,,,,
word-catalog-v1,CREATE_DRAFT,,,,,domino,domino,noun,B2,sports-leisure,多米諾骨牌,,,,'dɒminәu,,,,,,TRUE,手牌,記分牌,王牌,猜字遊戲,操縱桿,紅心,TRUE,joystick,scoreboard,avatar,handball,ace,diamond,,,,
word-catalog-v1,CREATE_DRAFT,,,,,rag doll,rag doll,noun,B2,sports-leisure,布娃娃,,,,ræɡ dɔl,,,,,,TRUE,芭比娃娃,撲克牌,拼圖,划船機,單槓,肌肉記憶,TRUE,Barbie doll,playing card,jigsaw puzzle,jump rope,rowing machine,jumping jack,,,,
word-catalog-v1,CREATE_DRAFT,,,,,piece,piece,noun,B2,sports-leisure,棋子,,,,pi:s,,,,,,TRUE,井字棋,頭像,手球,多米諾骨牌,操縱桿,手牌,TRUE,joystick,scoreboard,avatar,domino,playmate,recreation,,,,
word-catalog-v1,CREATE_DRAFT,,,,,Monopoly,Monopoly,proper_noun,B2,sports-leisure,大富翁,,,,mә'nɒpәli,,,,,,TRUE,拼字遊戲,獨立日,狂歡節,愚人節,黑色星期五,聖帕特里克節,TRUE,Scrabble,Mardi Gras,St. Patrick's Day,Black Friday,Independence Day,April Fools' Day,,,,
word-catalog-v1,CREATE_DRAFT,,,,,Scrabble,Scrabble,proper_noun,B2,sports-leisure,拼字遊戲,,,,'skræbl,,,,,,TRUE,大富翁,獨立日,狂歡節,黑色星期五,白馬王子,聖經,TRUE,Monopoly,Mardi Gras,St. Patrick's Day,Black Friday,Gospel,Christianity,,,,
word-catalog-v1,CREATE_DRAFT,,,,,scoreboard,scoreboard,noun,B2,sports-leisure,記分牌,,,,'skɒ:bɒ:d,,,,,,TRUE,手牌,王牌,多米諾骨牌,操縱桿,方塊,娛樂,TRUE,joystick,avatar,piece,domino,club,diamond,,,,
word-catalog-v1,CREATE_DRAFT,,,,,avatar,avatar,noun,B2,sports-leisure,頭像,,,,.ævә'tɑ:,,,,,,TRUE,棋子,記分牌,操縱桿,玩伴,黑桃,梅花,TRUE,scoreboard,joystick,piece,tic-tac-toe,domino,barbell,,,,
word-catalog-v1,CREATE_DRAFT,,,,,joystick,joystick,noun,B2,sports-leisure,操縱桿,,,,"'dʒɔi,stik",,,,,,TRUE,記分牌,頭像,棋子,多米諾骨牌,紅心,方塊,TRUE,avatar,scoreboard,piece,hand,tic-tac-toe,playmate,,,,
word-catalog-v1,CREATE_DRAFT,,,,,action,action,noun,B2,society-law-politics,行動,,,,'ækʃәn,,,,,,FALSE,,,,,,,FALSE,,,,,,,,,,
word-catalog-v1,CREATE_DRAFT,,,,,advance,advance,noun,B2,society-law-politics,前進,,,,әd'vɑ:ns,,,,,,FALSE,,,,,,,TRUE,navy,arms,grenade,handgun,mine,campaign,,,,
word-catalog-v1,CREATE_DRAFT,,,,,military,military,adjective,B2,society-law-politics,軍事的,,,,'militәri,,,,,,TRUE,武裝的,民用的,被佔領的,防彈,高貴的,平等的,TRUE,armed,civil,occupied,bulletproof,strict,legal,,,,
word-catalog-v1,CREATE_DRAFT,,,,,air force,air force,noun,B2,society-law-politics,空軍,,,,ˈer ˌfɔːrs,,,,,,TRUE,地對空導彈,空對地導彈,戰爭罪,核潛艇,指節銅套,人權,TRUE,ground-to-air missile,air-to-ground missile,war crime,nuclear submarine,brass knuckles,age limit,,,,
word-catalog-v1,CREATE_DRAFT,,,,,navy,navy,noun,B2,society-law-politics,海軍,,,,'neivi,,,,,,TRUE,軍銜,軍艦,海軍陸戰隊員,戰略,武器,前進,TRUE,arms,advance,grenade,handgun,gunfight,strategy,,,,
word-catalog-v1,CREATE_DRAFT,,,,,strategy,strategy,noun,B2,society-law-politics,戰略,,,,'strætidʒi,,,,,,FALSE,,,,,,,TRUE,navy,arms,mine,advance,gunfight,parade,,,,
word-catalog-v1,CREATE_DRAFT,,,,,arms,arms,noun,B2,society-law-politics,武器,,,,ɑ:mz,,,,,,TRUE,隨身武器,海軍,手槍,地雷,戰略,戰役,FALSE,,,,,,,,,,
word-catalog-v1,CREATE_DRAFT,,,,,grenade,grenade,noun,B2,society-law-politics,手榴彈,,,,gri'neid,,,,,,TRUE,手槍,武器,地雷,海軍,行動,前進,TRUE,campaign,handgun,mine,advance,rank,gunfight,,,,
word-catalog-v1,CREATE_DRAFT,,,,,handgun,handgun,noun,B2,society-law-politics,手槍,,,,'hændɡʌn,,,,,,TRUE,槍戰,手榴彈,戰役,地雷,武器,戰略,TRUE,grenade,campaign,mine,refugee,parade,volunteer,,,,
word-catalog-v1,CREATE_DRAFT,,,,,mine,mine,noun,B2,society-law-politics,地雷,,,,main,,,,,,TRUE,手槍,戰役,手榴彈,海軍,槍戰,行動,TRUE,handgun,campaign,grenade,rank,refugee,warship,,,,
word-catalog-v1,CREATE_DRAFT,,,,,campaign,campaign,noun,B2,society-law-politics,戰役,,,,kæm'pein,,,,,,TRUE,槍戰,戰略,空戰,戰利品,海軍陸戰隊員,地雷,TRUE,navy,mine,arms,volunteer,rank,refugee,,,,
word-catalog-v1,CREATE_DRAFT,,,,,command,command,verb,B2,society-law-politics,指揮,,,,kә'mɑ:nd,,,,,,FALSE,,,,,,,FALSE,,,,,,,,,,
word-catalog-v1,CREATE_DRAFT,,,,,desert,desert,verb,B2,society-law-politics,開小差,,,,'dezәt. di'sә:t,,,,,,TRUE,招募,支配,入侵,指揮,破壞,打,TRUE,dominate,invade,recruit,command,wreck,strike,,,,
word-catalog-v1,CREATE_DRAFT,,,,,dominate,dominate,verb,B2,society-law-politics,支配,,,,'dɒmineit,,,,,,TRUE,開小差,招募,入侵,指揮,傷害,支持,TRUE,desert,invade,recruit,wound,command,debate,,,,
word-catalog-v1,CREATE_DRAFT,,,,,invade,invade,verb,B2,society-law-politics,入侵,,,,in'veid,,,,,,TRUE,開小差,支配,招募,指揮,尊敬,揭露,TRUE,dominate,desert,recruit,wreck,wound,plot,,,,
word-catalog-v1,CREATE_DRAFT,,,,,recruit,recruit,verb,B2,society-law-politics,招募,,,,ri'kru:t,,,,,,TRUE,入侵,開小差,支配,破壞,傷害,尊敬,TRUE,invade,dominate,desert,strike,wound,border,,,,
word-catalog-v1,CREATE_DRAFT,,,,,strike,strike,verb,B2,society-law-politics,打,,,,straik,,,,,,FALSE,,,,,,,FALSE,,,,,,,,,,
word-catalog-v1,CREATE_DRAFT,,,,,gunfight,gunfight,noun,B2,society-law-politics,槍戰,,,,'gʌnfait,,,,,,TRUE,戰役,手槍,空戰,戰略,戰利品,遊行,TRUE,parade,warship,volunteer,spoil,rank,refugee,,,,
word-catalog-v1,CREATE_DRAFT,,,,,armed,armed,adjective,B2,society-law-politics,武裝的,,,,ɑ:md,,,,,,TRUE,民用的,被佔領的,軍事的,防彈,嚴格的,法律的,TRUE,civil,occupied,military,bulletproof,federal,presidential,,,,
word-catalog-v1,CREATE_DRAFT,,,,,civil,civil,adjective,B2,society-law-politics,民用的,,,,'sivәl,,,,,,TRUE,武裝的,被佔領的,軍事的,防彈,聯邦的,總統的,TRUE,armed,occupied,military,bulletproof,revolutionary,equal,,,,
word-catalog-v1,CREATE_DRAFT,,,,,occupied,occupied,adjective,B2,society-law-politics,被佔領的,,,,ˈɑː.kjə.paɪd,,,,,,TRUE,民用的,武裝的,軍事的,防彈,有偏見的,革命的,TRUE,civil,armed,military,bulletproof,spiritual,royal,,,,
word-catalog-v1,CREATE_DRAFT,,,,,parade,parade,noun,B2,society-law-politics,遊行,,,,pә'reid,,,,,,TRUE,行動,難民,軍銜,坦克,志願者,軍艦,TRUE,warship,volunteer,spoil,gunfight,dogfight,marine,,,,
word-catalog-v1,CREATE_DRAFT,,,,,rank,rank,noun,B2,society-law-politics,軍銜,,,,ræŋk,,,,,,FALSE,,,,,,,TRUE,parade,refugee,warship,dogfight,sidearm,gunfight,,,,
word-catalog-v1,CREATE_DRAFT,,,,,refugee,refugee,noun,B2,society-law-politics,難民,,,,.refju'dʒi:,,,,,,TRUE,遊行,坦克,軍銜,志願者,槍戰,戰利品,TRUE,rank,volunteer,spoil,marine,sidearm,tank,,,,
word-catalog-v1,CREATE_DRAFT,,,,,volunteer,volunteer,noun,B2,society-law-politics,志願者,,,,.vɒlәn'tiә,,,,,,TRUE,難民,坦克,軍艦,遊行,戰利品,空戰,TRUE,warship,parade,spoil,dogfight,tank,campaign,,,,
word-catalog-v1,CREATE_DRAFT,,,,,tank,tank,noun,B2,society-law-politics,坦克,,,,tæŋk,,,,,,FALSE,,,,,,,TRUE,volunteer,warship,refugee,marine,sidearm,handgun,,,,
word-catalog-v1,CREATE_DRAFT,,,,,warship,warship,noun,B2,society-law-politics,軍艦,,,,'wɒ:ʃip,,,,,,TRUE,軍銜,海軍,海軍陸戰隊員,難民,坦克,遊行,TRUE,spoil,dogfight,rank,marine,parade,grenade,,,,
word-catalog-v1,CREATE_DRAFT,,,,,war crime,war crime,noun,B2,society-law-politics,戰爭罪,,,,ˈwɔːr ˌkraɪm,,,,,,TRUE,核潛艇,地對空導彈,指節銅套,空軍,犯罪記錄,規則書,TRUE,nuclear submarine,brass knuckles,ground-to-air missile,air force,the Lord,bulletproof vest,,,,
word-catalog-v1,CREATE_DRAFT,,,,,nuclear submarine,nuclear submarine,noun,B2,society-law-politics,核潛艇,,,,ˈnju:kliə ˈsʌbməri:n,,,,,,TRUE,戰爭罪,空對地導彈,地對空導彈,空軍,年齡限制,規則書,TRUE,war crime,air-to-ground missile,brass knuckles,air force,the Lord,community service,,,,
word-catalog-v1,CREATE_DRAFT,,,,,wreck,wreck,verb,B2,society-law-politics,破壞,,,,rek,,,,,,TRUE,傷害,招募,入侵,支配,解僱,懺悔,FALSE,,,,,,,,,,
word-catalog-v1,CREATE_DRAFT,,,,,spoil,spoil,noun,B2,society-law-politics,戰利品,,,,spɒil,,,,,,TRUE,空戰,槍戰,戰役,戰略,志願者,隨身武器,TRUE,dogfight,sidearm,marine,warship,rank,campaign,,,,
word-catalog-v1,CREATE_DRAFT,,,,,wound,wound,verb,B2,society-law-politics,傷害,,,,wu:nd,,,,,,TRUE,破壞,招募,開小差,入侵,皈依,揭露,FALSE,,,,,,,,,,
word-catalog-v1,CREATE_DRAFT,,,,,ground-to-air missile,ground-to-air missile,noun,B2,society-law-politics,地對空導彈,,,,,,,,,,TRUE,空對地導彈,空軍,指節銅套,核潛艇,防彈背心,年齡限制,TRUE,air-to-ground missile,air force,nuclear submarine,brass knuckles,labor party,rule book,,,,
word-catalog-v1,CREATE_DRAFT,,,,,air-to-ground missile,air-to-ground missile,noun,B2,society-law-politics,空對地導彈,,,,ˈɛətəˈɡraund ˈmisail,,,,,,TRUE,地對空導彈,空軍,指節銅套,戰爭罪,防彈背心,社區服務,TRUE,ground-to-air missile,air force,war crime,brass knuckles,life sentence,identity theft,,,,
word-catalog-v1,CREATE_DRAFT,,,,,brass knuckles,brass knuckles,noun,B2,society-law-politics,指節銅套,,,,ˌbræs ˈnʌk.əlz,,,,,,TRUE,空對地導彈,地對空導彈,核潛艇,空軍,家庭法院,社區服務,TRUE,air-to-ground missile,ground-to-air missile,nuclear submarine,air force,community service,family court,,,,
word-catalog-v1,CREATE_DRAFT,,,,,dogfight,dogfight,noun,B2,society-law-politics,空戰,,,,'dɒɡf'aɪt,,,,,,TRUE,槍戰,戰役,戰利品,戰略,軍艦,難民,TRUE,sidearm,marine,spoil,warship,parade,navy,,,,
word-catalog-v1,CREATE_DRAFT,,,,,marine,marine,noun,B2,society-law-politics,海軍陸戰隊員,,,,mә'ri:n,,,,,,TRUE,海軍,空戰,軍艦,戰利品,軍銜,槍戰,TRUE,dogfight,sidearm,spoil,volunteer,refugee,mine,,,,
word-catalog-v1,CREATE_DRAFT,,,,,gun down,gun down,phrasal_verb,B2,society-law-politics,槍殺,,,,ɡʌn daun,,,,,,TRUE,關押,聚會,競選,逃脫,仔細考慮,向……求助,TRUE,lock away,run for,get together,break out,let down,die for,,,,
word-catalog-v1,CREATE_DRAFT,,,,,sidearm,sidearm,noun,B2,society-law-politics,隨身武器,,,,'saidɑ:m,,,,,,TRUE,武器,海軍陸戰隊員,空戰,志願者,戰利品,坦克,TRUE,marine,dogfight,spoil,refugee,tank,arms,,,,
word-catalog-v1,CREATE_DRAFT,,,,,bulletproof,bulletproof,adjective,B2,society-law-politics,防彈,,,,'bulitpru:f,,,,,,TRUE,被佔領的,民用的,武裝的,軍事的,皇家的,猶太的,TRUE,occupied,civil,armed,military,biased,forbidden,,,,
word-catalog-v1,CREATE_DRAFT,,,,,abandoned,abandoned,adjective,B2,places-community,廢棄的,,,,ә'bændәnd,,,,,,TRUE,工業的,寬敞的,外部的,開放式,經濟的,廢墟,TRUE,external,industrial,open-plan,spacious,budget,brick,,,,
word-catalog-v1,CREATE_DRAFT,,,,,external,external,adjective,B2,places-community,外部的,,,,ik'stә:nl,,,,,,TRUE,廢棄的,工業的,寬敞的,開放式,混凝土,挖掘機,FALSE,,,,,,,,,,
word-catalog-v1,CREATE_DRAFT,,,,,industrial,industrial,adjective,B2,places-community,工業的,,,,in'dʌstriәl,,,,,,TRUE,廢棄的,寬敞的,外部的,開放式,柱子,開發,TRUE,abandoned,external,open-plan,spacious,concrete,development,,,,
word-catalog-v1,CREATE_DRAFT,,,,,open-plan,open-plan,adjective,B2,places-community,開放式,,,,ˈəupən plæn,,,,,,TRUE,工業的,廢棄的,寬敞的,外部的,磚,走廊,TRUE,industrial,abandoned,spacious,external,digger,passage,,,,
word-catalog-v1,CREATE_DRAFT,,,,,spacious,spacious,adjective,B2,places-community,寬敞的,,,,'speiʃәs,,,,,,TRUE,工業的,廢棄的,外部的,開放式,出口,小屋,TRUE,open-plan,industrial,abandoned,external,hut,construct,,,,
word-catalog-v1,CREATE_DRAFT,,,,,construct,construct,verb,B2,places-community,建造,,,,kәn'strʌkt,,,,,,TRUE,重建,夷平,擦洗,塗,掃,巡航,FALSE,,,,,,,,,,
word-catalog-v1,CREATE_DRAFT,,,,,brick,brick,noun,B2,places-community,磚,,,,brik,,,,,,TRUE,柱子,開發,走廊,混凝土,出口,小屋,TRUE,concrete,development,digger,passage,hut,curb,,,,
word-catalog-v1,CREATE_DRAFT,,,,,column,column,noun,B2,places-community,柱子,,,,'kɒlәm,,,,,,FALSE,,,,,,,TRUE,brick,concrete,development,digger,landfill,sewer,,,,
word-catalog-v1,CREATE_DRAFT,,,,,concrete,concrete,noun,B2,places-community,混凝土,,,,'kɒnkri:t,,,,,,TRUE,挖掘機,堆填區,柱子,開發,下水道,走廊,TRUE,brick,passage,development,digger,landmark,column,,,,
word-catalog-v1,CREATE_DRAFT,,,,,development,development,noun,B2,places-community,開發,,,,di'velәpmәnt,,,,,,TRUE,路緣,出口,小屋,廢墟,磚,柱子,TRUE,concrete,hut,passage,brick,landfill,monument,,,,
word-catalog-v1,CREATE_DRAFT,,,,,digger,digger,noun,B2,places-community,挖掘機,,,,'digә,,,,,,TRUE,混凝土,堆填區,紀念碑,下水道,開發,路緣,TRUE,curb,hut,ruin,sewer,casino,development,,,,
word-catalog-v1,CREATE_DRAFT,,,,,passage,passage,noun,B2,places-community,走廊,,,,'pæsidʒ,,,,,,TRUE,地標,出口,小屋,挖掘機,廢墟,賭場,FALSE,,,,,,,,,,
word-catalog-v1,CREATE_DRAFT,,,,,exit,exit,noun,B2,places-community,出口,,,,'eksit,,,,,,FALSE,,,,,,,FALSE,,,,,,,,,,
word-catalog-v1,CREATE_DRAFT,,,,,hut,hut,noun,B2,places-community,小屋,,,,hʌt,,,,,,TRUE,路緣,地標,法院,走廊,廢墟,賭場,FALSE,,,,,,,,,,
word-catalog-v1,CREATE_DRAFT,,,,,level,level,verb,B2,places-community,夷平,,,,'levl,,,,,,FALSE,,,,,,,TRUE,rebuild,construct,scrub,sweep,wipe,delay,,,,
word-catalog-v1,CREATE_DRAFT,,,,,rebuild,rebuild,verb,B2,places-community,重建,,,,riː'bɪld,,,,,,TRUE,建造,夷平,拖地,擦洗,延遲,巡航,TRUE,level,construct,scrub,vacuum,coat,cruise,,,,
word-catalog-v1,CREATE_DRAFT,,,,,ruin,ruin,noun,B2,places-community,廢墟,,,,ruin,,,,,,FALSE,,,,,,,TRUE,curb,landmark,courthouse,landfill,monument,disco,,,,
word-catalog-v1,CREATE_DRAFT,,,,,curb,curb,noun,B2,places-community,路緣,,,,kә:b,,,,,,TRUE,地標,法院,校舍,結構,堆填區,賭場,TRUE,sewer,casino,landmark,courthouse,schoolhouse,ruin,,,,
word-catalog-v1,CREATE_DRAFT,,,,,landfill,landfill,noun,B2,places-community,堆填區,,,,'lændfil,,,,,,TRUE,紀念碑,下水道,路緣,迪斯科舞廳,地標,法院,TRUE,monument,disco,structure,curb,sewer,casino,,,,
word-catalog-v1,CREATE_DRAFT,,,,,sewer,sewer,noun,B2,places-community,下水道,,,,'su:ә,,,,,,TRUE,紀念碑,堆填區,校舍,結構,墓地,迪斯科舞廳,TRUE,landfill,landmark,courthouse,schoolhouse,structure,graveyard,,,,
word-catalog-v1,CREATE_DRAFT,,,,,landmark,landmark,noun,B2,places-community,地標,,,,'lændmɑ:k,,,,,,TRUE,墓地,賭場,法院,校舍,下水道,紀念碑,TRUE,monument,disco,casino,tomb,courthouse,schoolhouse,,,,
word-catalog-v1,CREATE_DRAFT,,,,,monument,monument,noun,B2,places-community,紀念碑,,,,'mɒnjumәnt,,,,,,TRUE,下水道,堆填區,結構,地標,迪斯科舞廳,挖掘機,TRUE,disco,structure,graveyard,landmark,casino,tomb,,,,
word-catalog-v1,CREATE_DRAFT,,,,,casino,casino,noun,B2,places-community,賭場,,,,kә'si:nәu,,,,,,TRUE,法院,校舍,結構,墓地,路緣,廢墟,TRUE,monument,courthouse,schoolhouse,structure,sewer,hut,,,,
word-catalog-v1,CREATE_DRAFT,,,,,courthouse,courthouse,noun,B2,places-community,法院,,,,'kɔ:th'aʊs,,,,,,TRUE,賭場,校舍,結構,墓地,小屋,出口,TRUE,disco,graveyard,tomb,schoolhouse,landfill,curb,,,,
word-catalog-v1,CREATE_DRAFT,,,,,disco,disco,noun,B2,places-community,迪斯科舞廳,,,,'diskәu,,,,,,TRUE,紀念碑,法院,下水道,堆填區,結構,廢墟,TRUE,structure,graveyard,courthouse,tomb,monument,ruin,,,,
word-catalog-v1,CREATE_DRAFT,,,,,nursing home,nursing home,noun,B2,places-community,養老院,,,,ˈnɝː.sɪŋ ˌhoʊm,,,,,,TRUE,殯儀館,市政廳,垃圾桶,聯排別墅,空調,法院,TRUE,funeral home,town hall,row house,air conditioning,garbage can,travel agency,,,,
word-catalog-v1,CREATE_DRAFT,,,,,schoolhouse,schoolhouse,noun,B2,places-community,校舍,,,,'sku:lhaus,,,,,,TRUE,墓地,結構,賭場,地標,迪斯科舞廳,路緣,TRUE,structure,graveyard,disco,courthouse,sewer,passage,,,,
word-catalog-v1,CREATE_DRAFT,,,,,structure,structure,noun,B2,places-community,結構,,,,'strʌktʃә,,,,,,TRUE,校舍,墓地,賭場,地標,墳墓,走廊,TRUE,schoolhouse,tomb,graveyard,casino,sewer,hut,,,,
word-catalog-v1,CREATE_DRAFT,,,,,town hall,town hall,noun,B2,places-community,市政廳,,,,'tajnhɔ:l,,,,,,TRUE,養老院,殯儀館,垃圾桶,住宅開發,聯排別墅,熱氣球,FALSE,,,,,,,,,,
word-catalog-v1,CREATE_DRAFT,,,,,funeral home,funeral home,noun,B2,places-community,殯儀館,,,,ˈfju:nərəl həum,,,,,,TRUE,市政廳,養老院,垃圾桶,住宅開發,空調,禮品店,TRUE,nursing home,town hall,row house,central heating,housing development,hot-air balloon,,,,
word-catalog-v1,CREATE_DRAFT,,,,,graveyard,graveyard,noun,B2,places-community,墓地,,,,'greivjɑ:d,,,,,,TRUE,墳墓,地標,校舍,結構,紀念碑,路緣,TRUE,tomb,structure,schoolhouse,disco,ruin,sewer,,,,
word-catalog-v1,CREATE_DRAFT,,,,,tomb,tomb,noun,B2,places-community,墳墓,,,,tu:m,,,,,,TRUE,墓地,校舍,結構,下水道,開發,地標,FALSE,,,,,,,,,,
word-catalog-v1,CREATE_DRAFT,,,,,biochemistry,biochemistry,noun,B2,science-mathematics,生物化學,,,,.baiәu'kemistri,,,,,,TRUE,生物,化合物,物質,礦物,遺傳學,風化,TRUE,bacteria,being,cycle,genetics,compound,element,,,,
word-catalog-v1,CREATE_DRAFT,,,,,biological,biological,adjective,B2,science-mathematics,生物的,,,,.baiәu'lɒdʒikәl,,,,,,TRUE,人工的,不透的,分析的,外部的,眾多的,廣闊的,TRUE,artificial,impervious,analytical,descriptive,numerous,multiple,,,,
word-catalog-v1,CREATE_DRAFT,,,,,artificial,artificial,adjective,B2,science-mathematics,人工的,,,,.ɑ:ti'fiʃәl,,,,,,TRUE,生物的,不透的,分析的,外部的,巨大的,新的,TRUE,biological,impervious,analytical,outer,numerous,vast,,,,
word-catalog-v1,CREATE_DRAFT,,,,,bacteria,bacteria,noun,B2,science-mathematics,細菌,,,,bæk'tiәriә,,,,,,TRUE,週期,生物,元素,分子,遺傳學,物質,TRUE,biochemistry,being,cycle,genetics,matter,mineral,,,,
word-catalog-v1,CREATE_DRAFT,,,,,being,being,noun,B2,science-mathematics,生物,,,,'bi:iŋ,,,,,,TRUE,生物化學,礦物,物質,化合物,細菌,週期,FALSE,,,,,,,,,,
word-catalog-v1,CREATE_DRAFT,,,,,cycle,cycle,noun,B2,science-mathematics,週期,,,,'saikl,,,,,,TRUE,細菌,生物,元素,溶液,分子,輻射,TRUE,bacteria,being,compound,biochemistry,molecule,matter,,,,
word-catalog-v1,CREATE_DRAFT,,,,,DNA,DNA,abbreviation,B2,science-mathematics,脫氧核糖核酸,,,,ˌdiː.enˈeɪ,,,,,,FALSE,,,,,,,FALSE,,,,,,,,,,
word-catalog-v1,CREATE_DRAFT,,,,,genetics,genetics,noun,B2,science-mathematics,遺傳學,,,,dʒi'netiks,,,,,,TRUE,傳感器,生物化學,化合物,週期,元素,溶液,TRUE,element,solution,cycle,compound,mineral,molecule,,,,
word-catalog-v1,CREATE_DRAFT,,,,,evolve,evolve,verb,B2,science-mathematics,進化,,,,i'vɒlv,,,,,,TRUE,推進,激活,產生,吸收,發射,引用,TRUE,absorb,activate,generate,advance,cite,classify,,,,
word-catalog-v1,CREATE_DRAFT,,,,,compound,compound,noun,B2,science-mathematics,化合物,,,,kәm'paund,,,,,,TRUE,生物化學,礦物,物質,生物,元素,溶液,TRUE,element,genetics,matter,solution,radiation,mineral,,,,
word-catalog-v1,CREATE_DRAFT,,,,,element,element,noun,B2,science-mathematics,元素,,,,'elimәnt,,,,,,TRUE,分子,輻射,礦物,工業,物質,溶液,TRUE,molecule,compound,matter,solution,radiation,industry,,,,
word-catalog-v1,CREATE_DRAFT,,,,,matter,matter,noun,B2,science-mathematics,物質,,,,'mætә,,,,,,TRUE,礦物,生物,化合物,生物化學,分子,輻射,TRUE,element,mineral,molecule,radiation,sensor,bacteria,,,,
word-catalog-v1,CREATE_DRAFT,,,,,mineral,mineral,noun,B2,science-mathematics,礦物,,,,'minәrәl,,,,,,TRUE,物質,生物,化合物,生物化學,工業,電路,TRUE,solution,matter,molecule,circuit,element,field,,,,
word-catalog-v1,CREATE_DRAFT,,,,,molecule,molecule,noun,B2,science-mathematics,分子,,,,'mɒlikju:l,,,,,,TRUE,溶液,輻射,電線,元素,工業,電路,TRUE,industry,mineral,solution,radiation,sensor,wire,,,,
word-catalog-v1,CREATE_DRAFT,,,,,solution,solution,noun,B2,science-mathematics,溶液,,,,sә'lu:ʃәn,,,,,,TRUE,分子,輻射,運動,電線,礦物,場,TRUE,industry,circuit,radiation,field,molecule,motion,,,,
word-catalog-v1,CREATE_DRAFT,,,,,boiling point,boiling point,noun,B2,science-mathematics,沸點,,,,'bɔiliŋ,,,,,,TRUE,冰點,土木工程,帶電電線,黑洞,太陽系,等號,TRUE,freezing point,civil engineering,live wire,case study,black hole,equal sign,,,,
word-catalog-v1,CREATE_DRAFT,,,,,freezing point,freezing point,noun,B2,science-mathematics,冰點,,,,ˈfriː.zɪŋ ˌpɔɪnt,,,,,,TRUE,沸點,土木工程,帶電電線,案例研究,黑洞,餅圖,TRUE,boiling point,civil engineering,live wire,case study,bar chart,pie chart,,,,
word-catalog-v1,CREATE_DRAFT,,,,,radiation,radiation,noun,B2,science-mathematics,輻射,,,,.reidi'eiʃәn,,,,,,TRUE,馬達,工業,電路,傳感器,運動,電線,TRUE,sensor,wire,motor,industry,circuit,field,,,,
word-catalog-v1,CREATE_DRAFT,,,,,advance,advance,verb,B2,science-mathematics,推進,,,,әd'vɑ:ns,,,,,,FALSE,,,,,,,TRUE,absorb,activate,generate,evolve,compile,estimate,,,,
word-catalog-v1,CREATE_DRAFT,,,,,absorb,absorb,verb,B2,science-mathematics,吸收,,,,әb'sɒ:b,,,,,,TRUE,激活,產生,推進,進化,繞軌道運行,分類,TRUE,activate,generate,advance,evolve,evaluate,observe,,,,
word-catalog-v1,CREATE_DRAFT,,,,,activate,activate,verb,B2,science-mathematics,激活,,,,'æktiveit,,,,,,TRUE,吸收,產生,推進,進化,彙編,指導,TRUE,absorb,generate,advance,evolve,outline,conduct,,,,
word-catalog-v1,CREATE_DRAFT,,,,,generate,generate,verb,B2,science-mathematics,產生,,,,'dʒenәreit,,,,,,TRUE,激活,吸收,推進,進化,推導,檢測,TRUE,activate,absorb,advance,evolve,demonstrate,derive,,,,
word-catalog-v1,CREATE_DRAFT,,,,,industry,industry,noun,B2,science-mathematics,工業,,,,'indәstri,,,,,,TRUE,場,馬達,電路,傳感器,風化,率,TRUE,motion,weathering,sensor,wire,motor,radiation,,,,
word-catalog-v1,CREATE_DRAFT,,,,,civil engineering,civil engineering,noun,B2,science-mathematics,土木工程,,,,ˌsɪv.əl en.dʒɪˈnɪr.ɪŋ,,,,,,TRUE,帶電電線,冰點,沸點,案例研究,外太空,條形圖,TRUE,freezing point,live wire,boiling point,outer space,black hole,line graph,,,,
word-catalog-v1,CREATE_DRAFT,,,,,sensor,sensor,noun,B2,science-mathematics,傳感器,,,,'sensә,,,,,,TRUE,遺傳學,運動,電線,場,馬達,風化,TRUE,circuit,field,motion,weathering,wire,solution,,,,
word-catalog-v1,CREATE_DRAFT,,,,,circuit,circuit,noun,B2,science-mathematics,電路,,,,'sә:kit,,,,,,TRUE,電線,運動,率,傳感器,場,溶液,TRUE,motor,sensor,field,motion,genetics,mineral,,,,
word-catalog-v1,CREATE_DRAFT,,,,,field,field,noun,B2,science-mathematics,場,,,,fi:ld,,,,,,TRUE,率,電路,馬達,運動,輻射,分子,TRUE,weathering,circuit,wire,motor,rate,compound,,,,
word-catalog-v1,CREATE_DRAFT,,,,,wire,wire,noun,B2,science-mathematics,電線,,,,'waiә,,,,,,TRUE,電路,風化,馬達,運動,細菌,溶液,TRUE,motion,weathering,motor,field,industry,rate,,,,
word-catalog-v1,CREATE_DRAFT,,,,,live wire,live wire,noun,B2,science-mathematics,帶電電線,,,,"'laiv,waiə",,,,,,TRUE,土木工程,冰點,沸點,案例研究,電線,折線圖,TRUE,civil engineering,freezing point,boiling point,solar system,outer space,wire,,,,
word-catalog-v1,CREATE_DRAFT,,,,,motion,motion,noun,B2,science-mathematics,運動,,,,'mәuʃәn,,,,,,TRUE,風化,率,馬達,工業,電線,輻射,FALSE,,,,,,,,,,
word-catalog-v1,CREATE_DRAFT,,,,,motor,motor,noun,B2,science-mathematics,馬達,,,,'mәutә,,,,,,TRUE,風化,率,運動,場,工業,週期,TRUE,weathering,motion,circuit,sensor,industry,matter,,,,
word-catalog-v1,CREATE_DRAFT,,,,,rate,rate,noun,B2,science-mathematics,率,,,,reit,,,,,,FALSE,,,,,,,TRUE,motor,weathering,motion,circuit,cycle,molecule,,,,
word-catalog-v1,CREATE_DRAFT,,,,,weathering,weathering,noun,B2,science-mathematics,風化,,,,'weðәriŋ,,,,,,TRUE,化合物,生物化學,馬達,率,運動,傳感器,TRUE,motor,wire,motion,field,element,being,,,,
word-catalog-v1,CREATE_DRAFT,,,,,impervious,impervious,adjective,B2,science-mathematics,不透的,,,,im'pә:viәs,,,,,,TRUE,人工的,生物的,比較的,外部的,廣闊的,電子的,TRUE,artificial,biological,analytical,descriptive,massive,vast,,,,
word-catalog-v1,CREATE_DRAFT,,,,,arc,arc,noun,B2,numbers-quantity,弧,,,,ɑ:k,,,,,,TRUE,面積,集合,空間,體積,乘法,扣除,TRUE,area,set,deduction,division,addition,multiplication,,,,
word-catalog-v1,CREATE_DRAFT,,,,,area,area,noun,B2,numbers-quantity,面積,,,,'єәriә,,,,,,TRUE,體積,弧,集合,空間,乘以,除法,TRUE,arc,set,deduction,times,division,fraction,,,,
word-catalog-v1,CREATE_DRAFT,,,,,set,set,noun,B2,numbers-quantity,集合,,,,set,,,,,,TRUE,面積,分數,加法,弧,乘法,空間,TRUE,area,arc,addition,multiplication,percentage,times,,,,
word-catalog-v1,CREATE_DRAFT,,,,,space,space,noun,B2,numbers-quantity,空間,,,,speis,,,,,,FALSE,,,,,,,TRUE,deduction,set,division,percentage,digit,minus,,,,
word-catalog-v1,CREATE_DRAFT,,,,,volume,volume,noun,B2,numbers-quantity,體積,,,,'vɒljum,,,,,,FALSE,,,,,,,TRUE,fraction,addition,multiplication,deduction,times,plus,,,,
word-catalog-v1,CREATE_DRAFT,,,,,addition,addition,noun,B2,numbers-quantity,加法,,,,ә'diʃәn,,,,,,TRUE,除法,乘法,加號,扣除,乘以,分數,TRUE,division,fraction,multiplication,percentage,digit,graph,,,,
word-catalog-v1,CREATE_DRAFT,,,,,deduction,deduction,noun,B2,numbers-quantity,扣除,,,,di'dʌkʃәn,,,,,,TRUE,除法,數字,乘以,百分比,減號,加法,TRUE,times,minus,addition,division,fraction,area,,,,
word-catalog-v1,CREATE_DRAFT,,,,,division,division,noun,B2,numbers-quantity,除法,,,,di'viʒәn,,,,,,TRUE,扣除,乘法,加法,分數,數字,百分比,TRUE,plus,deduction,multiplication,percentage,digit,mathematician,,,,
word-catalog-v1,CREATE_DRAFT,,,,,multiplication,multiplication,noun,B2,numbers-quantity,乘法,,,,.mʌltipli'keiʃәn,,,,,,TRUE,乘以,除法,加法,分數,體積,度量,TRUE,graph,times,minus,fraction,plus,measure,,,,
word-catalog-v1,CREATE_DRAFT,,,,,times,times,noun,B2,numbers-quantity,乘以,,,,taimz,,,,,,TRUE,乘法,減號,數字,百分比,加號,英畝,TRUE,percentage,digit,graph,acre,minus,mathematician,,,,
word-catalog-v1,CREATE_DRAFT,,,,,fraction,fraction,noun,B2,numbers-quantity,分數,,,,'frækʃәn,,,,,,TRUE,數字,部分,百分比,數學家,減號,度量,FALSE,,,,,,,,,,
word-catalog-v1,CREATE_DRAFT,,,,,percentage,percentage,noun,B2,numbers-quantity,百分比,,,,pә'sentidʒ,,,,,,TRUE,分數,部分,數學家,減號,乘以,加號,FALSE,,,,,,,,,,
word-catalog-v1,CREATE_DRAFT,,,,,equal sign,equal sign,noun,B2,numbers-quantity,等號,,,,ˈiː.kwəl ˌsaɪn,,,,,,TRUE,餅圖,條形圖,折線圖,冰點,沸點,土木工程,TRUE,bar chart,pie chart,line graph,live wire,civil engineering,freezing point,,,,
word-catalog-v1,CREATE_DRAFT,,,,,amount to,amount to,phrasal_verb,B2,numbers-quantity,總計,,,,,,,,,,TRUE,排名,評分,總結,槍殺,趕上,贈送,TRUE,rank,rate,see to,turn to,gun down,pick up,,,,
word-catalog-v1,CREATE_DRAFT,,,,,digit,digit,noun,B2,numbers-quantity,數字,,,,'didʒit,,,,,,TRUE,分數,數學家,圖表,英畝,減號,統計,FALSE,,,,,,,,,,
word-catalog-v1,CREATE_DRAFT,,,,,minus,minus,noun,B2,numbers-quantity,減號,,,,'mainәs,,,,,,TRUE,加號,數字,度量,圖表,英畝,統計,FALSE,,,,,,,,,,
word-catalog-v1,CREATE_DRAFT,,,,,plus,plus,noun,B2,numbers-quantity,加號,,,,plʌs,,,,,,TRUE,減號,加法,度量,圖表,英畝,百分比,FALSE,,,,,,,,,,
word-catalog-v1,CREATE_DRAFT,,,,,graph,graph,noun,B2,numbers-quantity,圖表,,,,ɡræf,,,,,,TRUE,加號,統計,度量,數學家,減號,扣除,FALSE,,,,,,,,,,
word-catalog-v1,CREATE_DRAFT,,,,,bar chart,bar chart,noun,B2,numbers-quantity,條形圖,,,,ˈbɑːr ˌtʃɑːrt,,,,,,TRUE,餅圖,折線圖,等號,帶電電線,土木工程,圖表,TRUE,pie chart,line graph,equal sign,live wire,boiling point,later on,,,,
word-catalog-v1,CREATE_DRAFT,,,,,pie chart,pie chart,noun,B2,numbers-quantity,餅圖,,,,pai tʃɑ:t,,,,,,TRUE,條形圖,折線圖,等號,冰點,帶電電線,稍後,TRUE,bar chart,line graph,equal sign,civil engineering,boiling point,time zone,,,,
word-catalog-v1,CREATE_DRAFT,,,,,line graph,line graph,noun,B2,numbers-quantity,折線圖,,,,ˈlaɪn ɡræf,,,,,,TRUE,餅圖,條形圖,等號,帶電電線,沸點,太陽系,TRUE,pie chart,bar chart,equal sign,graph,live wire,local time,,,,
word-catalog-v1,CREATE_DRAFT,,,,,mathematician,mathematician,noun,B2,numbers-quantity,數學家,,,,.mæθәmә'tiʃәn,,,,,,TRUE,數字,分數,英畝,統計,部分,百分比,TRUE,statistic,measure,acre,section,plus,graph,,,,
word-catalog-v1,CREATE_DRAFT,,,,,measure,measure,noun,B2,numbers-quantity,度量,,,,'meʒә,,,,,,TRUE,英畝,統計,數學家,部分,加號,乘法,TRUE,statistic,mathematician,acre,section,minus,fraction,,,,
word-catalog-v1,CREATE_DRAFT,,,,,acre,acre,noun,B2,numbers-quantity,英畝,,,,'eikә,,,,,,TRUE,度量,統計,部分,數學家,圖表,乘以,TRUE,measure,statistic,mathematician,section,digit,percentage,,,,
word-catalog-v1,CREATE_DRAFT,,,,,statistic,statistic,noun,B2,numbers-quantity,統計,,,,stә'tistik,,,,,,TRUE,英畝,度量,部分,數學家,集合,除法,FALSE,,,,,,,,,,
word-catalog-v1,CREATE_DRAFT,,,,,rank,rank,verb,B2,numbers-quantity,排名,,,,ræŋk,,,,,,FALSE,,,,,,,TRUE,rate,generate,activate,absorb,evolve,advance,,,,
word-catalog-v1,CREATE_DRAFT,,,,,rate,rate,verb,B2,numbers-quantity,評分,,,,reit,,,,,,FALSE,,,,,,,FALSE,,,,,,,,,,
word-catalog-v1,CREATE_DRAFT,,,,,massive,massive,adjective,B2,numbers-quantity,巨大的,,,,'mæsiv,,,,,,TRUE,多個的,眾多的,廣闊的,不透的,人工的,生物的,FALSE,,,,,,,,,,
word-catalog-v1,CREATE_DRAFT,,,,,multiple,multiple,adjective,B2,numbers-quantity,多個的,,,,'mʌltipl,,,,,,TRUE,眾多的,巨大的,廣闊的,不透的,即時的,日常的,TRUE,massive,numerous,vast,impervious,artificial,biological,,,,
word-catalog-v1,CREATE_DRAFT,,,,,numerous,numerous,adjective,B2,numbers-quantity,眾多的,,,,'nju:mәrәs,,,,,,TRUE,多個的,巨大的,廣闊的,不透的,每月的,每週的,TRUE,multiple,massive,vast,impervious,instant,day-to-day,,,,
word-catalog-v1,CREATE_DRAFT,,,,,vast,vast,adjective,B2,numbers-quantity,廣闊的,,,,vɑ:st,,,,,,TRUE,眾多的,多個的,巨大的,不透的,每年的,分析的,TRUE,numerous,multiple,massive,impervious,monthly,weekly,,,,
word-catalog-v1,CREATE_DRAFT,,,,,section,section,noun,B2,numbers-quantity,部分,,,,'sekʃәn,,,,,,TRUE,分數,百分比,統計,度量,數學家,體積,FALSE,,,,,,,,,,
word-catalog-v1,CREATE_DRAFT,,,,,accompany,accompany,verb,B2,actions-events,陪伴,,,,ә'kʌmpәni,,,,,,TRUE,接近,值得,參與,使擔心,打斷,依賴,TRUE,acquire,approach,concern,deserve,emerge,engage,,,,
word-catalog-v1,CREATE_DRAFT,,,,,acquire,acquire,verb,B2,actions-events,獲得,,,,ә'kwaiә,,,,,,TRUE,值得,陪伴,接近,參與,保留,揭示,FALSE,,,,,,,,,,
word-catalog-v1,CREATE_DRAFT,,,,,approach,approach,verb,B2,actions-events,接近,,,,ә'prәutʃ,,,,,,TRUE,陪伴,值得,使擔心,參與,尋找,塑造,FALSE,,,,,,,,,,
word-catalog-v1,CREATE_DRAFT,,,,,concern,concern,verb,B2,actions-events,使擔心,,,,kәn'sә:n,,,,,,FALSE,,,,,,,TRUE,accompany,approach,deserve,excuse,acquire,impress,,,,
word-catalog-v1,CREATE_DRAFT,,,,,deserve,deserve,verb,B2,actions-events,值得,,,,di'zә:v,,,,,,TRUE,獲得,接近,打斷,陪伴,依賴,保留,TRUE,concern,emerge,engage,interrupt,excuse,range,,,,
word-catalog-v1,CREATE_DRAFT,,,,,emerge,emerge,verb,B2,actions-events,出現,,,,i'mә:dʒ,,,,,,TRUE,重新出現,發現,值得,參與,打斷,原諒,FALSE,,,,,,,,,,
word-catalog-v1,CREATE_DRAFT,,,,,engage,engage,verb,B2,actions-events,參與,,,,in'geidʒ,,,,,,TRUE,揭示,移動,依賴,尋找,分開,打斷,TRUE,impress,rely,interrupt,retain,emerge,excuse,,,,
word-catalog-v1,CREATE_DRAFT,,,,,excuse,excuse,verb,B2,actions-events,原諒,,,,ik'skju:z,,,,,,TRUE,保留,塑造,範圍包括,揭示,移動,參與,FALSE,,,,,,,,,,
word-catalog-v1,CREATE_DRAFT,,,,,impress,impress,verb,B2,actions-events,給……留下深刻印象,,,,im'pres,,,,,,TRUE,保留,範圍包括,使擔心,使遭受,依賴,尋找,TRUE,range,reveal,rely,seek,interrupt,retain,,,,
word-catalog-v1,CREATE_DRAFT,,,,,interrupt,interrupt,verb,B2,actions-events,打斷,,,,.intә'rʌpt,,,,,,TRUE,分開,包圍,塑造,發誓,揭示,移動,TRUE,shape,impress,range,reveal,shift,rely,,,,
word-catalog-v1,CREATE_DRAFT,,,,,range,range,verb,B2,actions-events,範圍包括,,,,'reindʒ,,,,,,TRUE,包圍,使遭受,使擔心,打斷,依賴,分開,TRUE,seek,split,retain,shape,spot,reveal,,,,
word-catalog-v1,CREATE_DRAFT,,,,,rely,rely,verb,B2,actions-events,依賴,,,,ri'lai,,,,,,TRUE,尋找,追蹤,保留,塑造,發誓,轉移,TRUE,shift,subject,seek,split,surround,range,,,,
word-catalog-v1,CREATE_DRAFT,,,,,retain,retain,verb,B2,actions-events,保留,,,,ri'tein,,,,,,TRUE,保護,給……留下深刻印象,揭示,移動,轉變,尋找,FALSE,,,,,,,,,,
word-catalog-v1,CREATE_DRAFT,,,,,reveal,reveal,verb,B2,actions-events,揭示,,,,ri'vi:l,,,,,,TRUE,分開,包圍,追蹤,撕,敦促,塑造,TRUE,shape,spot,swear,shift,subject,tear,,,,
word-catalog-v1,CREATE_DRAFT,,,,,seek,seek,verb,B2,actions-events,尋找,,,,si:k,,,,,,TRUE,發誓,轉移,變化,移動,轉變,耳語,FALSE,,,,,,,,,,
word-catalog-v1,CREATE_DRAFT,,,,,shape,shape,verb,B2,actions-events,塑造,,,,ʃeip,,,,,,TRUE,分開,包圍,使遭受,追蹤,弄髒,發誓,TRUE,split,surround,spot,swear,transfer,seek,,,,
word-catalog-v1,CREATE_DRAFT,,,,,shift,shift,verb,B2,actions-events,移動,,,,ʃift,,,,,,TRUE,轉移,撕,敦促,變化,轉變,塑造,FALSE,,,,,,,,,,
word-catalog-v1,CREATE_DRAFT,,,,,split,split,verb,B2,actions-events,分開,,,,split,,,,,,TRUE,耳語,包圍,使遭受,追蹤,撕,移動,FALSE,,,,,,,,,,
word-catalog-v1,CREATE_DRAFT,,,,,spot,spot,verb,B2,actions-events,發現,,,,spɒt,,,,,,TRUE,發誓,出現,重新出現,敦促,弄髒,轉移,FALSE,,,,,,,,,,
word-catalog-v1,CREATE_DRAFT,,,,,subject,subject,verb,B2,actions-events,使遭受,,,,'sʌbdʒekt,,,,,,TRUE,使擔心,聽起來,睡過頭,變化,轉變,範圍包括,TRUE,tear,transform,surround,urge,swear,transfer,,,,
word-catalog-v1,CREATE_DRAFT,,,,,surround,surround,verb,B2,actions-events,包圍,,,,sә'raund,,,,,,TRUE,範圍包括,耳語,變,追蹤,撕,敦促,TRUE,subject,vary,tear,transform,whisper,urge,,,,
word-catalog-v1,CREATE_DRAFT,,,,,swear,swear,verb,B2,actions-events,發誓,,,,swєә,,,,,,TRUE,發現,弄髒,轉移,變化,包圍,轉變,TRUE,soil,transfer,vary,go,surround,tear,,,,
word-catalog-v1,CREATE_DRAFT,,,,,tear,tear,verb,B2,actions-events,撕,,,,tiә. tєә,,,,,,TRUE,變,耳語,發誓,追蹤,弄髒,聽起來,TRUE,transform,whisper,swear,urge,soil,go,,,,
word-catalog-v1,CREATE_DRAFT,,,,,track,track,verb,B2,actions-events,追蹤,,,,træk,,,,,,FALSE,,,,,,,TRUE,transfer,vary,oversleep,transform,whisper,soil,,,,
word-catalog-v1,CREATE_DRAFT,,,,,transfer,transfer,verb,B2,actions-events,轉移,,,,træns'fә:,,,,,,TRUE,轉變,移動,敦促,變化,變,睡過頭,TRUE,urge,resurface,vary,go,oversleep,transform,,,,
word-catalog-v1,CREATE_DRAFT,,,,,transform,transform,verb,B2,actions-events,轉變,,,,træns'fɒ:m,,,,,,TRUE,變,轉移,變化,耳語,敦促,弄髒,TRUE,whisper,transfer,urge,soil,concern,resurface,,,,
word-catalog-v1,CREATE_DRAFT,,,,,urge,urge,verb,B2,actions-events,敦促,,,,ә:dʒ,,,,,,TRUE,聽起來,耳語,睡過頭,弄髒,轉變,轉移,TRUE,vary,go,oversleep,whisper,concern,tear,,,,
word-catalog-v1,CREATE_DRAFT,,,,,vary,vary,verb,B2,actions-events,變化,,,,'vєәri,,,,,,TRUE,變,轉變,聽起來,敦促,耳語,重新出現,TRUE,soil,resurface,go,oversleep,whisper,subject,,,,
word-catalog-v1,CREATE_DRAFT,,,,,whisper,whisper,verb,B2,actions-events,耳語,,,,'hwispә,,,,,,TRUE,睡過頭,變化,弄髒,聽起來,變,涉及,TRUE,vary,soil,concern,resurface,go,preserve,,,,
word-catalog-v1,CREATE_DRAFT,,,,,soil,soil,verb,B2,actions-events,弄髒,,,,sɒil,,,,,,TRUE,睡過頭,聽起來,耳語,變化,撕,重新出現,FALSE,,,,,,,,,,
word-catalog-v1,CREATE_DRAFT,,,,,go,go,verb,B2,actions-events,變,,,,gou,,,,,,TRUE,變化,轉變,撕,弄髒,睡過頭,追蹤,TRUE,oversleep,concern,resurface,soil,sound,transform,,,,
word-catalog-v1,CREATE_DRAFT,,,,,sound,sound,verb,B2,actions-events,聽起來,,,,saund,,,,,,FALSE,,,,,,,TRUE,oversleep,preserve,go,concern,urge,transfer,,,,
word-catalog-v1,CREATE_DRAFT,,,,,concern,concern,verb,B2,actions-events,涉及,,,,kәn'sә:n,,,,,,FALSE,,,,,,,FALSE,,,,,,,,,,
word-catalog-v1,CREATE_DRAFT,,,,,oversleep,oversleep,verb,B2,actions-events,睡過頭,,,,.әuvә'sli:p,,,,,,TRUE,重新出現,聽起來,涉及,使遭受,變,保護,TRUE,resurface,preserve,concern,sound,whisper,swear,,,,
word-catalog-v1,CREATE_DRAFT,,,,,preserve,preserve,verb,B2,actions-events,保護,,,,pri'zә:v,,,,,,FALSE,,,,,,,FALSE,,,,,,,,,,
word-catalog-v1,CREATE_DRAFT,,,,,resurface,resurface,verb,B2,actions-events,重新出現,,,,riː'sɜːfɪs,,,,,,TRUE,出現,發現,睡過頭,聽起來,涉及,使遭受,TRUE,oversleep,preserve,go,vary,spot,track,,,,
word-catalog-v1,CREATE_DRAFT,,,,,aside,aside,adverb,B2,function-words,旁邊,,,,ә'said,,,,,,TRUE,顯然,大約,基本上,一貫地,不斷地,批判地,FALSE,,,,,,,,,,
word-catalog-v1,CREATE_DRAFT,,,,,apparently,apparently,adverb,B2,function-words,顯然,,,,ә'pærәntli,,,,,,TRUE,然而,旁邊,大約,基本上,故意地,一貫地,FALSE,,,,,,,,,,
word-catalog-v1,CREATE_DRAFT,,,,,approximately,approximately,adverb,B2,function-words,大約,,,,ә'prɒksimәtli,,,,,,TRUE,大膽地,大部分,顯然,不斷地,完全,旁邊,FALSE,,,,,,,,,,
word-catalog-v1,CREATE_DRAFT,,,,,basically,basically,adverb,B2,function-words,基本上,,,,'beisikli,,,,,,TRUE,字面上,總體上,批判地,故意地,一貫地,大膽地,TRUE,approximately,consistently,constantly,critically,daringly,apparently,,,,
word-catalog-v1,CREATE_DRAFT,,,,,consistently,consistently,adverb,B2,function-words,一貫地,始終如一地,,,kənˈsɪs.tənt.li,,,,,,TRUE,深深地,逐漸地,不斷地,無害地,批判地,故意地,TRUE,basically,constantly,deeply,approximately,critically,deliberately,,,,
word-catalog-v1,CREATE_DRAFT,,,,,constantly,constantly,adverb,B2,function-words,不斷地,持續地,,,'kɒnstәntli,,,,,,TRUE,不可避免地,深深地,絕望地,大膽地,逐漸地,無害地,TRUE,consistently,basically,daringly,disappointingly,deeply,elsewhere,,,,
word-catalog-v1,CREATE_DRAFT,,,,,critically,critically,adverb,B2,function-words,批判地,,,,'kritikәli,,,,,,TRUE,深深地,故意地,絕望地,不斷地,大膽地,一貫地,TRUE,deliberately,entirely,constantly,daringly,disappointingly,gradually,,,,
word-catalog-v1,CREATE_DRAFT,,,,,daringly,daringly,adverb,B2,function-words,大膽地,,,,ˈder.ɪŋ.li,,,,,,TRUE,深深地,大約,逐漸地,批判地,絕望地,大部分,TRUE,critically,deeply,elsewhere,harmlessly,deliberately,entirely,,,,
word-catalog-v1,CREATE_DRAFT,,,,,deeply,deeply,adverb,B2,function-words,深深地,,,,'di:pli,,,,,,TRUE,無害地,故意地,逐漸地,大膽地,部分地,精確地,TRUE,hopelessly,disappointingly,gradually,initially,elsewhere,harmlessly,,,,
word-catalog-v1,CREATE_DRAFT,,,,,deliberately,deliberately,adverb,B2,function-words,故意地,,,,di'libәrәtli,,,,,,TRUE,深深地,無害地,絕望地,相對地,批判地,部分地,TRUE,inevitably,entirely,hopelessly,largely,deeply,disappointingly,,,,
word-catalog-v1,CREATE_DRAFT,,,,,disappointingly,disappointingly,adverb,B2,function-words,令人失望地,,,,",disə'pɔintiŋli",,,,,,TRUE,絕望地,不可避免地,逐漸地,故意地,嚴格地,精確地,TRUE,gradually,initially,literally,deliberately,elsewhere,inevitably,,,,
word-catalog-v1,CREATE_DRAFT,,,,,elsewhere,elsewhere,adverb,B2,function-words,別處,,,,'elshwєә,,,,,,TRUE,完全,最初,偶爾,令人失望地,否則,然而,TRUE,harmlessly,nevertheless,entirely,hopelessly,largely,occasionally,,,,
word-catalog-v1,CREATE_DRAFT,,,,,entirely,entirely,adverb,B2,function-words,完全,,,,in'taiәli,,,,,,TRUE,別處,最初,字面上,偶爾,大部分,否則,TRUE,gradually,initially,literally,otherwise,harmlessly,nevertheless,,,,
word-catalog-v1,CREATE_DRAFT,,,,,gradually,gradually,adverb,B2,function-words,逐漸地,,,,'grædʒuәli,,,,,,TRUE,深深地,無害地,相對地,嚴格地,真誠地,精確地,TRUE,inevitably,overall,hopelessly,largely,occasionally,partly,,,,
word-catalog-v1,CREATE_DRAFT,,,,,harmlessly,harmlessly,adverb,B2,function-words,無害地,,,,ˈhɑːrm.ləs.li,,,,,,TRUE,深深地,逐漸地,絕望地,部分地,嚴格地,真誠地,TRUE,initially,literally,otherwise,precisely,inevitably,overall,,,,
word-catalog-v1,CREATE_DRAFT,,,,,hopelessly,hopelessly,adverb,B2,function-words,絕望地,,,,ˈhoʊp.ləs.li,,,,,,TRUE,令人失望地,無害地,相對地,深深地,逐漸地,廣泛地,TRUE,nevertheless,relatively,largely,occasionally,partly,strictly,,,,
word-catalog-v1,CREATE_DRAFT,,,,,initially,initially,adverb,B2,function-words,最初,,,,i'niʃәli,,,,,,TRUE,最終,有點,完全,然而,字面上,隨後,TRUE,literally,otherwise,precisely,somewhat,hopelessly,nevertheless,,,,
word-catalog-v1,CREATE_DRAFT,,,,,inevitably,inevitably,adverb,B2,function-words,不可避免地,,,,in'evitәbli,,,,,,TRUE,不斷地,令人失望地,部分地,精確地,相對地,嚴格地,TRUE,overall,relatively,subsequently,initially,largely,occasionally,,,,
word-catalog-v1,CREATE_DRAFT,,,,,largely,largely,adverb,B2,function-words,大部分,,,,'lɑ:dʒli,,,,,,TRUE,部分地,大約,大膽地,總體上,字面上,未成功,TRUE,partly,strictly,truly,inevitably,literally,otherwise,,,,
word-catalog-v1,CREATE_DRAFT,,,,,literally,literally,adverb,B2,function-words,字面上,,,,'litәrәli,,,,,,TRUE,總體上,基本上,大部分,偶爾,最初,不可避免地,TRUE,precisely,somewhat,ultimately,nevertheless,overall,relatively,,,,
word-catalog-v1,CREATE_DRAFT,,,,,nevertheless,nevertheless,adverb,B2,function-words,然而,,,,.nevәðә'les,,,,,,TRUE,顯然,否則,有點,隨後,偶爾,非常,FALSE,,,,,,,,,,
word-catalog-v1,CREATE_DRAFT,,,,,occasionally,occasionally,adverb,B2,function-words,偶爾,,,,ә'keiʒәnli,,,,,,TRUE,然而,否則,有點,隨後,總體上,最初,TRUE,subsequently,unsuccessfully,partly,strictly,truly,way,,,,
word-catalog-v1,CREATE_DRAFT,,,,,otherwise,otherwise,adverb,B2,function-words,否則,,,,'ʌðәwaiz,,,,,,TRUE,非常,有點,最終,偶爾,然而,總體上,TRUE,precisely,somewhat,ultimately,occasionally,subsequently,unsuccessfully,,,,
word-catalog-v1,CREATE_DRAFT,,,,,overall,overall,adverb,B2,function-words,總體上,,,,'әuvәrɒ:l,,,,,,FALSE,,,,,,,TRUE,relatively,widely,otherwise,partly,strictly,way,,,,
word-catalog-v1,CREATE_DRAFT,,,,,partly,partly,adverb,B2,function-words,部分地,,,,'pɑ:tli,,,,,,TRUE,大部分,真誠地,溫柔地,精確地,相對地,廣泛地,TRUE,truly,gently,overall,precisely,somewhat,alongside,,,,
word-catalog-v1,CREATE_DRAFT,,,,,precisely,precisely,adverb,B2,function-words,精確地,,,,pri'saisli,,,,,,TRUE,相應地,嚴格地,真誠地,溫柔地,部分地,相對地,TRUE,ultimately,relatively,subsequently,unsuccessfully,widely,accordingly,,,,
word-catalog-v1,CREATE_DRAFT,,,,,relatively,relatively,adverb,B2,function-words,相對地,,,,'relәtivli,,,,,,TRUE,相應地,廣泛地,精確地,嚴格地,真誠地,絕望地,TRUE,strictly,truly,way,gently,somewhat,ultimately,,,,
word-catalog-v1,CREATE_DRAFT,,,,,strictly,strictly,adverb,B2,function-words,嚴格地,,,,'striktli,,,,,,TRUE,溫柔地,廣泛地,相應地,真誠地,無害地,深深地,TRUE,alongside,subsequently,unsuccessfully,widely,truly,gently,,,,
word-catalog-v1,CREATE_DRAFT,,,,,somewhat,somewhat,adverb,B2,function-words,有點,,,,'sʌmhwɒt,,,,,,TRUE,隨後,非常,未成功,最終,否則,溫柔地,FALSE,,,,,,,,,,
word-catalog-v1,CREATE_DRAFT,,,,,subsequently,subsequently,adverb,B2,function-words,隨後,,,,'sʌbsikwәntli,,,,,,TRUE,有點,非常,未成功,最終,廣泛地,相應地,TRUE,accordingly,way,ultimately,alongside,unsuccessfully,somewhat,,,,
word-catalog-v1,CREATE_DRAFT,,,,,truly,truly,adverb,B2,function-words,真誠地,,,,'tru:li,,,,,,TRUE,溫柔地,廣泛地,相應地,嚴格地,逐漸地,故意地,TRUE,widely,accordingly,way,gently,subsequently,strictly,,,,
word-catalog-v1,CREATE_DRAFT,,,,,ultimately,ultimately,adverb,B2,function-words,最終,,,,'ʌltimәtli,,,,,,TRUE,最初,隨後,非常,未成功,有點,旁邊,FALSE,,,,,,,,,,
word-catalog-v1,CREATE_DRAFT,,,,,unsuccessfully,unsuccessfully,adverb,B2,function-words,未成功,,,,ˌʌn.səkˈses.fəl.i,,,,,,TRUE,溫柔地,真誠地,最終,非常,廣泛地,總體上,TRUE,alongside,widely,accordingly,ultimately,gently,precisely,,,,
word-catalog-v1,CREATE_DRAFT,,,,,way,way,adverb,B2,function-words,非常,,,,wei,,,,,,TRUE,未成功,隨後,最終,旁邊,相應地,真誠地,FALSE,,,,,,,,,,
word-catalog-v1,CREATE_DRAFT,,,,,a tad,a tad,adverb,B2,function-words,有點,,,,,,,,,,TRUE,非常,未成功,隨後,廣泛地,相對地,偶爾,FALSE,,,,,,,,,,
word-catalog-v1,CREATE_DRAFT,,,,,widely,widely,adverb,B2,function-words,廣泛地,,,,'waidli,,,,,,TRUE,溫柔地,相應地,精確地,真誠地,逐漸地,一貫地,TRUE,alongside,accordingly,gently,way,truly,relatively,,,,
word-catalog-v1,CREATE_DRAFT,,,,,gently,gently,adverb,B2,function-words,溫柔地,,,,'dʒentli,,,,,,TRUE,相應地,廣泛地,嚴格地,部分地,無害地,批判地,TRUE,widely,alongside,accordingly,unsuccessfully,strictly,partly,,,,
word-catalog-v1,CREATE_DRAFT,,,,,alongside,alongside,adverb,B2,function-words,旁邊,,,,əlɒŋ'saɪd,,,,,,TRUE,非常,溫柔地,最終,有點,字面上,別處,FALSE,,,,,,,,,,
word-catalog-v1,CREATE_DRAFT,,,,,accordingly,accordingly,adverb,B2,function-words,相應地,因此,,,ә'kɒ:diŋli,,,,,,TRUE,相對地,溫柔地,廣泛地,嚴格地,絕望地,深深地,FALSE,,,,,,,,,,
word-catalog-v1,CREATE_DRAFT,,,,,beyond,beyond,preposition,B2,function-words,更遠,,,,bi'jɒnd,,,,,,TRUE,之後,低於,橫過,靠近,直到,通過,TRUE,before,after,below,above,across,near,,,,
word-catalog-v1,CREATE_DRAFT,,,,,absolute,absolute,adjective,B2,descriptions-qualities,絕對的,,,,'æbsәlu:t,,,,,,TRUE,準確的,實際的,額外的,提前的,盲的,明顯的,TRUE,accurate,actual,additional,apparent,appropriate,blind,,,,
word-catalog-v1,CREATE_DRAFT,,,,,accurate,accurate,adjective,B2,descriptions-qualities,準確的,精確的,,,'ækjurәt,,,,,,TRUE,絕對的,實際的,額外的,適當的,寬的,提前的,TRUE,absolute,actual,additional,apparent,broad,capable,,,,
word-catalog-v1,CREATE_DRAFT,,,,,actual,actual,adjective,B2,descriptions-qualities,實際的,,,,'æktʃuәl,,,,,,TRUE,準確的,絕對的,盲的,明顯的,短暫的,適當的,TRUE,accurate,additional,appropriate,absolute,characteristic,broad,,,,
word-catalog-v1,CREATE_DRAFT,,,,,additional,additional,adjective,B2,descriptions-qualities,額外的,,,,ә'diʃәnәl,,,,,,TRUE,寬的,實際的,提前的,盲的,短暫的,特徵的,FALSE,,,,,,,,,,
word-catalog-v1,CREATE_DRAFT,,,,,advance,advance,adjective,B2,descriptions-qualities,提前的,,,,әd'vɑ:ns,,,,,,FALSE,,,,,,,TRUE,blind,apparent,actual,chief,capable,complicated,,,,
word-catalog-v1,CREATE_DRAFT,,,,,apparent,apparent,adjective,B2,descriptions-qualities,明顯的,,,,ә'pærәnt,,,,,,TRUE,適當的,主要的,寬的,額外的,盲的,複雜的,FALSE,,,,,,,,,,
word-catalog-v1,CREATE_DRAFT,,,,,appropriate,appropriate,adjective,B2,descriptions-qualities,適當的,,,,ә'prәupriәt,,,,,,TRUE,明顯的,短暫的,特徵的,擔心的,主要的,寬的,TRUE,blind,characteristic,concerned,broad,chief,confusing,,,,
word-catalog-v1,CREATE_DRAFT,,,,,blind,blind,adjective,B2,descriptions-qualities,盲的,,,,blaind,,,,,,TRUE,寬的,複雜的,適當的,短暫的,特徵的,持續的,TRUE,appropriate,capable,complicated,conscious,characteristic,concerned,,,,
word-catalog-v1,CREATE_DRAFT,,,,,brief,brief,adjective,B2,descriptions-qualities,短暫的,,,,bri:f,,,,,,FALSE,,,,,,,TRUE,constant,blind,broad,chief,corporate,appropriate,,,,
word-catalog-v1,CREATE_DRAFT,,,,,broad,broad,adjective,B2,descriptions-qualities,寬的,,,,brɒ:d,,,,,,TRUE,盲的,擔心的,主要的,企業的,複雜的,關鍵的,FALSE,,,,,,,,,,
word-catalog-v1,CREATE_DRAFT,,,,,capable,capable,adjective,B2,descriptions-qualities,有能力的,,,,'keipәbl,,,,,,TRUE,有意識的,特徵的,擔心的,持續的,故意的,主要的,TRUE,confusing,complicated,conscious,crucial,characteristic,constant,,,,
word-catalog-v1,CREATE_DRAFT,,,,,characteristic,characteristic,adjective,B2,descriptions-qualities,特徵的,,,,.kærәktә'ristik,,,,,,TRUE,企業的,詳細的,複雜的,關鍵的,向下的,持續的,TRUE,concerned,deliberate,capable,chief,confusing,corporate,,,,
word-catalog-v1,CREATE_DRAFT,,,,,chief,chief,adjective,B2,descriptions-qualities,主要的,,,,tʃi:f,,,,,,TRUE,次要的,擔心的,故意的,高效的,企業的,詳細的,FALSE,,,,,,,,,,
word-catalog-v1,CREATE_DRAFT,,,,,complicated,complicated,adjective,B2,descriptions-qualities,複雜的,,,,'kɒmplikeitid,,,,,,TRUE,關鍵的,向下的,主要的,擔心的,持續的,高效的,FALSE,,,,,,,,,,
word-catalog-v1,CREATE_DRAFT,,,,,concerned,concerned,adjective,B2,descriptions-qualities,擔心的,,,,kәn'sә:nd,,,,,,TRUE,故意的,均勻的,複雜的,企業的,詳細的,執行的,FALSE,,,,,,,,,,
word-catalog-v1,CREATE_DRAFT,,,,,confusing,confusing,adjective,B2,descriptions-qualities,令人困惑的,,,,kənˈfjuː.zɪŋ,,,,,,TRUE,有意識的,有能力的,關鍵的,向下的,非凡的,持續的,TRUE,detailed,conscious,crucial,downward,constant,deliberate,,,,
word-catalog-v1,CREATE_DRAFT,,,,,conscious,conscious,adjective,B2,descriptions-qualities,有意識的,,,,'kɒnʃәs,,,,,,TRUE,無意識的,故意的,有能力的,高效的,均勻的,靈活的,TRUE,efficient,corporate,detailed,entire,crucial,downward,,,,
word-catalog-v1,CREATE_DRAFT,,,,,constant,constant,adjective,B2,descriptions-qualities,持續的,,,,'kɒnstәnt,,,,,,TRUE,企業的,詳細的,執行的,關鍵的,非凡的,高效的,TRUE,ethical,deliberate,efficient,even,conscious,corporate,,,,
word-catalog-v1,CREATE_DRAFT,,,,,corporate,corporate,adjective,B2,descriptions-qualities,企業的,,,,'kɒ:pәrit,,,,,,TRUE,向下的,故意的,均勻的,靈活的,所謂的,詳細的,TRUE,detailed,entire,executive,constant,crucial,ethical,,,,
word-catalog-v1,CREATE_DRAFT,,,,,crucial,crucial,adjective,B2,descriptions-qualities,關鍵的,,,,'kru:ʃәl,,,,,,TRUE,執行的,整潔的,向下的,非凡的,企業的,故意的,TRUE,downward,extraordinary,deliberate,efficient,even,flexible,,,,
word-catalog-v1,CREATE_DRAFT,,,,,deliberate,deliberate,adjective,B2,descriptions-qualities,故意的,,,,di'libәrәt,,,,,,TRUE,有意識的,無意識的,奇怪的,高效的,均勻的,所謂的,TRUE,detailed,entire,executive,folding,downward,extraordinary,,,,
word-catalog-v1,CREATE_DRAFT,,,,,detailed,detailed,adjective,B2,descriptions-qualities,詳細的,,,,'di:teild,,,,,,TRUE,靈活的,表面的,執行的,整潔的,向下的,奇怪的,FALSE,,,,,,,,,,
word-catalog-v1,CREATE_DRAFT,,,,,downward,downward,adjective,B2,descriptions-qualities,向下的,,,,'daunwәd,,,,,,TRUE,非凡的,詳細的,高效的,前面的,均勻的,靈活的,TRUE,ethical,efficient,even,flexible,so-called,entire,,,,
word-catalog-v1,CREATE_DRAFT,,,,,efficient,efficient,adjective,B2,descriptions-qualities,高效的,,,,i'fiʃәnt,,,,,,TRUE,所謂的,表面的,基本的,執行的,整潔的,宏偉的,TRUE,executive,folding,neat,ethical,extraordinary,bizarre,,,,
word-catalog-v1,CREATE_DRAFT,,,,,entire,entire,adjective,B2,descriptions-qualities,整個,,,,in'taiә,,,,,,TRUE,整潔的,整體的,可摺疊的,非凡的,奇怪的,前面的,FALSE,,,,,,,,,,
word-catalog-v1,CREATE_DRAFT,,,,,ethical,ethical,adjective,B2,descriptions-qualities,道德的,,,,'eθikәl,,,,,,TRUE,均勻的,滑稽的,靈活的,所謂的,表面的,基本的,FALSE,,,,,,,,,,
word-catalog-v1,CREATE_DRAFT,,,,,even,even,adjective,B2,descriptions-qualities,均勻的,,,,'i:vәn,,,,,,TRUE,執行的,可敬的,宏偉的,非凡的,幽默的,奇怪的,TRUE,flexible,so-called,executive,folding,neat,forward,,,,
word-catalog-v1,CREATE_DRAFT,,,,,executive,executive,adjective,B2,descriptions-qualities,執行的,,,,ig'zekjutiv,,,,,,TRUE,前面的,滑稽的,靈活的,所謂的,可敬的,初始的,TRUE,even,extraordinary,bizarre,flexible,so-called,fundamental,,,,
word-catalog-v1,CREATE_DRAFT,,,,,extraordinary,extraordinary,adjective,B2,descriptions-qualities,非凡的,,,,ik'strɒ:dәnәri,,,,,,TRUE,表面的,基本的,整潔的,幽默的,內部的,奇怪的,TRUE,folding,neat,grand,bizarre,forward,hilarious,,,,
word-catalog-v1,CREATE_DRAFT,,,,,flexible,flexible,adjective,B2,descriptions-qualities,靈活的,,,,'fleksәbl,,,,,,TRUE,宏偉的,前面的,滑稽的,所謂的,表面的,非凡的,TRUE,so-called,fundamental,honorable,extraordinary,folding,neat,,,,
word-catalog-v1,CREATE_DRAFT,,,,,folding,folding,adjective,B2,descriptions-qualities,可摺疊的,,,,'fәuldiŋ,,,,,,TRUE,可敬的,基本的,初始的,強烈的,整潔的,宏偉的,TRUE,grand,humorous,flexible,bizarre,forward,impressed,,,,
word-catalog-v1,CREATE_DRAFT,,,,,former,former,noun,B2,descriptions-qualities,前者,,,,'fɒ:mә,,,,,,TRUE,角度,曲線,栗色,咖啡,立方體,五邊形,TRUE,angle,curve,pyramid,maroon,cube,rectangle,,,,
word-catalog-v1,CREATE_DRAFT,,,,,so-called,so-called,adjective,B2,descriptions-qualities,所謂的,,,,ˈsoʊˌkɑːld,,,,,,TRUE,幽默的,內部的,奇怪的,前面的,滑稽的,字面的,TRUE,hilarious,superficial,fundamental,honorable,initial,neat,,,,
word-catalog-v1,CREATE_DRAFT,,,,,neat,neat,adjective,B2,descriptions-qualities,整潔的,,,,ni:t,,,,,,TRUE,整體的,整個,表面的,基本的,可敬的,初始的,TRUE,grand,humorous,inner,so-called,bizarre,hilarious,,,,
word-catalog-v1,CREATE_DRAFT,,,,,bizarre,bizarre,adjective,B2,descriptions-qualities,奇怪的,,,,bi'zɑ:,,,,,,TRUE,強烈的,宏偉的,幽默的,內部的,物質的,前面的,FALSE,,,,,,,,,,
word-catalog-v1,CREATE_DRAFT,,,,,superficial,superficial,adjective,B2,descriptions-qualities,表面的,,,,.sju:pә'fiʃәl,,,,,,FALSE,,,,,,,TRUE,forward,impressed,intended,fundamental,honorable,initial,,,,
word-catalog-v1,CREATE_DRAFT,,,,,out of sight,out of sight,adjective,B2,descriptions-qualities,看不見的,,,,,,,,,,TRUE,可摺疊的,滑稽的,字面的,基本的,可敬的,初始的,TRUE,intense,grand,humorous,inner,internal,superficial,,,,
word-catalog-v1,CREATE_DRAFT,,,,,forward,forward,adjective,B2,descriptions-qualities,前面的,,,,'fɒ:wәd,,,,,,TRUE,字面的,表面的,上面的,提前的,強烈的,宏偉的,TRUE,hilarious,impressed,intended,literal,fundamental,intense,,,,
word-catalog-v1,CREATE_DRAFT,,,,,fundamental,fundamental,adjective,B2,descriptions-qualities,基本的,,,,.fʌndә'mentәl,,,,,,TRUE,混合的,幽默的,內部的,物質的,滑稽的,次要的,FALSE,,,,,,,,,,
word-catalog-v1,CREATE_DRAFT,,,,,grand,grand,adjective,B2,descriptions-qualities,宏偉的,,,,grænd,,,,,,TRUE,可敬的,潛在的,初始的,強烈的,混合的,幽默的,TRUE,honorable,initial,mass,humorous,inner,internal,,,,
word-catalog-v1,CREATE_DRAFT,,,,,hilarious,hilarious,adjective,B2,descriptions-qualities,滑稽的,,,,hi'lєәriәs,,,,,,TRUE,內部的,物質的,字面的,次要的,宏偉的,可敬的,TRUE,material,impressed,intended,literal,minor,grand,,,,
word-catalog-v1,CREATE_DRAFT,,,,,honorable,honorable,adjective,B2,descriptions-qualities,可敬的,,,,'ɒnәrәbl,,,,,,TRUE,可摺疊的,潛在的,純淨的,初始的,強烈的,粘的,TRUE,initial,intense,mass,mixed,hilarious,humorous,,,,
word-catalog-v1,CREATE_DRAFT,,,,,humorous,humorous,adjective,B2,descriptions-qualities,幽默的,,,,'hju:mәrәs,,,,,,TRUE,混合的,快速的,內部的,物質的,整體的,硬的,TRUE,inner,internal,material,honorable,impressed,intended,,,,
word-catalog-v1,CREATE_DRAFT,,,,,impressed,impressed,adjective,B2,descriptions-qualities,印象深刻的,,,,ɪmˈpres,,,,,,TRUE,大規模的,字面的,次要的,潛在的,幽默的,初始的,TRUE,literal,minor,potential,initial,intense,mass,,,,
word-catalog-v1,CREATE_DRAFT,,,,,initial,initial,adjective,B2,descriptions-qualities,初始的,,,,i'niʃәl,,,,,,TRUE,純淨的,常規的,強烈的,混合的,粘的,內部的,TRUE,mixed,prime,inner,internal,material,principal,,,,
word-catalog-v1,CREATE_DRAFT,,,,,inner,inner,adjective,B2,descriptions-qualities,內部的,,,,'inә,,,,,,TRUE,快速的,震驚的,物質的,整體的,預期的,字面的,FALSE,,,,,,,,,,
word-catalog-v1,CREATE_DRAFT,,,,,intended,intended,adjective,B2,descriptions-qualities,預期的,,,,in'tendid,,,,,,TRUE,硬的,輕微的,次要的,潛在的,純淨的,強烈的,FALSE,,,,,,,,,,
word-catalog-v1,CREATE_DRAFT,,,,,intense,intense,adjective,B2,descriptions-qualities,強烈的,,,,in'tens,,,,,,TRUE,常規的,混合的,粘的,快速的,震驚的,物質的,TRUE,literal,minor,potential,pure,mixed,prime,,,,
word-catalog-v1,CREATE_DRAFT,,,,,internal,internal,adjective,B2,descriptions-qualities,內部的,,,,in'tә:nәl,,,,,,TRUE,整體的,硬的,字面的,輕微的,次要的,常規的,FALSE,,,,,,,,,,
word-catalog-v1,CREATE_DRAFT,,,,,literal,literal,adjective,B2,descriptions-qualities,字面的,,,,'litәrәl,,,,,,TRUE,上面的,前面的,表面的,潛在的,純淨的,大規模的,TRUE,mass,rapid,material,principal,representative,minor,,,,
word-catalog-v1,CREATE_DRAFT,,,,,mass,mass,adjective,B2,descriptions-qualities,大規模的,,,,mæs,,,,,,TRUE,常規的,代表性的,混合的,快速的,整體的,輕微的,TRUE,potential,pure,routine,mixed,rapid,shocked,,,,
word-catalog-v1,CREATE_DRAFT,,,,,material,material,adjective,B2,descriptions-qualities,物質的,,,,mә'tiәriәl,,,,,,TRUE,粘的,震驚的,硬的,次要的,潛在的,混合的,TRUE,prime,principal,representative,slight,mass,potential,,,,
word-catalog-v1,CREATE_DRAFT,,,,,minor,minor,adjective,B2,descriptions-qualities,次要的,,,,'mainә,,,,,,TRUE,主要的,至關重要的,純淨的,物質的,粘的,快速的,FALSE,,,,,,,,,,
word-catalog-v1,CREATE_DRAFT,,,,,mixed,mixed,adjective,B2,descriptions-qualities,混合的,,,,mikst,,,,,,TRUE,震驚的,整體的,硬的,輕微的,潛在的,上面的,TRUE,pure,routine,sticky,prime,rapid,stiff,,,,
word-catalog-v1,CREATE_DRAFT,,,,,overall,overall,adjective,B2,descriptions-qualities,整體的,,,,'әuvәrɒ:l,,,,,,FALSE,,,,,,,TRUE,shocked,principal,representative,slight,unconscious,mixed,,,,
word-catalog-v1,CREATE_DRAFT,,,,,potential,potential,adjective,B2,descriptions-qualities,潛在的,,,,pә'tenʃәl,,,,,,TRUE,純淨的,常規的,粘的,主要的,震驚的,硬的,TRUE,pure,routine,sticky,upper,shocked,principal,,,,
word-catalog-v1,CREATE_DRAFT,,,,,prime,prime,adjective,B2,descriptions-qualities,主要的,,,,praim,,,,,,TRUE,次要的,至關重要的,快速的,輕微的,純淨的,常規的,FALSE,,,,,,,,,,
word-catalog-v1,CREATE_DRAFT,,,,,principal,principal,adjective,B2,descriptions-qualities,主要的,,,,'prinsipәl,,,,,,TRUE,次要的,至關重要的,粘的,上面的,快速的,震驚的,FALSE,,,,,,,,,,
word-catalog-v1,CREATE_DRAFT,,,,,pure,pure,adjective,B2,descriptions-qualities,純淨的,,,,pjuә,,,,,,TRUE,硬的,代表性的,輕微的,常規的,粘的,上面的,TRUE,rapid,stiff,representative,slight,unconscious,vital,,,,
word-catalog-v1,CREATE_DRAFT,,,,,rapid,rapid,adjective,B2,descriptions-qualities,快速的,,,,'ræpid,,,,,,TRUE,震驚的,硬的,純淨的,代表性的,輕微的,混合的,TRUE,routine,sticky,upper,willing,stiff,representative,,,,
word-catalog-v1,CREATE_DRAFT,,,,,representative,representative,adjective,B2,descriptions-qualities,代表性的,,,,.repri'zentәtiv,,,,,,TRUE,表面的,無意識的,大規模的,快速的,常規的,上面的,TRUE,shocked,slight,unconscious,vital,routine,sticky,,,,
word-catalog-v1,CREATE_DRAFT,,,,,routine,routine,adjective,B2,descriptions-qualities,常規的,,,,ru:'ti:n,,,,,,TRUE,大規模的,粘的,震驚的,硬的,輕微的,快速的,TRUE,upper,willing,shocked,stiff,rapid,slight,,,,
word-catalog-v1,CREATE_DRAFT,,,,,shocked,shocked,adjective,B2,descriptions-qualities,震驚的,,,,ʃɔkt,,,,,,TRUE,粘的,上面的,硬的,主要的,無意識的,潛在的,TRUE,unconscious,vital,sticky,upper,willing,pure,,,,
word-catalog-v1,CREATE_DRAFT,,,,,slight,slight,adjective,B2,descriptions-qualities,輕微的,,,,slait,,,,,,TRUE,震驚的,粘的,上面的,常規的,無意識的,整體的,TRUE,stiff,unconscious,vital,shocked,upper,prime,,,,
word-catalog-v1,CREATE_DRAFT,,,,,sticky,sticky,adjective,B2,descriptions-qualities,粘的,,,,'stiki,,,,,,TRUE,硬的,輕微的,上面的,純淨的,主要的,快速的,TRUE,willing,slight,stiff,unconscious,routine,pure,,,,
word-catalog-v1,CREATE_DRAFT,,,,,stiff,stiff,adjective,B2,descriptions-qualities,硬的,,,,stif,,,,,,TRUE,粘的,輕微的,上面的,震驚的,純淨的,物質的,TRUE,sticky,vital,upper,slight,representative,potential,,,,
word-catalog-v1,CREATE_DRAFT,,,,,unconscious,unconscious,adjective,B2,descriptions-qualities,無意識的,,,,.ʌn'kɒnʃәs,,,,,,TRUE,有意識的,故意的,願意,代表性的,至關重要的,上面的,TRUE,willing,vital,stiff,upper,principal,potential,,,,
word-catalog-v1,CREATE_DRAFT,,,,,upper,upper,adjective,B2,descriptions-qualities,上面的,,,,'ʌpә,,,,,,TRUE,字面的,前面的,表面的,硬的,無意識的,粘的,TRUE,willing,unconscious,vital,stiff,minor,overall,,,,
word-catalog-v1,CREATE_DRAFT,,,,,very,very,adverb,B2,descriptions-qualities,正是,,,,'veri,,,,,,TRUE,完全,別處,旁邊,否則,然而,隨後,TRUE,aside,consistently,basically,approximately,apparently,daringly,,,,
word-catalog-v1,CREATE_DRAFT,,,,,vital,vital,adjective,B2,descriptions-qualities,至關重要的,,,,'vaitl,,,,,,TRUE,主要的,次要的,關鍵的,無意識的,代表性的,印象深刻的,TRUE,willing,upper,sticky,shocked,prime,material,,,,
word-catalog-v1,CREATE_DRAFT,,,,,willing,willing,adjective,B2,descriptions-qualities,願意,,,,'wiliŋ,,,,,,TRUE,無意識的,故意的,有意識的,至關重要的,常規的,輕微的,TRUE,vital,unconscious,rapid,upper,routine,principal,,,,
